ISO-10303-21;
HEADER;
/* Generated by software containing ST-Developer
 * from STEP Tools, Inc. (www.steptools.com) 
 */

FILE_DESCRIPTION(
/* description */ (''),
/* implementation_level */ '2;1');

FILE_NAME(
/* name */ 'Improved frame.step',
/* time_stamp */ '2026-07-06T01:07:58Z',
/* author */ (''),
/* organization */ (''),
/* preprocessor_version */ 'ST-DEVELOPER v20.1',
/* originating_system */ 'Autodesk Translation Framework v15.8.0.0',
/* authorisation */ '');

FILE_SCHEMA (('AUTOMOTIVE_DESIGN { 1 0 10303 214 3 1 1 }'));
ENDSEC;

DATA;
#10=MECHANICAL_DESIGN_GEOMETRIC_PRESENTATION_REPRESENTATION('',(#13),#6096);
#11=SHAPE_REPRESENTATION_RELATIONSHIP('SRR','None',#6103,#12);
#12=ADVANCED_BREP_SHAPE_REPRESENTATION('',(#14),#6095);
#13=STYLED_ITEM('',(#6113),#14);
#14=MANIFOLD_SOLID_BREP('Body1',#3748);
#15=ELLIPSE('',#3936,0.141421356237379,0.100000000000049);
#16=ELLIPSE('',#3938,0.1414213562373,0.0999999999999903);
#17=ELLIPSE('',#3941,0.141421356237363,0.100000000000043);
#18=ELLIPSE('',#3943,0.141421356237296,0.0999999999999872);
#19=ELLIPSE('',#3946,0.141421356237275,0.099999999999976);
#20=ELLIPSE('',#3949,0.141421356237323,0.100000000000007);
#21=FACE_BOUND('',#410,.T.);
#22=FACE_BOUND('',#411,.T.);
#23=FACE_BOUND('',#412,.T.);
#24=FACE_BOUND('',#413,.T.);
#25=FACE_BOUND('',#414,.T.);
#26=FACE_BOUND('',#415,.T.);
#27=FACE_BOUND('',#416,.T.);
#28=FACE_BOUND('',#417,.T.);
#29=FACE_BOUND('',#418,.T.);
#30=FACE_BOUND('',#419,.T.);
#31=FACE_BOUND('',#420,.T.);
#32=FACE_BOUND('',#421,.T.);
#33=FACE_BOUND('',#422,.T.);
#34=FACE_BOUND('',#423,.T.);
#35=FACE_BOUND('',#424,.T.);
#36=FACE_BOUND('',#425,.T.);
#37=FACE_BOUND('',#427,.T.);
#38=FACE_BOUND('',#428,.T.);
#39=FACE_BOUND('',#430,.T.);
#40=FACE_BOUND('',#432,.T.);
#41=FACE_BOUND('',#434,.T.);
#42=FACE_BOUND('',#435,.T.);
#43=FACE_BOUND('',#437,.T.);
#44=FACE_BOUND('',#441,.T.);
#45=FACE_BOUND('',#445,.T.);
#46=FACE_BOUND('',#446,.T.);
#47=FACE_BOUND('',#447,.T.);
#48=FACE_BOUND('',#448,.T.);
#49=FACE_BOUND('',#449,.T.);
#50=FACE_BOUND('',#450,.T.);
#51=FACE_BOUND('',#451,.T.);
#52=FACE_BOUND('',#452,.T.);
#53=FACE_BOUND('',#453,.T.);
#54=FACE_BOUND('',#454,.T.);
#55=FACE_BOUND('',#455,.T.);
#56=FACE_BOUND('',#456,.T.);
#57=FACE_BOUND('',#457,.T.);
#58=FACE_BOUND('',#458,.T.);
#59=FACE_BOUND('',#459,.T.);
#60=FACE_BOUND('',#460,.T.);
#61=FACE_BOUND('',#461,.T.);
#62=FACE_BOUND('',#462,.T.);
#63=FACE_BOUND('',#463,.T.);
#64=FACE_BOUND('',#464,.T.);
#65=FACE_BOUND('',#465,.T.);
#66=FACE_BOUND('',#466,.T.);
#67=FACE_BOUND('',#467,.T.);
#68=FACE_BOUND('',#468,.T.);
#69=FACE_BOUND('',#469,.T.);
#70=FACE_BOUND('',#470,.T.);
#71=FACE_BOUND('',#504,.T.);
#72=FACE_BOUND('',#508,.T.);
#73=FACE_BOUND('',#510,.T.);
#74=FACE_BOUND('',#514,.T.);
#75=FACE_BOUND('',#585,.T.);
#76=FACE_BOUND('',#586,.T.);
#77=PLANE('',#3828);
#78=PLANE('',#3840);
#79=PLANE('',#3842);
#80=PLANE('',#3845);
#81=PLANE('',#3846);
#82=PLANE('',#3848);
#83=PLANE('',#3849);
#84=PLANE('',#3850);
#85=PLANE('',#3851);
#86=PLANE('',#3852);
#87=PLANE('',#3853);
#88=PLANE('',#3854);
#89=PLANE('',#3871);
#90=PLANE('',#3872);
#91=PLANE('',#3873);
#92=PLANE('',#3877);
#93=PLANE('',#3880);
#94=PLANE('',#3881);
#95=PLANE('',#3882);
#96=PLANE('',#3883);
#97=PLANE('',#3884);
#98=PLANE('',#3885);
#99=PLANE('',#3886);
#100=PLANE('',#3889);
#101=PLANE('',#3891);
#102=PLANE('',#3892);
#103=PLANE('',#3893);
#104=PLANE('',#3894);
#105=PLANE('',#3896);
#106=PLANE('',#3897);
#107=PLANE('',#3899);
#108=PLANE('',#3905);
#109=PLANE('',#3908);
#110=PLANE('',#3911);
#111=PLANE('',#3916);
#112=PLANE('',#3919);
#113=PLANE('',#3921);
#114=PLANE('',#3922);
#115=PLANE('',#3923);
#116=PLANE('',#3924);
#117=PLANE('',#3925);
#118=PLANE('',#3926);
#119=PLANE('',#3927);
#120=PLANE('',#3928);
#121=PLANE('',#3929);
#122=PLANE('',#3930);
#123=PLANE('',#3931);
#124=PLANE('',#3932);
#125=PLANE('',#3933);
#126=PLANE('',#3934);
#127=PLANE('',#3951);
#128=PLANE('',#3952);
#129=PLANE('',#3953);
#130=PLANE('',#3954);
#131=PLANE('',#3955);
#132=PLANE('',#3956);
#133=PLANE('',#3957);
#134=PLANE('',#3958);
#135=PLANE('',#3959);
#136=PLANE('',#3960);
#137=PLANE('',#3961);
#138=PLANE('',#3962);
#139=PLANE('',#3963);
#140=PLANE('',#3964);
#141=PLANE('',#3965);
#142=PLANE('',#3966);
#143=PLANE('',#3967);
#144=PLANE('',#3968);
#145=PLANE('',#3969);
#146=PLANE('',#3970);
#147=PLANE('',#3971);
#148=PLANE('',#3972);
#149=PLANE('',#3973);
#150=PLANE('',#3974);
#151=PLANE('',#3975);
#152=PLANE('',#3976);
#153=PLANE('',#3979);
#154=PLANE('',#3980);
#155=PLANE('',#3982);
#156=PLANE('',#3984);
#157=PLANE('',#3985);
#158=PLANE('',#3986);
#159=PLANE('',#3987);
#160=PLANE('',#3988);
#161=PLANE('',#3989);
#162=PLANE('',#3990);
#163=PLANE('',#3991);
#164=PLANE('',#3992);
#165=PLANE('',#3993);
#166=PLANE('',#3994);
#167=PLANE('',#3995);
#168=PLANE('',#3996);
#169=PLANE('',#3997);
#170=PLANE('',#4000);
#171=PLANE('',#4002);
#172=PLANE('',#4003);
#173=PLANE('',#4004);
#174=PLANE('',#4005);
#175=PLANE('',#4006);
#176=PLANE('',#4007);
#177=PLANE('',#4008);
#178=PLANE('',#4009);
#179=PLANE('',#4010);
#180=PLANE('',#4011);
#181=PLANE('',#4012);
#182=PLANE('',#4013);
#183=PLANE('',#4015);
#184=PLANE('',#4016);
#185=PLANE('',#4017);
#186=PLANE('',#4018);
#187=PLANE('',#4019);
#188=PLANE('',#4020);
#189=PLANE('',#4021);
#190=PLANE('',#4022);
#191=PLANE('',#4023);
#192=PLANE('',#4024);
#193=PLANE('',#4025);
#194=PLANE('',#4026);
#195=PLANE('',#4027);
#196=PLANE('',#4028);
#197=PLANE('',#4029);
#198=PLANE('',#4030);
#199=PLANE('',#4031);
#200=PLANE('',#4032);
#201=PLANE('',#4033);
#202=PLANE('',#4034);
#203=PLANE('',#4036);
#204=PLANE('',#4038);
#205=PLANE('',#4039);
#206=FACE_OUTER_BOUND('',#387,.T.);
#207=FACE_OUTER_BOUND('',#388,.T.);
#208=FACE_OUTER_BOUND('',#389,.T.);
#209=FACE_OUTER_BOUND('',#390,.T.);
#210=FACE_OUTER_BOUND('',#391,.T.);
#211=FACE_OUTER_BOUND('',#392,.T.);
#212=FACE_OUTER_BOUND('',#393,.T.);
#213=FACE_OUTER_BOUND('',#394,.T.);
#214=FACE_OUTER_BOUND('',#395,.T.);
#215=FACE_OUTER_BOUND('',#396,.T.);
#216=FACE_OUTER_BOUND('',#397,.T.);
#217=FACE_OUTER_BOUND('',#398,.T.);
#218=FACE_OUTER_BOUND('',#399,.T.);
#219=FACE_OUTER_BOUND('',#400,.T.);
#220=FACE_OUTER_BOUND('',#401,.T.);
#221=FACE_OUTER_BOUND('',#402,.T.);
#222=FACE_OUTER_BOUND('',#403,.T.);
#223=FACE_OUTER_BOUND('',#404,.T.);
#224=FACE_OUTER_BOUND('',#405,.T.);
#225=FACE_OUTER_BOUND('',#406,.T.);
#226=FACE_OUTER_BOUND('',#407,.T.);
#227=FACE_OUTER_BOUND('',#408,.T.);
#228=FACE_OUTER_BOUND('',#409,.T.);
#229=FACE_OUTER_BOUND('',#426,.T.);
#230=FACE_OUTER_BOUND('',#429,.T.);
#231=FACE_OUTER_BOUND('',#431,.T.);
#232=FACE_OUTER_BOUND('',#433,.T.);
#233=FACE_OUTER_BOUND('',#436,.T.);
#234=FACE_OUTER_BOUND('',#438,.T.);
#235=FACE_OUTER_BOUND('',#439,.T.);
#236=FACE_OUTER_BOUND('',#440,.T.);
#237=FACE_OUTER_BOUND('',#442,.T.);
#238=FACE_OUTER_BOUND('',#443,.T.);
#239=FACE_OUTER_BOUND('',#444,.T.);
#240=FACE_OUTER_BOUND('',#471,.T.);
#241=FACE_OUTER_BOUND('',#472,.T.);
#242=FACE_OUTER_BOUND('',#473,.T.);
#243=FACE_OUTER_BOUND('',#474,.T.);
#244=FACE_OUTER_BOUND('',#475,.T.);
#245=FACE_OUTER_BOUND('',#476,.T.);
#246=FACE_OUTER_BOUND('',#477,.T.);
#247=FACE_OUTER_BOUND('',#478,.T.);
#248=FACE_OUTER_BOUND('',#479,.T.);
#249=FACE_OUTER_BOUND('',#480,.T.);
#250=FACE_OUTER_BOUND('',#481,.T.);
#251=FACE_OUTER_BOUND('',#482,.T.);
#252=FACE_OUTER_BOUND('',#483,.T.);
#253=FACE_OUTER_BOUND('',#484,.T.);
#254=FACE_OUTER_BOUND('',#485,.T.);
#255=FACE_OUTER_BOUND('',#486,.T.);
#256=FACE_OUTER_BOUND('',#487,.T.);
#257=FACE_OUTER_BOUND('',#488,.T.);
#258=FACE_OUTER_BOUND('',#489,.T.);
#259=FACE_OUTER_BOUND('',#490,.T.);
#260=FACE_OUTER_BOUND('',#491,.T.);
#261=FACE_OUTER_BOUND('',#492,.T.);
#262=FACE_OUTER_BOUND('',#493,.T.);
#263=FACE_OUTER_BOUND('',#494,.T.);
#264=FACE_OUTER_BOUND('',#495,.T.);
#265=FACE_OUTER_BOUND('',#496,.T.);
#266=FACE_OUTER_BOUND('',#497,.T.);
#267=FACE_OUTER_BOUND('',#498,.T.);
#268=FACE_OUTER_BOUND('',#499,.T.);
#269=FACE_OUTER_BOUND('',#500,.T.);
#270=FACE_OUTER_BOUND('',#501,.T.);
#271=FACE_OUTER_BOUND('',#502,.T.);
#272=FACE_OUTER_BOUND('',#503,.T.);
#273=FACE_OUTER_BOUND('',#505,.T.);
#274=FACE_OUTER_BOUND('',#506,.T.);
#275=FACE_OUTER_BOUND('',#507,.T.);
#276=FACE_OUTER_BOUND('',#509,.T.);
#277=FACE_OUTER_BOUND('',#511,.T.);
#278=FACE_OUTER_BOUND('',#512,.T.);
#279=FACE_OUTER_BOUND('',#513,.T.);
#280=FACE_OUTER_BOUND('',#515,.T.);
#281=FACE_OUTER_BOUND('',#516,.T.);
#282=FACE_OUTER_BOUND('',#517,.T.);
#283=FACE_OUTER_BOUND('',#518,.T.);
#284=FACE_OUTER_BOUND('',#519,.T.);
#285=FACE_OUTER_BOUND('',#520,.T.);
#286=FACE_OUTER_BOUND('',#521,.T.);
#287=FACE_OUTER_BOUND('',#522,.T.);
#288=FACE_OUTER_BOUND('',#523,.T.);
#289=FACE_OUTER_BOUND('',#524,.T.);
#290=FACE_OUTER_BOUND('',#525,.T.);
#291=FACE_OUTER_BOUND('',#526,.T.);
#292=FACE_OUTER_BOUND('',#527,.T.);
#293=FACE_OUTER_BOUND('',#528,.T.);
#294=FACE_OUTER_BOUND('',#529,.T.);
#295=FACE_OUTER_BOUND('',#530,.T.);
#296=FACE_OUTER_BOUND('',#531,.T.);
#297=FACE_OUTER_BOUND('',#532,.T.);
#298=FACE_OUTER_BOUND('',#533,.T.);
#299=FACE_OUTER_BOUND('',#534,.T.);
#300=FACE_OUTER_BOUND('',#535,.T.);
#301=FACE_OUTER_BOUND('',#536,.T.);
#302=FACE_OUTER_BOUND('',#537,.T.);
#303=FACE_OUTER_BOUND('',#538,.T.);
#304=FACE_OUTER_BOUND('',#539,.T.);
#305=FACE_OUTER_BOUND('',#540,.T.);
#306=FACE_OUTER_BOUND('',#541,.T.);
#307=FACE_OUTER_BOUND('',#542,.T.);
#308=FACE_OUTER_BOUND('',#543,.T.);
#309=FACE_OUTER_BOUND('',#544,.T.);
#310=FACE_OUTER_BOUND('',#545,.T.);
#311=FACE_OUTER_BOUND('',#546,.T.);
#312=FACE_OUTER_BOUND('',#547,.T.);
#313=FACE_OUTER_BOUND('',#548,.T.);
#314=FACE_OUTER_BOUND('',#549,.T.);
#315=FACE_OUTER_BOUND('',#550,.T.);
#316=FACE_OUTER_BOUND('',#551,.T.);
#317=FACE_OUTER_BOUND('',#552,.T.);
#318=FACE_OUTER_BOUND('',#553,.T.);
#319=FACE_OUTER_BOUND('',#554,.T.);
#320=FACE_OUTER_BOUND('',#555,.T.);
#321=FACE_OUTER_BOUND('',#556,.T.);
#322=FACE_OUTER_BOUND('',#557,.T.);
#323=FACE_OUTER_BOUND('',#558,.T.);
#324=FACE_OUTER_BOUND('',#559,.T.);
#325=FACE_OUTER_BOUND('',#560,.T.);
#326=FACE_OUTER_BOUND('',#561,.T.);
#327=FACE_OUTER_BOUND('',#562,.T.);
#328=FACE_OUTER_BOUND('',#563,.T.);
#329=FACE_OUTER_BOUND('',#564,.T.);
#330=FACE_OUTER_BOUND('',#565,.T.);
#331=FACE_OUTER_BOUND('',#566,.T.);
#332=FACE_OUTER_BOUND('',#567,.T.);
#333=FACE_OUTER_BOUND('',#568,.T.);
#334=FACE_OUTER_BOUND('',#569,.T.);
#335=FACE_OUTER_BOUND('',#570,.T.);
#336=FACE_OUTER_BOUND('',#571,.T.);
#337=FACE_OUTER_BOUND('',#572,.T.);
#338=FACE_OUTER_BOUND('',#573,.T.);
#339=FACE_OUTER_BOUND('',#574,.T.);
#340=FACE_OUTER_BOUND('',#575,.T.);
#341=FACE_OUTER_BOUND('',#576,.T.);
#342=FACE_OUTER_BOUND('',#577,.T.);
#343=FACE_OUTER_BOUND('',#578,.T.);
#344=FACE_OUTER_BOUND('',#579,.T.);
#345=FACE_OUTER_BOUND('',#580,.T.);
#346=FACE_OUTER_BOUND('',#581,.T.);
#347=FACE_OUTER_BOUND('',#582,.T.);
#348=FACE_OUTER_BOUND('',#583,.T.);
#349=FACE_OUTER_BOUND('',#584,.T.);
#350=FACE_OUTER_BOUND('',#587,.T.);
#351=FACE_OUTER_BOUND('',#588,.T.);
#352=FACE_OUTER_BOUND('',#589,.T.);
#353=FACE_OUTER_BOUND('',#590,.T.);
#354=FACE_OUTER_BOUND('',#591,.T.);
#355=FACE_OUTER_BOUND('',#592,.T.);
#356=FACE_OUTER_BOUND('',#593,.T.);
#357=FACE_OUTER_BOUND('',#594,.T.);
#358=FACE_OUTER_BOUND('',#595,.T.);
#359=FACE_OUTER_BOUND('',#596,.T.);
#360=FACE_OUTER_BOUND('',#597,.T.);
#361=FACE_OUTER_BOUND('',#598,.T.);
#362=FACE_OUTER_BOUND('',#599,.T.);
#363=FACE_OUTER_BOUND('',#600,.T.);
#364=FACE_OUTER_BOUND('',#601,.T.);
#365=FACE_OUTER_BOUND('',#602,.T.);
#366=FACE_OUTER_BOUND('',#603,.T.);
#367=FACE_OUTER_BOUND('',#604,.T.);
#368=FACE_OUTER_BOUND('',#605,.T.);
#369=FACE_OUTER_BOUND('',#606,.T.);
#370=FACE_OUTER_BOUND('',#607,.T.);
#371=FACE_OUTER_BOUND('',#608,.T.);
#372=FACE_OUTER_BOUND('',#609,.T.);
#373=FACE_OUTER_BOUND('',#610,.T.);
#374=FACE_OUTER_BOUND('',#611,.T.);
#375=FACE_OUTER_BOUND('',#612,.T.);
#376=FACE_OUTER_BOUND('',#613,.T.);
#377=FACE_OUTER_BOUND('',#614,.T.);
#378=FACE_OUTER_BOUND('',#615,.T.);
#379=FACE_OUTER_BOUND('',#616,.T.);
#380=FACE_OUTER_BOUND('',#617,.T.);
#381=FACE_OUTER_BOUND('',#618,.T.);
#382=FACE_OUTER_BOUND('',#619,.T.);
#383=FACE_OUTER_BOUND('',#620,.T.);
#384=FACE_OUTER_BOUND('',#621,.T.);
#385=FACE_OUTER_BOUND('',#622,.T.);
#386=FACE_OUTER_BOUND('',#623,.T.);
#387=EDGE_LOOP('',(#2457,#2458,#2459,#2460));
#388=EDGE_LOOP('',(#2461,#2462,#2463,#2464));
#389=EDGE_LOOP('',(#2465,#2466,#2467,#2468));
#390=EDGE_LOOP('',(#2469,#2470,#2471,#2472));
#391=EDGE_LOOP('',(#2473,#2474,#2475,#2476));
#392=EDGE_LOOP('',(#2477,#2478,#2479,#2480));
#393=EDGE_LOOP('',(#2481,#2482,#2483,#2484));
#394=EDGE_LOOP('',(#2485,#2486,#2487,#2488));
#395=EDGE_LOOP('',(#2489,#2490,#2491,#2492));
#396=EDGE_LOOP('',(#2493,#2494,#2495,#2496));
#397=EDGE_LOOP('',(#2497,#2498,#2499,#2500));
#398=EDGE_LOOP('',(#2501,#2502,#2503,#2504));
#399=EDGE_LOOP('',(#2505,#2506,#2507,#2508));
#400=EDGE_LOOP('',(#2509,#2510,#2511,#2512));
#401=EDGE_LOOP('',(#2513,#2514,#2515,#2516));
#402=EDGE_LOOP('',(#2517,#2518,#2519,#2520));
#403=EDGE_LOOP('',(#2521,#2522,#2523,#2524));
#404=EDGE_LOOP('',(#2525,#2526,#2527,#2528));
#405=EDGE_LOOP('',(#2529,#2530,#2531,#2532));
#406=EDGE_LOOP('',(#2533,#2534,#2535,#2536));
#407=EDGE_LOOP('',(#2537,#2538,#2539,#2540));
#408=EDGE_LOOP('',(#2541,#2542,#2543,#2544));
#409=EDGE_LOOP('',(#2545,#2546,#2547,#2548,#2549,#2550,#2551,#2552,#2553,
#2554,#2555,#2556,#2557,#2558,#2559,#2560,#2561,#2562,#2563,#2564,#2565,
#2566,#2567,#2568,#2569,#2570,#2571,#2572,#2573,#2574,#2575,#2576,#2577,
#2578,#2579,#2580,#2581,#2582,#2583,#2584,#2585,#2586,#2587,#2588,#2589,
#2590,#2591,#2592,#2593));
#410=EDGE_LOOP('',(#2594,#2595,#2596,#2597,#2598,#2599,#2600,#2601,#2602,
#2603,#2604,#2605,#2606,#2607,#2608,#2609,#2610,#2611,#2612,#2613,#2614,
#2615,#2616,#2617,#2618,#2619,#2620,#2621,#2622,#2623,#2624,#2625,#2626,
#2627,#2628,#2629,#2630,#2631));
#411=EDGE_LOOP('',(#2632));
#412=EDGE_LOOP('',(#2633));
#413=EDGE_LOOP('',(#2634,#2635));
#414=EDGE_LOOP('',(#2636,#2637));
#415=EDGE_LOOP('',(#2638));
#416=EDGE_LOOP('',(#2639));
#417=EDGE_LOOP('',(#2640,#2641,#2642,#2643));
#418=EDGE_LOOP('',(#2644,#2645,#2646,#2647));
#419=EDGE_LOOP('',(#2648,#2649,#2650,#2651));
#420=EDGE_LOOP('',(#2652,#2653,#2654,#2655));
#421=EDGE_LOOP('',(#2656));
#422=EDGE_LOOP('',(#2657));
#423=EDGE_LOOP('',(#2658));
#424=EDGE_LOOP('',(#2659));
#425=EDGE_LOOP('',(#2660));
#426=EDGE_LOOP('',(#2661,#2662,#2663,#2664,#2665,#2666,#2667));
#427=EDGE_LOOP('',(#2668));
#428=EDGE_LOOP('',(#2669));
#429=EDGE_LOOP('',(#2670,#2671,#2672,#2673,#2674,#2675,#2676,#2677,#2678,
#2679));
#430=EDGE_LOOP('',(#2680));
#431=EDGE_LOOP('',(#2681,#2682,#2683,#2684));
#432=EDGE_LOOP('',(#2685));
#433=EDGE_LOOP('',(#2686,#2687,#2688,#2689,#2690,#2691,#2692));
#434=EDGE_LOOP('',(#2693));
#435=EDGE_LOOP('',(#2694));
#436=EDGE_LOOP('',(#2695,#2696,#2697,#2698));
#437=EDGE_LOOP('',(#2699));
#438=EDGE_LOOP('',(#2700,#2701,#2702,#2703,#2704,#2705,#2706,#2707));
#439=EDGE_LOOP('',(#2708,#2709,#2710,#2711,#2712,#2713,#2714,#2715));
#440=EDGE_LOOP('',(#2716,#2717,#2718,#2719));
#441=EDGE_LOOP('',(#2720));
#442=EDGE_LOOP('',(#2721,#2722,#2723,#2724));
#443=EDGE_LOOP('',(#2725,#2726,#2727,#2728));
#444=EDGE_LOOP('',(#2729,#2730,#2731,#2732,#2733,#2734,#2735,#2736,#2737,
#2738,#2739,#2740,#2741,#2742,#2743,#2744,#2745,#2746,#2747,#2748,#2749,
#2750,#2751,#2752,#2753,#2754,#2755,#2756,#2757,#2758,#2759,#2760,#2761,
#2762,#2763));
#445=EDGE_LOOP('',(#2764));
#446=EDGE_LOOP('',(#2765));
#447=EDGE_LOOP('',(#2766));
#448=EDGE_LOOP('',(#2767));
#449=EDGE_LOOP('',(#2768));
#450=EDGE_LOOP('',(#2769));
#451=EDGE_LOOP('',(#2770));
#452=EDGE_LOOP('',(#2771,#2772,#2773,#2774));
#453=EDGE_LOOP('',(#2775,#2776,#2777,#2778));
#454=EDGE_LOOP('',(#2779));
#455=EDGE_LOOP('',(#2780));
#456=EDGE_LOOP('',(#2781,#2782,#2783,#2784));
#457=EDGE_LOOP('',(#2785,#2786,#2787,#2788));
#458=EDGE_LOOP('',(#2789,#2790,#2791,#2792));
#459=EDGE_LOOP('',(#2793,#2794,#2795,#2796));
#460=EDGE_LOOP('',(#2797));
#461=EDGE_LOOP('',(#2798));
#462=EDGE_LOOP('',(#2799));
#463=EDGE_LOOP('',(#2800));
#464=EDGE_LOOP('',(#2801));
#465=EDGE_LOOP('',(#2802,#2803));
#466=EDGE_LOOP('',(#2804,#2805));
#467=EDGE_LOOP('',(#2806));
#468=EDGE_LOOP('',(#2807));
#469=EDGE_LOOP('',(#2808));
#470=EDGE_LOOP('',(#2809,#2810,#2811,#2812,#2813,#2814,#2815,#2816,#2817,
#2818,#2819,#2820,#2821,#2822,#2823,#2824,#2825,#2826,#2827,#2828,#2829,
#2830,#2831,#2832,#2833,#2834,#2835,#2836));
#471=EDGE_LOOP('',(#2837,#2838,#2839,#2840));
#472=EDGE_LOOP('',(#2841,#2842,#2843,#2844));
#473=EDGE_LOOP('',(#2845,#2846,#2847,#2848,#2849,#2850,#2851,#2852,#2853,
#2854));
#474=EDGE_LOOP('',(#2855,#2856,#2857,#2858,#2859,#2860,#2861));
#475=EDGE_LOOP('',(#2862,#2863,#2864,#2865));
#476=EDGE_LOOP('',(#2866,#2867,#2868,#2869));
#477=EDGE_LOOP('',(#2870,#2871,#2872,#2873));
#478=EDGE_LOOP('',(#2874,#2875,#2876,#2877));
#479=EDGE_LOOP('',(#2878,#2879,#2880,#2881));
#480=EDGE_LOOP('',(#2882,#2883,#2884,#2885));
#481=EDGE_LOOP('',(#2886,#2887,#2888,#2889));
#482=EDGE_LOOP('',(#2890,#2891,#2892,#2893));
#483=EDGE_LOOP('',(#2894,#2895,#2896,#2897,#2898,#2899,#2900));
#484=EDGE_LOOP('',(#2901,#2902,#2903,#2904));
#485=EDGE_LOOP('',(#2905,#2906,#2907,#2908));
#486=EDGE_LOOP('',(#2909,#2910,#2911,#2912));
#487=EDGE_LOOP('',(#2913,#2914,#2915,#2916));
#488=EDGE_LOOP('',(#2917,#2918,#2919,#2920));
#489=EDGE_LOOP('',(#2921,#2922,#2923,#2924));
#490=EDGE_LOOP('',(#2925,#2926,#2927,#2928));
#491=EDGE_LOOP('',(#2929,#2930,#2931,#2932));
#492=EDGE_LOOP('',(#2933,#2934,#2935,#2936));
#493=EDGE_LOOP('',(#2937,#2938,#2939,#2940));
#494=EDGE_LOOP('',(#2941,#2942,#2943,#2944));
#495=EDGE_LOOP('',(#2945,#2946,#2947,#2948));
#496=EDGE_LOOP('',(#2949,#2950,#2951,#2952,#2953,#2954,#2955));
#497=EDGE_LOOP('',(#2956,#2957,#2958,#2959));
#498=EDGE_LOOP('',(#2960,#2961,#2962,#2963));
#499=EDGE_LOOP('',(#2964,#2965,#2966,#2967,#2968,#2969,#2970));
#500=EDGE_LOOP('',(#2971,#2972,#2973,#2974));
#501=EDGE_LOOP('',(#2975,#2976,#2977,#2978));
#502=EDGE_LOOP('',(#2979,#2980,#2981,#2982));
#503=EDGE_LOOP('',(#2983,#2984,#2985,#2986,#2987,#2988,#2989));
#504=EDGE_LOOP('',(#2990));
#505=EDGE_LOOP('',(#2991,#2992,#2993,#2994));
#506=EDGE_LOOP('',(#2995,#2996,#2997,#2998,#2999,#3000,#3001,#3002,#3003,
#3004));
#507=EDGE_LOOP('',(#3005,#3006,#3007,#3008,#3009,#3010,#3011));
#508=EDGE_LOOP('',(#3012));
#509=EDGE_LOOP('',(#3013,#3014,#3015,#3016));
#510=EDGE_LOOP('',(#3017));
#511=EDGE_LOOP('',(#3018,#3019,#3020,#3021));
#512=EDGE_LOOP('',(#3022,#3023,#3024,#3025,#3026));
#513=EDGE_LOOP('',(#3027,#3028,#3029,#3030));
#514=EDGE_LOOP('',(#3031));
#515=EDGE_LOOP('',(#3032,#3033,#3034,#3035));
#516=EDGE_LOOP('',(#3036,#3037,#3038,#3039,#3040));
#517=EDGE_LOOP('',(#3041,#3042,#3043,#3044));
#518=EDGE_LOOP('',(#3045,#3046,#3047,#3048));
#519=EDGE_LOOP('',(#3049,#3050,#3051,#3052));
#520=EDGE_LOOP('',(#3053,#3054,#3055,#3056));
#521=EDGE_LOOP('',(#3057,#3058,#3059,#3060));
#522=EDGE_LOOP('',(#3061,#3062,#3063,#3064));
#523=EDGE_LOOP('',(#3065,#3066,#3067,#3068));
#524=EDGE_LOOP('',(#3069,#3070,#3071,#3072));
#525=EDGE_LOOP('',(#3073,#3074,#3075,#3076));
#526=EDGE_LOOP('',(#3077,#3078,#3079,#3080));
#527=EDGE_LOOP('',(#3081,#3082,#3083,#3084));
#528=EDGE_LOOP('',(#3085,#3086,#3087,#3088));
#529=EDGE_LOOP('',(#3089,#3090,#3091,#3092));
#530=EDGE_LOOP('',(#3093,#3094,#3095,#3096));
#531=EDGE_LOOP('',(#3097,#3098,#3099,#3100));
#532=EDGE_LOOP('',(#3101,#3102,#3103,#3104));
#533=EDGE_LOOP('',(#3105,#3106,#3107,#3108));
#534=EDGE_LOOP('',(#3109,#3110,#3111,#3112));
#535=EDGE_LOOP('',(#3113,#3114,#3115,#3116));
#536=EDGE_LOOP('',(#3117,#3118,#3119,#3120));
#537=EDGE_LOOP('',(#3121,#3122,#3123,#3124));
#538=EDGE_LOOP('',(#3125,#3126,#3127,#3128));
#539=EDGE_LOOP('',(#3129,#3130,#3131,#3132));
#540=EDGE_LOOP('',(#3133,#3134,#3135,#3136));
#541=EDGE_LOOP('',(#3137,#3138,#3139,#3140));
#542=EDGE_LOOP('',(#3141,#3142,#3143,#3144));
#543=EDGE_LOOP('',(#3145,#3146,#3147,#3148));
#544=EDGE_LOOP('',(#3149,#3150,#3151,#3152));
#545=EDGE_LOOP('',(#3153,#3154,#3155,#3156));
#546=EDGE_LOOP('',(#3157,#3158,#3159,#3160));
#547=EDGE_LOOP('',(#3161,#3162,#3163,#3164));
#548=EDGE_LOOP('',(#3165,#3166,#3167,#3168));
#549=EDGE_LOOP('',(#3169,#3170,#3171,#3172));
#550=EDGE_LOOP('',(#3173,#3174,#3175,#3176));
#551=EDGE_LOOP('',(#3177,#3178,#3179,#3180));
#552=EDGE_LOOP('',(#3181,#3182,#3183,#3184));
#553=EDGE_LOOP('',(#3185,#3186,#3187,#3188));
#554=EDGE_LOOP('',(#3189,#3190,#3191,#3192));
#555=EDGE_LOOP('',(#3193,#3194,#3195,#3196));
#556=EDGE_LOOP('',(#3197,#3198,#3199,#3200));
#557=EDGE_LOOP('',(#3201,#3202,#3203,#3204,#3205,#3206,#3207,#3208));
#558=EDGE_LOOP('',(#3209,#3210,#3211,#3212));
#559=EDGE_LOOP('',(#3213,#3214,#3215,#3216));
#560=EDGE_LOOP('',(#3217,#3218,#3219,#3220));
#561=EDGE_LOOP('',(#3221,#3222,#3223,#3224));
#562=EDGE_LOOP('',(#3225,#3226,#3227,#3228));
#563=EDGE_LOOP('',(#3229,#3230,#3231,#3232));
#564=EDGE_LOOP('',(#3233,#3234,#3235,#3236,#3237,#3238,#3239,#3240));
#565=EDGE_LOOP('',(#3241,#3242,#3243,#3244));
#566=EDGE_LOOP('',(#3245,#3246,#3247,#3248,#3249,#3250,#3251,#3252));
#567=EDGE_LOOP('',(#3253,#3254,#3255,#3256));
#568=EDGE_LOOP('',(#3257,#3258,#3259,#3260));
#569=EDGE_LOOP('',(#3261,#3262,#3263,#3264));
#570=EDGE_LOOP('',(#3265,#3266,#3267,#3268));
#571=EDGE_LOOP('',(#3269,#3270,#3271,#3272));
#572=EDGE_LOOP('',(#3273,#3274,#3275,#3276));
#573=EDGE_LOOP('',(#3277,#3278,#3279,#3280));
#574=EDGE_LOOP('',(#3281,#3282,#3283,#3284));
#575=EDGE_LOOP('',(#3285,#3286,#3287,#3288));
#576=EDGE_LOOP('',(#3289,#3290,#3291,#3292));
#577=EDGE_LOOP('',(#3293,#3294,#3295,#3296));
#578=EDGE_LOOP('',(#3297,#3298,#3299,#3300));
#579=EDGE_LOOP('',(#3301,#3302,#3303,#3304,#3305,#3306,#3307,#3308));
#580=EDGE_LOOP('',(#3309,#3310,#3311,#3312));
#581=EDGE_LOOP('',(#3313,#3314,#3315,#3316));
#582=EDGE_LOOP('',(#3317,#3318,#3319,#3320));
#583=EDGE_LOOP('',(#3321,#3322,#3323,#3324));
#584=EDGE_LOOP('',(#3325,#3326,#3327,#3328,#3329,#3330,#3331,#3332,#3333,
#3334,#3335,#3336,#3337,#3338,#3339,#3340,#3341,#3342,#3343,#3344,#3345,
#3346,#3347,#3348,#3349,#3350,#3351,#3352,#3353,#3354,#3355,#3356));
#585=EDGE_LOOP('',(#3357,#3358,#3359,#3360));
#586=EDGE_LOOP('',(#3361,#3362,#3363,#3364));
#587=EDGE_LOOP('',(#3365,#3366,#3367,#3368));
#588=EDGE_LOOP('',(#3369,#3370,#3371,#3372));
#589=EDGE_LOOP('',(#3373,#3374,#3375,#3376));
#590=EDGE_LOOP('',(#3377,#3378,#3379,#3380));
#591=EDGE_LOOP('',(#3381,#3382,#3383,#3384));
#592=EDGE_LOOP('',(#3385,#3386,#3387,#3388));
#593=EDGE_LOOP('',(#3389,#3390,#3391,#3392));
#594=EDGE_LOOP('',(#3393,#3394,#3395,#3396));
#595=EDGE_LOOP('',(#3397,#3398,#3399,#3400));
#596=EDGE_LOOP('',(#3401,#3402,#3403,#3404));
#597=EDGE_LOOP('',(#3405,#3406,#3407,#3408));
#598=EDGE_LOOP('',(#3409,#3410,#3411,#3412));
#599=EDGE_LOOP('',(#3413,#3414,#3415,#3416));
#600=EDGE_LOOP('',(#3417,#3418,#3419,#3420));
#601=EDGE_LOOP('',(#3421,#3422,#3423,#3424));
#602=EDGE_LOOP('',(#3425,#3426,#3427,#3428));
#603=EDGE_LOOP('',(#3429,#3430,#3431,#3432));
#604=EDGE_LOOP('',(#3433,#3434,#3435,#3436));
#605=EDGE_LOOP('',(#3437,#3438,#3439,#3440));
#606=EDGE_LOOP('',(#3441,#3442,#3443,#3444));
#607=EDGE_LOOP('',(#3445,#3446,#3447,#3448));
#608=EDGE_LOOP('',(#3449,#3450,#3451,#3452));
#609=EDGE_LOOP('',(#3453,#3454,#3455,#3456));
#610=EDGE_LOOP('',(#3457,#3458,#3459,#3460));
#611=EDGE_LOOP('',(#3461,#3462,#3463,#3464));
#612=EDGE_LOOP('',(#3465,#3466,#3467,#3468));
#613=EDGE_LOOP('',(#3469,#3470,#3471,#3472));
#614=EDGE_LOOP('',(#3473,#3474,#3475,#3476));
#615=EDGE_LOOP('',(#3477,#3478,#3479,#3480));
#616=EDGE_LOOP('',(#3481,#3482,#3483,#3484));
#617=EDGE_LOOP('',(#3485,#3486,#3487,#3488));
#618=EDGE_LOOP('',(#3489,#3490,#3491,#3492));
#619=EDGE_LOOP('',(#3493,#3494,#3495,#3496,#3497));
#620=EDGE_LOOP('',(#3498,#3499,#3500,#3501,#3502));
#621=EDGE_LOOP('',(#3503,#3504,#3505,#3506));
#622=EDGE_LOOP('',(#3507,#3508,#3509,#3510));
#623=EDGE_LOOP('',(#3511,#3512,#3513,#3514));
#624=LINE('',#5038,#1055);
#625=LINE('',#5041,#1056);
#626=LINE('',#5046,#1057);
#627=LINE('',#5052,#1058);
#628=LINE('',#5058,#1059);
#629=LINE('',#5064,#1060);
#630=LINE('',#5070,#1061);
#631=LINE('',#5076,#1062);
#632=LINE('',#5082,#1063);
#633=LINE('',#5088,#1064);
#634=LINE('',#5094,#1065);
#635=LINE('',#5100,#1066);
#636=LINE('',#5106,#1067);
#637=LINE('',#5112,#1068);
#638=LINE('',#5118,#1069);
#639=LINE('',#5124,#1070);
#640=LINE('',#5130,#1071);
#641=LINE('',#5136,#1072);
#642=LINE('',#5142,#1073);
#643=LINE('',#5148,#1074);
#644=LINE('',#5154,#1075);
#645=LINE('',#5161,#1076);
#646=LINE('',#5164,#1077);
#647=LINE('',#5170,#1078);
#648=LINE('',#5173,#1079);
#649=LINE('',#5177,#1080);
#650=LINE('',#5179,#1081);
#651=LINE('',#5181,#1082);
#652=LINE('',#5183,#1083);
#653=LINE('',#5187,#1084);
#654=LINE('',#5189,#1085);
#655=LINE('',#5191,#1086);
#656=LINE('',#5193,#1087);
#657=LINE('',#5197,#1088);
#658=LINE('',#5201,#1089);
#659=LINE('',#5203,#1090);
#660=LINE('',#5205,#1091);
#661=LINE('',#5207,#1092);
#662=LINE('',#5209,#1093);
#663=LINE('',#5211,#1094);
#664=LINE('',#5213,#1095);
#665=LINE('',#5215,#1096);
#666=LINE('',#5219,#1097);
#667=LINE('',#5221,#1098);
#668=LINE('',#5223,#1099);
#669=LINE('',#5225,#1100);
#670=LINE('',#5227,#1101);
#671=LINE('',#5229,#1102);
#672=LINE('',#5231,#1103);
#673=LINE('',#5233,#1104);
#674=LINE('',#5234,#1105);
#675=LINE('',#5236,#1106);
#676=LINE('',#5238,#1107);
#677=LINE('',#5240,#1108);
#678=LINE('',#5242,#1109);
#679=LINE('',#5244,#1110);
#680=LINE('',#5246,#1111);
#681=LINE('',#5248,#1112);
#682=LINE('',#5250,#1113);
#683=LINE('',#5254,#1114);
#684=LINE('',#5256,#1115);
#685=LINE('',#5260,#1116);
#686=LINE('',#5262,#1117);
#687=LINE('',#5264,#1118);
#688=LINE('',#5266,#1119);
#689=LINE('',#5269,#1120);
#690=LINE('',#5272,#1121);
#691=LINE('',#5274,#1122);
#692=LINE('',#5276,#1123);
#693=LINE('',#5278,#1124);
#694=LINE('',#5280,#1125);
#695=LINE('',#5282,#1126);
#696=LINE('',#5284,#1127);
#697=LINE('',#5286,#1128);
#698=LINE('',#5290,#1129);
#699=LINE('',#5292,#1130);
#700=LINE('',#5294,#1131);
#701=LINE('',#5296,#1132);
#702=LINE('',#5298,#1133);
#703=LINE('',#5300,#1134);
#704=LINE('',#5302,#1135);
#705=LINE('',#5304,#1136);
#706=LINE('',#5306,#1137);
#707=LINE('',#5308,#1138);
#708=LINE('',#5310,#1139);
#709=LINE('',#5312,#1140);
#710=LINE('',#5314,#1141);
#711=LINE('',#5316,#1142);
#712=LINE('',#5318,#1143);
#713=LINE('',#5320,#1144);
#714=LINE('',#5322,#1145);
#715=LINE('',#5324,#1146);
#716=LINE('',#5326,#1147);
#717=LINE('',#5328,#1148);
#718=LINE('',#5330,#1149);
#719=LINE('',#5332,#1150);
#720=LINE('',#5334,#1151);
#721=LINE('',#5338,#1152);
#722=LINE('',#5340,#1153);
#723=LINE('',#5342,#1154);
#724=LINE('',#5344,#1155);
#725=LINE('',#5345,#1156);
#726=LINE('',#5350,#1157);
#727=LINE('',#5352,#1158);
#728=LINE('',#5354,#1159);
#729=LINE('',#5355,#1160);
#730=LINE('',#5358,#1161);
#731=LINE('',#5360,#1162);
#732=LINE('',#5362,#1163);
#733=LINE('',#5363,#1164);
#734=LINE('',#5366,#1165);
#735=LINE('',#5368,#1166);
#736=LINE('',#5370,#1167);
#737=LINE('',#5371,#1168);
#738=LINE('',#5374,#1169);
#739=LINE('',#5376,#1170);
#740=LINE('',#5378,#1171);
#741=LINE('',#5379,#1172);
#742=LINE('',#5383,#1173);
#743=LINE('',#5385,#1174);
#744=LINE('',#5387,#1175);
#745=LINE('',#5391,#1176);
#746=LINE('',#5393,#1177);
#747=LINE('',#5394,#1178);
#748=LINE('',#5398,#1179);
#749=LINE('',#5400,#1180);
#750=LINE('',#5404,#1181);
#751=LINE('',#5408,#1182);
#752=LINE('',#5410,#1183);
#753=LINE('',#5412,#1184);
#754=LINE('',#5414,#1185);
#755=LINE('',#5415,#1186);
#756=LINE('',#5419,#1187);
#757=LINE('',#5421,#1188);
#758=LINE('',#5423,#1189);
#759=LINE('',#5424,#1190);
#760=LINE('',#5428,#1191);
#761=LINE('',#5430,#1192);
#762=LINE('',#5432,#1193);
#763=LINE('',#5434,#1194);
#764=LINE('',#5438,#1195);
#765=LINE('',#5439,#1196);
#766=LINE('',#5443,#1197);
#767=LINE('',#5445,#1198);
#768=LINE('',#5447,#1199);
#769=LINE('',#5448,#1200);
#770=LINE('',#5451,#1201);
#771=LINE('',#5453,#1202);
#772=LINE('',#5454,#1203);
#773=LINE('',#5456,#1204);
#774=LINE('',#5458,#1205);
#775=LINE('',#5459,#1206);
#776=LINE('',#5462,#1207);
#777=LINE('',#5464,#1208);
#778=LINE('',#5465,#1209);
#779=LINE('',#5467,#1210);
#780=LINE('',#5469,#1211);
#781=LINE('',#5470,#1212);
#782=LINE('',#5474,#1213);
#783=LINE('',#5476,#1214);
#784=LINE('',#5478,#1215);
#785=LINE('',#5479,#1216);
#786=LINE('',#5482,#1217);
#787=LINE('',#5484,#1218);
#788=LINE('',#5485,#1219);
#789=LINE('',#5488,#1220);
#790=LINE('',#5490,#1221);
#791=LINE('',#5491,#1222);
#792=LINE('',#5495,#1223);
#793=LINE('',#5499,#1224);
#794=LINE('',#5503,#1225);
#795=LINE('',#5505,#1226);
#796=LINE('',#5507,#1227);
#797=LINE('',#5509,#1228);
#798=LINE('',#5512,#1229);
#799=LINE('',#5516,#1230);
#800=LINE('',#5518,#1231);
#801=LINE('',#5520,#1232);
#802=LINE('',#5524,#1233);
#803=LINE('',#5526,#1234);
#804=LINE('',#5528,#1235);
#805=LINE('',#5532,#1236);
#806=LINE('',#5536,#1237);
#807=LINE('',#5538,#1238);
#808=LINE('',#5540,#1239);
#809=LINE('',#5544,#1240);
#810=LINE('',#5546,#1241);
#811=LINE('',#5548,#1242);
#812=LINE('',#5553,#1243);
#813=LINE('',#5555,#1244);
#814=LINE('',#5556,#1245);
#815=LINE('',#5559,#1246);
#816=LINE('',#5561,#1247);
#817=LINE('',#5563,#1248);
#818=LINE('',#5564,#1249);
#819=LINE('',#5565,#1250);
#820=LINE('',#5566,#1251);
#821=LINE('',#5569,#1252);
#822=LINE('',#5571,#1253);
#823=LINE('',#5573,#1254);
#824=LINE('',#5574,#1255);
#825=LINE('',#5577,#1256);
#826=LINE('',#5579,#1257);
#827=LINE('',#5581,#1258);
#828=LINE('',#5582,#1259);
#829=LINE('',#5585,#1260);
#830=LINE('',#5587,#1261);
#831=LINE('',#5589,#1262);
#832=LINE('',#5590,#1263);
#833=LINE('',#5593,#1264);
#834=LINE('',#5595,#1265);
#835=LINE('',#5597,#1266);
#836=LINE('',#5598,#1267);
#837=LINE('',#5603,#1268);
#838=LINE('',#5605,#1269);
#839=LINE('',#5607,#1270);
#840=LINE('',#5609,#1271);
#841=LINE('',#5611,#1272);
#842=LINE('',#5613,#1273);
#843=LINE('',#5615,#1274);
#844=LINE('',#5619,#1275);
#845=LINE('',#5623,#1276);
#846=LINE('',#5625,#1277);
#847=LINE('',#5627,#1278);
#848=LINE('',#5629,#1279);
#849=LINE('',#5631,#1280);
#850=LINE('',#5633,#1281);
#851=LINE('',#5635,#1282);
#852=LINE('',#5637,#1283);
#853=LINE('',#5639,#1284);
#854=LINE('',#5643,#1285);
#855=LINE('',#5647,#1286);
#856=LINE('',#5649,#1287);
#857=LINE('',#5651,#1288);
#858=LINE('',#5653,#1289);
#859=LINE('',#5655,#1290);
#860=LINE('',#5656,#1291);
#861=LINE('',#5658,#1292);
#862=LINE('',#5659,#1293);
#863=LINE('',#5661,#1294);
#864=LINE('',#5662,#1295);
#865=LINE('',#5664,#1296);
#866=LINE('',#5669,#1297);
#867=LINE('',#5671,#1298);
#868=LINE('',#5673,#1299);
#869=LINE('',#5676,#1300);
#870=LINE('',#5678,#1301);
#871=LINE('',#5680,#1302);
#872=LINE('',#5681,#1303);
#873=LINE('',#5683,#1304);
#874=LINE('',#5685,#1305);
#875=LINE('',#5687,#1306);
#876=LINE('',#5688,#1307);
#877=LINE('',#5691,#1308);
#878=LINE('',#5692,#1309);
#879=LINE('',#5695,#1310);
#880=LINE('',#5696,#1311);
#881=LINE('',#5698,#1312);
#882=LINE('',#5699,#1313);
#883=LINE('',#5701,#1314);
#884=LINE('',#5703,#1315);
#885=LINE('',#5705,#1316);
#886=LINE('',#5706,#1317);
#887=LINE('',#5710,#1318);
#888=LINE('',#5712,#1319);
#889=LINE('',#5714,#1320);
#890=LINE('',#5716,#1321);
#891=LINE('',#5718,#1322);
#892=LINE('',#5719,#1323);
#893=LINE('',#5721,#1324);
#894=LINE('',#5723,#1325);
#895=LINE('',#5726,#1326);
#896=LINE('',#5727,#1327);
#897=LINE('',#5729,#1328);
#898=LINE('',#5734,#1329);
#899=LINE('',#5736,#1330);
#900=LINE('',#5737,#1331);
#901=LINE('',#5741,#1332);
#902=LINE('',#5744,#1333);
#903=LINE('',#5747,#1334);
#904=LINE('',#5750,#1335);
#905=LINE('',#5752,#1336);
#906=LINE('',#5754,#1337);
#907=LINE('',#5756,#1338);
#908=LINE('',#5758,#1339);
#909=LINE('',#5763,#1340);
#910=LINE('',#5765,#1341);
#911=LINE('',#5771,#1342);
#912=LINE('',#5775,#1343);
#913=LINE('',#5777,#1344);
#914=LINE('',#5779,#1345);
#915=LINE('',#5785,#1346);
#916=LINE('',#5786,#1347);
#917=LINE('',#5790,#1348);
#918=LINE('',#5791,#1349);
#919=LINE('',#5792,#1350);
#920=LINE('',#5794,#1351);
#921=LINE('',#5795,#1352);
#922=LINE('',#5799,#1353);
#923=LINE('',#5801,#1354);
#924=LINE('',#5802,#1355);
#925=LINE('',#5804,#1356);
#926=LINE('',#5805,#1357);
#927=LINE('',#5810,#1358);
#928=LINE('',#5811,#1359);
#929=LINE('',#5812,#1360);
#930=LINE('',#5815,#1361);
#931=LINE('',#5817,#1362);
#932=LINE('',#5818,#1363);
#933=LINE('',#5820,#1364);
#934=LINE('',#5821,#1365);
#935=LINE('',#5825,#1366);
#936=LINE('',#5827,#1367);
#937=LINE('',#5828,#1368);
#938=LINE('',#5831,#1369);
#939=LINE('',#5833,#1370);
#940=LINE('',#5834,#1371);
#941=LINE('',#5836,#1372);
#942=LINE('',#5837,#1373);
#943=LINE('',#5856,#1374);
#944=LINE('',#5857,#1375);
#945=LINE('',#5859,#1376);
#946=LINE('',#5861,#1377);
#947=LINE('',#5864,#1378);
#948=LINE('',#5865,#1379);
#949=LINE('',#5867,#1380);
#950=LINE('',#5869,#1381);
#951=LINE('',#5872,#1382);
#952=LINE('',#5873,#1383);
#953=LINE('',#5875,#1384);
#954=LINE('',#5877,#1385);
#955=LINE('',#5880,#1386);
#956=LINE('',#5881,#1387);
#957=LINE('',#5883,#1388);
#958=LINE('',#5885,#1389);
#959=LINE('',#5888,#1390);
#960=LINE('',#5890,#1391);
#961=LINE('',#5895,#1392);
#962=LINE('',#5896,#1393);
#963=LINE('',#5898,#1394);
#964=LINE('',#5900,#1395);
#965=LINE('',#5902,#1396);
#966=LINE('',#5903,#1397);
#967=LINE('',#5905,#1398);
#968=LINE('',#5908,#1399);
#969=LINE('',#5909,#1400);
#970=LINE('',#5912,#1401);
#971=LINE('',#5915,#1402);
#972=LINE('',#5917,#1403);
#973=LINE('',#5919,#1404);
#974=LINE('',#5920,#1405);
#975=LINE('',#5923,#1406);
#976=LINE('',#5925,#1407);
#977=LINE('',#5927,#1408);
#978=LINE('',#5928,#1409);
#979=LINE('',#5931,#1410);
#980=LINE('',#5933,#1411);
#981=LINE('',#5935,#1412);
#982=LINE('',#5938,#1413);
#983=LINE('',#5939,#1414);
#984=LINE('',#5941,#1415);
#985=LINE('',#5946,#1416);
#986=LINE('',#5948,#1417);
#987=LINE('',#5950,#1418);
#988=LINE('',#5952,#1419);
#989=LINE('',#5954,#1420);
#990=LINE('',#5955,#1421);
#991=LINE('',#5956,#1422);
#992=LINE('',#5958,#1423);
#993=LINE('',#5959,#1424);
#994=LINE('',#5964,#1425);
#995=LINE('',#5966,#1426);
#996=LINE('',#5968,#1427);
#997=LINE('',#5970,#1428);
#998=LINE('',#5972,#1429);
#999=LINE('',#5974,#1430);
#1000=LINE('',#5976,#1431);
#1001=LINE('',#5977,#1432);
#1002=LINE('',#5979,#1433);
#1003=LINE('',#5980,#1434);
#1004=LINE('',#5982,#1435);
#1005=LINE('',#5984,#1436);
#1006=LINE('',#5988,#1437);
#1007=LINE('',#5990,#1438);
#1008=LINE('',#5992,#1439);
#1009=LINE('',#5994,#1440);
#1010=LINE('',#5996,#1441);
#1011=LINE('',#5998,#1442);
#1012=LINE('',#5999,#1443);
#1013=LINE('',#6000,#1444);
#1014=LINE('',#6001,#1445);
#1015=LINE('',#6002,#1446);
#1016=LINE('',#6003,#1447);
#1017=LINE('',#6006,#1448);
#1018=LINE('',#6008,#1449);
#1019=LINE('',#6010,#1450);
#1020=LINE('',#6011,#1451);
#1021=LINE('',#6014,#1452);
#1022=LINE('',#6016,#1453);
#1023=LINE('',#6018,#1454);
#1024=LINE('',#6019,#1455);
#1025=LINE('',#6022,#1456);
#1026=LINE('',#6024,#1457);
#1027=LINE('',#6026,#1458);
#1028=LINE('',#6028,#1459);
#1029=LINE('',#6030,#1460);
#1030=LINE('',#6032,#1461);
#1031=LINE('',#6035,#1462);
#1032=LINE('',#6038,#1463);
#1033=LINE('',#6040,#1464);
#1034=LINE('',#6042,#1465);
#1035=LINE('',#6044,#1466);
#1036=LINE('',#6046,#1467);
#1037=LINE('',#6048,#1468);
#1038=LINE('',#6050,#1469);
#1039=LINE('',#6052,#1470);
#1040=LINE('',#6054,#1471);
#1041=LINE('',#6061,#1472);
#1042=LINE('',#6062,#1473);
#1043=LINE('',#6064,#1474);
#1044=LINE('',#6066,#1475);
#1045=LINE('',#6069,#1476);
#1046=LINE('',#6070,#1477);
#1047=LINE('',#6072,#1478);
#1048=LINE('',#6074,#1479);
#1049=LINE('',#6078,#1480);
#1050=LINE('',#6080,#1481);
#1051=LINE('',#6086,#1482);
#1052=LINE('',#6087,#1483);
#1053=LINE('',#6089,#1484);
#1054=LINE('',#6090,#1485);
#1055=VECTOR('',#4047,100.);
#1056=VECTOR('',#4050,100.);
#1057=VECTOR('',#4055,0.174999999999999);
#1058=VECTOR('',#4062,0.175);
#1059=VECTOR('',#4069,0.175);
#1060=VECTOR('',#4076,0.175);
#1061=VECTOR('',#4083,0.175);
#1062=VECTOR('',#4090,0.175);
#1063=VECTOR('',#4097,0.175);
#1064=VECTOR('',#4104,0.1);
#1065=VECTOR('',#4111,0.1);
#1066=VECTOR('',#4118,0.175);
#1067=VECTOR('',#4125,0.175);
#1068=VECTOR('',#4132,0.24);
#1069=VECTOR('',#4139,0.24);
#1070=VECTOR('',#4146,0.24);
#1071=VECTOR('',#4153,0.24);
#1072=VECTOR('',#4160,0.175);
#1073=VECTOR('',#4167,0.175000000000002);
#1074=VECTOR('',#4174,0.175);
#1075=VECTOR('',#4181,0.24);
#1076=VECTOR('',#4188,100.);
#1077=VECTOR('',#4191,100.);
#1078=VECTOR('',#4196,100.);
#1079=VECTOR('',#4199,100.);
#1080=VECTOR('',#4202,100.);
#1081=VECTOR('',#4203,100.);
#1082=VECTOR('',#4204,100.);
#1083=VECTOR('',#4205,100.);
#1084=VECTOR('',#4208,100.);
#1085=VECTOR('',#4209,100.);
#1086=VECTOR('',#4210,100.);
#1087=VECTOR('',#4211,100.);
#1088=VECTOR('',#4214,100.);
#1089=VECTOR('',#4217,100.);
#1090=VECTOR('',#4218,100.);
#1091=VECTOR('',#4219,100.);
#1092=VECTOR('',#4220,100.);
#1093=VECTOR('',#4221,100.);
#1094=VECTOR('',#4222,100.);
#1095=VECTOR('',#4223,100.);
#1096=VECTOR('',#4224,100.);
#1097=VECTOR('',#4227,100.);
#1098=VECTOR('',#4228,100.);
#1099=VECTOR('',#4229,100.);
#1100=VECTOR('',#4230,100.);
#1101=VECTOR('',#4231,100.);
#1102=VECTOR('',#4232,100.);
#1103=VECTOR('',#4233,100.);
#1104=VECTOR('',#4234,100.);
#1105=VECTOR('',#4235,100.);
#1106=VECTOR('',#4236,100.);
#1107=VECTOR('',#4237,100.);
#1108=VECTOR('',#4238,100.);
#1109=VECTOR('',#4239,100.);
#1110=VECTOR('',#4240,100.);
#1111=VECTOR('',#4241,100.);
#1112=VECTOR('',#4242,100.);
#1113=VECTOR('',#4243,100.);
#1114=VECTOR('',#4246,100.);
#1115=VECTOR('',#4247,100.);
#1116=VECTOR('',#4250,100.);
#1117=VECTOR('',#4251,100.);
#1118=VECTOR('',#4252,100.);
#1119=VECTOR('',#4253,100.);
#1120=VECTOR('',#4256,100.);
#1121=VECTOR('',#4257,100.);
#1122=VECTOR('',#4258,100.);
#1123=VECTOR('',#4259,100.);
#1124=VECTOR('',#4260,100.);
#1125=VECTOR('',#4261,100.);
#1126=VECTOR('',#4262,100.);
#1127=VECTOR('',#4263,100.);
#1128=VECTOR('',#4264,100.);
#1129=VECTOR('',#4267,100.);
#1130=VECTOR('',#4268,100.);
#1131=VECTOR('',#4269,100.);
#1132=VECTOR('',#4270,100.);
#1133=VECTOR('',#4271,100.);
#1134=VECTOR('',#4272,100.);
#1135=VECTOR('',#4273,100.);
#1136=VECTOR('',#4274,100.);
#1137=VECTOR('',#4275,100.);
#1138=VECTOR('',#4276,100.);
#1139=VECTOR('',#4277,100.);
#1140=VECTOR('',#4278,100.);
#1141=VECTOR('',#4279,100.);
#1142=VECTOR('',#4280,100.);
#1143=VECTOR('',#4281,100.);
#1144=VECTOR('',#4282,100.);
#1145=VECTOR('',#4283,100.);
#1146=VECTOR('',#4284,100.);
#1147=VECTOR('',#4285,100.);
#1148=VECTOR('',#4286,100.);
#1149=VECTOR('',#4287,100.);
#1150=VECTOR('',#4288,100.);
#1151=VECTOR('',#4289,100.);
#1152=VECTOR('',#4292,100.);
#1153=VECTOR('',#4293,100.);
#1154=VECTOR('',#4294,100.);
#1155=VECTOR('',#4295,100.);
#1156=VECTOR('',#4296,100.);
#1157=VECTOR('',#4301,100.);
#1158=VECTOR('',#4302,100.);
#1159=VECTOR('',#4303,100.);
#1160=VECTOR('',#4304,100.);
#1161=VECTOR('',#4305,100.);
#1162=VECTOR('',#4306,100.);
#1163=VECTOR('',#4307,100.);
#1164=VECTOR('',#4308,100.);
#1165=VECTOR('',#4309,100.);
#1166=VECTOR('',#4310,100.);
#1167=VECTOR('',#4311,100.);
#1168=VECTOR('',#4312,100.);
#1169=VECTOR('',#4313,100.);
#1170=VECTOR('',#4314,100.);
#1171=VECTOR('',#4315,100.);
#1172=VECTOR('',#4316,100.);
#1173=VECTOR('',#4319,100.);
#1174=VECTOR('',#4320,100.);
#1175=VECTOR('',#4321,100.);
#1176=VECTOR('',#4324,100.);
#1177=VECTOR('',#4325,100.);
#1178=VECTOR('',#4326,100.);
#1179=VECTOR('',#4329,100.);
#1180=VECTOR('',#4330,100.);
#1181=VECTOR('',#4333,100.);
#1182=VECTOR('',#4336,100.);
#1183=VECTOR('',#4337,100.);
#1184=VECTOR('',#4338,100.);
#1185=VECTOR('',#4339,100.);
#1186=VECTOR('',#4340,100.);
#1187=VECTOR('',#4343,100.);
#1188=VECTOR('',#4344,100.);
#1189=VECTOR('',#4345,100.);
#1190=VECTOR('',#4346,100.);
#1191=VECTOR('',#4349,100.);
#1192=VECTOR('',#4350,100.);
#1193=VECTOR('',#4351,100.);
#1194=VECTOR('',#4352,100.);
#1195=VECTOR('',#4355,100.);
#1196=VECTOR('',#4356,100.);
#1197=VECTOR('',#4359,100.);
#1198=VECTOR('',#4360,100.);
#1199=VECTOR('',#4361,100.);
#1200=VECTOR('',#4362,100.);
#1201=VECTOR('',#4365,100.);
#1202=VECTOR('',#4366,100.);
#1203=VECTOR('',#4367,100.);
#1204=VECTOR('',#4368,100.);
#1205=VECTOR('',#4369,100.);
#1206=VECTOR('',#4370,100.);
#1207=VECTOR('',#4373,100.);
#1208=VECTOR('',#4374,100.);
#1209=VECTOR('',#4375,100.);
#1210=VECTOR('',#4376,100.);
#1211=VECTOR('',#4377,100.);
#1212=VECTOR('',#4378,100.);
#1213=VECTOR('',#4381,100.);
#1214=VECTOR('',#4382,100.);
#1215=VECTOR('',#4383,100.);
#1216=VECTOR('',#4384,100.);
#1217=VECTOR('',#4387,100.);
#1218=VECTOR('',#4388,100.);
#1219=VECTOR('',#4389,100.);
#1220=VECTOR('',#4392,100.);
#1221=VECTOR('',#4393,100.);
#1222=VECTOR('',#4394,100.);
#1223=VECTOR('',#4397,100.);
#1224=VECTOR('',#4400,100.);
#1225=VECTOR('',#4403,100.);
#1226=VECTOR('',#4404,100.);
#1227=VECTOR('',#4405,100.);
#1228=VECTOR('',#4406,100.);
#1229=VECTOR('',#4409,100.);
#1230=VECTOR('',#4412,100.);
#1231=VECTOR('',#4413,100.);
#1232=VECTOR('',#4414,100.);
#1233=VECTOR('',#4417,100.);
#1234=VECTOR('',#4418,100.);
#1235=VECTOR('',#4419,100.);
#1236=VECTOR('',#4422,100.);
#1237=VECTOR('',#4425,100.);
#1238=VECTOR('',#4426,100.);
#1239=VECTOR('',#4427,100.);
#1240=VECTOR('',#4430,100.);
#1241=VECTOR('',#4431,100.);
#1242=VECTOR('',#4432,100.);
#1243=VECTOR('',#4437,100.);
#1244=VECTOR('',#4438,100.);
#1245=VECTOR('',#4439,100.);
#1246=VECTOR('',#4440,100.);
#1247=VECTOR('',#4441,100.);
#1248=VECTOR('',#4442,100.);
#1249=VECTOR('',#4443,100.);
#1250=VECTOR('',#4444,100.);
#1251=VECTOR('',#4445,100.);
#1252=VECTOR('',#4446,100.);
#1253=VECTOR('',#4447,100.);
#1254=VECTOR('',#4448,100.);
#1255=VECTOR('',#4449,100.);
#1256=VECTOR('',#4450,100.);
#1257=VECTOR('',#4451,100.);
#1258=VECTOR('',#4452,100.);
#1259=VECTOR('',#4453,100.);
#1260=VECTOR('',#4454,100.);
#1261=VECTOR('',#4455,100.);
#1262=VECTOR('',#4456,100.);
#1263=VECTOR('',#4457,100.);
#1264=VECTOR('',#4458,100.);
#1265=VECTOR('',#4459,100.);
#1266=VECTOR('',#4460,100.);
#1267=VECTOR('',#4461,100.);
#1268=VECTOR('',#4466,100.);
#1269=VECTOR('',#4467,100.);
#1270=VECTOR('',#4468,100.);
#1271=VECTOR('',#4469,100.);
#1272=VECTOR('',#4470,100.);
#1273=VECTOR('',#4471,100.);
#1274=VECTOR('',#4472,100.);
#1275=VECTOR('',#4475,100.);
#1276=VECTOR('',#4478,100.);
#1277=VECTOR('',#4479,100.);
#1278=VECTOR('',#4480,100.);
#1279=VECTOR('',#4481,100.);
#1280=VECTOR('',#4482,100.);
#1281=VECTOR('',#4483,100.);
#1282=VECTOR('',#4484,100.);
#1283=VECTOR('',#4485,100.);
#1284=VECTOR('',#4486,100.);
#1285=VECTOR('',#4489,100.);
#1286=VECTOR('',#4492,100.);
#1287=VECTOR('',#4493,100.);
#1288=VECTOR('',#4494,100.);
#1289=VECTOR('',#4495,100.);
#1290=VECTOR('',#4496,100.);
#1291=VECTOR('',#4497,100.);
#1292=VECTOR('',#4500,100.);
#1293=VECTOR('',#4501,100.);
#1294=VECTOR('',#4504,100.);
#1295=VECTOR('',#4505,100.);
#1296=VECTOR('',#4508,100.);
#1297=VECTOR('',#4513,100.);
#1298=VECTOR('',#4514,100.);
#1299=VECTOR('',#4515,100.);
#1300=VECTOR('',#4520,100.);
#1301=VECTOR('',#4521,100.);
#1302=VECTOR('',#4522,100.);
#1303=VECTOR('',#4523,100.);
#1304=VECTOR('',#4526,100.);
#1305=VECTOR('',#4529,100.);
#1306=VECTOR('',#4532,100.);
#1307=VECTOR('',#4533,100.);
#1308=VECTOR('',#4538,100.);
#1309=VECTOR('',#4539,100.);
#1310=VECTOR('',#4544,100.);
#1311=VECTOR('',#4545,100.);
#1312=VECTOR('',#4548,100.);
#1313=VECTOR('',#4549,100.);
#1314=VECTOR('',#4552,100.);
#1315=VECTOR('',#4553,100.);
#1316=VECTOR('',#4554,100.);
#1317=VECTOR('',#4555,100.);
#1318=VECTOR('',#4562,100.);
#1319=VECTOR('',#4565,100.);
#1320=VECTOR('',#4568,100.);
#1321=VECTOR('',#4571,100.);
#1322=VECTOR('',#4574,100.);
#1323=VECTOR('',#4575,100.);
#1324=VECTOR('',#4578,100.);
#1325=VECTOR('',#4581,100.);
#1326=VECTOR('',#4586,100.);
#1327=VECTOR('',#4587,100.);
#1328=VECTOR('',#4590,100.);
#1329=VECTOR('',#4595,100.);
#1330=VECTOR('',#4596,100.);
#1331=VECTOR('',#4597,100.);
#1332=VECTOR('',#4602,100.);
#1333=VECTOR('',#4605,100.);
#1334=VECTOR('',#4608,100.);
#1335=VECTOR('',#4611,100.);
#1336=VECTOR('',#4612,100.);
#1337=VECTOR('',#4615,100.);
#1338=VECTOR('',#4618,100.);
#1339=VECTOR('',#4621,100.);
#1340=VECTOR('',#4628,100.);
#1341=VECTOR('',#4629,100.);
#1342=VECTOR('',#4640,100.);
#1343=VECTOR('',#4643,100.);
#1344=VECTOR('',#4644,100.);
#1345=VECTOR('',#4645,100.);
#1346=VECTOR('',#4652,100.);
#1347=VECTOR('',#4653,100.);
#1348=VECTOR('',#4656,100.);
#1349=VECTOR('',#4657,100.);
#1350=VECTOR('',#4658,100.);
#1351=VECTOR('',#4661,100.);
#1352=VECTOR('',#4662,100.);
#1353=VECTOR('',#4667,100.);
#1354=VECTOR('',#4668,100.);
#1355=VECTOR('',#4669,100.);
#1356=VECTOR('',#4672,100.);
#1357=VECTOR('',#4673,100.);
#1358=VECTOR('',#4678,100.);
#1359=VECTOR('',#4679,100.);
#1360=VECTOR('',#4680,100.);
#1361=VECTOR('',#4683,100.);
#1362=VECTOR('',#4684,100.);
#1363=VECTOR('',#4685,100.);
#1364=VECTOR('',#4688,100.);
#1365=VECTOR('',#4689,100.);
#1366=VECTOR('',#4694,100.);
#1367=VECTOR('',#4695,100.);
#1368=VECTOR('',#4696,100.);
#1369=VECTOR('',#4699,100.);
#1370=VECTOR('',#4700,100.);
#1371=VECTOR('',#4701,100.);
#1372=VECTOR('',#4704,100.);
#1373=VECTOR('',#4705,100.);
#1374=VECTOR('',#4742,100.);
#1375=VECTOR('',#4743,100.);
#1376=VECTOR('',#4746,100.);
#1377=VECTOR('',#4749,100.);
#1378=VECTOR('',#4754,100.);
#1379=VECTOR('',#4755,100.);
#1380=VECTOR('',#4758,100.);
#1381=VECTOR('',#4761,100.);
#1382=VECTOR('',#4766,100.);
#1383=VECTOR('',#4767,100.);
#1384=VECTOR('',#4770,100.);
#1385=VECTOR('',#4773,100.);
#1386=VECTOR('',#4778,100.);
#1387=VECTOR('',#4779,100.);
#1388=VECTOR('',#4782,100.);
#1389=VECTOR('',#4785,100.);
#1390=VECTOR('',#4790,100.);
#1391=VECTOR('',#4793,100.);
#1392=VECTOR('',#4802,100.);
#1393=VECTOR('',#4803,100.);
#1394=VECTOR('',#4806,100.);
#1395=VECTOR('',#4807,100.);
#1396=VECTOR('',#4808,100.);
#1397=VECTOR('',#4809,100.);
#1398=VECTOR('',#4812,100.);
#1399=VECTOR('',#4817,100.);
#1400=VECTOR('',#4818,100.);
#1401=VECTOR('',#4823,100.);
#1402=VECTOR('',#4828,100.);
#1403=VECTOR('',#4829,100.);
#1404=VECTOR('',#4830,100.);
#1405=VECTOR('',#4831,100.);
#1406=VECTOR('',#4836,100.);
#1407=VECTOR('',#4837,100.);
#1408=VECTOR('',#4838,100.);
#1409=VECTOR('',#4839,100.);
#1410=VECTOR('',#4844,100.);
#1411=VECTOR('',#4847,100.);
#1412=VECTOR('',#4850,100.);
#1413=VECTOR('',#4855,100.);
#1414=VECTOR('',#4856,100.);
#1415=VECTOR('',#4859,100.);
#1416=VECTOR('',#4868,100.);
#1417=VECTOR('',#4871,100.);
#1418=VECTOR('',#4874,100.);
#1419=VECTOR('',#4875,100.);
#1420=VECTOR('',#4876,100.);
#1421=VECTOR('',#4877,100.);
#1422=VECTOR('',#4878,100.);
#1423=VECTOR('',#4881,100.);
#1424=VECTOR('',#4882,100.);
#1425=VECTOR('',#4891,100.);
#1426=VECTOR('',#4892,100.);
#1427=VECTOR('',#4893,100.);
#1428=VECTOR('',#4894,100.);
#1429=VECTOR('',#4895,100.);
#1430=VECTOR('',#4896,100.);
#1431=VECTOR('',#4897,100.);
#1432=VECTOR('',#4898,100.);
#1433=VECTOR('',#4899,100.);
#1434=VECTOR('',#4900,100.);
#1435=VECTOR('',#4901,100.);
#1436=VECTOR('',#4902,100.);
#1437=VECTOR('',#4905,100.);
#1438=VECTOR('',#4906,100.);
#1439=VECTOR('',#4907,100.);
#1440=VECTOR('',#4908,100.);
#1441=VECTOR('',#4909,100.);
#1442=VECTOR('',#4910,100.);
#1443=VECTOR('',#4911,100.);
#1444=VECTOR('',#4912,100.);
#1445=VECTOR('',#4913,100.);
#1446=VECTOR('',#4914,100.);
#1447=VECTOR('',#4915,100.);
#1448=VECTOR('',#4916,100.);
#1449=VECTOR('',#4917,100.);
#1450=VECTOR('',#4918,100.);
#1451=VECTOR('',#4919,100.);
#1452=VECTOR('',#4920,100.);
#1453=VECTOR('',#4921,100.);
#1454=VECTOR('',#4922,100.);
#1455=VECTOR('',#4923,100.);
#1456=VECTOR('',#4928,100.);
#1457=VECTOR('',#4931,100.);
#1458=VECTOR('',#4934,100.);
#1459=VECTOR('',#4937,100.);
#1460=VECTOR('',#4940,100.);
#1461=VECTOR('',#4943,100.);
#1462=VECTOR('',#4948,100.);
#1463=VECTOR('',#4953,100.);
#1464=VECTOR('',#4956,100.);
#1465=VECTOR('',#4959,100.);
#1466=VECTOR('',#4962,100.);
#1467=VECTOR('',#4965,100.);
#1468=VECTOR('',#4968,100.);
#1469=VECTOR('',#4971,100.);
#1470=VECTOR('',#4974,100.);
#1471=VECTOR('',#4977,100.);
#1472=VECTOR('',#4990,100.);
#1473=VECTOR('',#4991,100.);
#1474=VECTOR('',#4994,100.);
#1475=VECTOR('',#4997,100.);
#1476=VECTOR('',#5002,100.);
#1477=VECTOR('',#5003,100.);
#1478=VECTOR('',#5006,100.);
#1479=VECTOR('',#5009,100.);
#1480=VECTOR('',#5014,100.);
#1481=VECTOR('',#5015,100.);
#1482=VECTOR('',#5022,100.);
#1483=VECTOR('',#5023,100.);
#1484=VECTOR('',#5026,100.);
#1485=VECTOR('',#5027,100.);
#1486=CIRCLE('',#3763,0.4);
#1487=CIRCLE('',#3764,0.4);
#1488=CIRCLE('',#3766,0.174999999999999);
#1489=CIRCLE('',#3767,0.174999999999999);
#1490=CIRCLE('',#3769,0.175);
#1491=CIRCLE('',#3770,0.175);
#1492=CIRCLE('',#3772,0.175);
#1493=CIRCLE('',#3773,0.175);
#1494=CIRCLE('',#3775,0.175);
#1495=CIRCLE('',#3776,0.175);
#1496=CIRCLE('',#3778,0.175);
#1497=CIRCLE('',#3779,0.175);
#1498=CIRCLE('',#3781,0.175);
#1499=CIRCLE('',#3782,0.175);
#1500=CIRCLE('',#3784,0.175);
#1501=CIRCLE('',#3785,0.175);
#1502=CIRCLE('',#3787,0.1);
#1503=CIRCLE('',#3788,0.1);
#1504=CIRCLE('',#3790,0.1);
#1505=CIRCLE('',#3791,0.1);
#1506=CIRCLE('',#3793,0.175);
#1507=CIRCLE('',#3794,0.175);
#1508=CIRCLE('',#3796,0.175);
#1509=CIRCLE('',#3797,0.175);
#1510=CIRCLE('',#3799,0.24);
#1511=CIRCLE('',#3800,0.24);
#1512=CIRCLE('',#3802,0.24);
#1513=CIRCLE('',#3803,0.24);
#1514=CIRCLE('',#3805,0.24);
#1515=CIRCLE('',#3806,0.24);
#1516=CIRCLE('',#3808,0.24);
#1517=CIRCLE('',#3809,0.24);
#1518=CIRCLE('',#3811,0.175);
#1519=CIRCLE('',#3812,0.175);
#1520=CIRCLE('',#3814,0.175000000000002);
#1521=CIRCLE('',#3815,0.175000000000002);
#1522=CIRCLE('',#3817,0.175);
#1523=CIRCLE('',#3818,0.175);
#1524=CIRCLE('',#3820,0.24);
#1525=CIRCLE('',#3821,0.24);
#1526=CIRCLE('',#3823,0.17499999999991);
#1527=CIRCLE('',#3824,0.17499999999991);
#1528=CIRCLE('',#3826,0.24);
#1529=CIRCLE('',#3827,0.24);
#1530=CIRCLE('',#3829,1.);
#1531=CIRCLE('',#3830,1.96000000000001);
#1532=CIRCLE('',#3831,0.359033221608293);
#1533=CIRCLE('',#3832,0.4);
#1534=CIRCLE('',#3833,0.359033221608293);
#1535=CIRCLE('',#3834,1.96000000000001);
#1536=CIRCLE('',#3835,1.);
#1537=CIRCLE('',#3836,0.1);
#1538=CIRCLE('',#3837,0.1);
#1539=CIRCLE('',#3838,0.24);
#1540=CIRCLE('',#3839,0.175);
#1541=CIRCLE('',#3841,0.25);
#1542=CIRCLE('',#3843,1.73795054009489);
#1543=CIRCLE('',#3844,1.73397616909812);
#1544=CIRCLE('',#3847,0.25);
#1545=CIRCLE('',#3855,1.);
#1546=CIRCLE('',#3856,1.);
#1547=CIRCLE('',#3857,1.96000000000001);
#1548=CIRCLE('',#3858,0.359033221608293);
#1549=CIRCLE('',#3859,0.25);
#1550=CIRCLE('',#3860,1.73397616909812);
#1551=CIRCLE('',#3861,1.73795054009489);
#1552=CIRCLE('',#3862,0.25);
#1553=CIRCLE('',#3863,0.359033221608293);
#1554=CIRCLE('',#3864,1.95999999999999);
#1555=CIRCLE('',#3865,0.175);
#1556=CIRCLE('',#3866,0.24);
#1557=CIRCLE('',#3867,0.1);
#1558=CIRCLE('',#3868,0.2);
#1559=CIRCLE('',#3869,0.2);
#1560=CIRCLE('',#3870,0.1);
#1561=CIRCLE('',#3874,1.275);
#1562=CIRCLE('',#3875,0.1);
#1563=CIRCLE('',#3876,0.1);
#1564=CIRCLE('',#3900,0.1);
#1565=CIRCLE('',#3902,0.2);
#1566=CIRCLE('',#3904,0.2);
#1567=CIRCLE('',#3906,0.1);
#1568=CIRCLE('',#3910,1.275);
#1569=CIRCLE('',#3912,0.1);
#1570=CIRCLE('',#3914,1.275);
#1571=CIRCLE('',#3915,1.275);
#1572=CIRCLE('',#3917,0.1);
#1573=CIRCLE('',#3918,0.1);
#1574=CIRCLE('',#3920,0.1);
#1575=CIRCLE('',#4001,0.4);
#1576=CIRCLE('',#4035,0.1);
#1577=CIRCLE('',#4037,0.1);
#1578=VERTEX_POINT('',#5034);
#1579=VERTEX_POINT('',#5035);
#1580=VERTEX_POINT('',#5037);
#1581=VERTEX_POINT('',#5039);
#1582=VERTEX_POINT('',#5043);
#1583=VERTEX_POINT('',#5045);
#1584=VERTEX_POINT('',#5049);
#1585=VERTEX_POINT('',#5051);
#1586=VERTEX_POINT('',#5055);
#1587=VERTEX_POINT('',#5057);
#1588=VERTEX_POINT('',#5061);
#1589=VERTEX_POINT('',#5063);
#1590=VERTEX_POINT('',#5067);
#1591=VERTEX_POINT('',#5069);
#1592=VERTEX_POINT('',#5073);
#1593=VERTEX_POINT('',#5075);
#1594=VERTEX_POINT('',#5079);
#1595=VERTEX_POINT('',#5081);
#1596=VERTEX_POINT('',#5085);
#1597=VERTEX_POINT('',#5087);
#1598=VERTEX_POINT('',#5091);
#1599=VERTEX_POINT('',#5093);
#1600=VERTEX_POINT('',#5097);
#1601=VERTEX_POINT('',#5099);
#1602=VERTEX_POINT('',#5103);
#1603=VERTEX_POINT('',#5105);
#1604=VERTEX_POINT('',#5109);
#1605=VERTEX_POINT('',#5111);
#1606=VERTEX_POINT('',#5115);
#1607=VERTEX_POINT('',#5117);
#1608=VERTEX_POINT('',#5121);
#1609=VERTEX_POINT('',#5123);
#1610=VERTEX_POINT('',#5127);
#1611=VERTEX_POINT('',#5129);
#1612=VERTEX_POINT('',#5133);
#1613=VERTEX_POINT('',#5135);
#1614=VERTEX_POINT('',#5139);
#1615=VERTEX_POINT('',#5141);
#1616=VERTEX_POINT('',#5145);
#1617=VERTEX_POINT('',#5147);
#1618=VERTEX_POINT('',#5151);
#1619=VERTEX_POINT('',#5153);
#1620=VERTEX_POINT('',#5157);
#1621=VERTEX_POINT('',#5158);
#1622=VERTEX_POINT('',#5160);
#1623=VERTEX_POINT('',#5162);
#1624=VERTEX_POINT('',#5166);
#1625=VERTEX_POINT('',#5167);
#1626=VERTEX_POINT('',#5169);
#1627=VERTEX_POINT('',#5171);
#1628=VERTEX_POINT('',#5175);
#1629=VERTEX_POINT('',#5176);
#1630=VERTEX_POINT('',#5178);
#1631=VERTEX_POINT('',#5180);
#1632=VERTEX_POINT('',#5182);
#1633=VERTEX_POINT('',#5184);
#1634=VERTEX_POINT('',#5186);
#1635=VERTEX_POINT('',#5188);
#1636=VERTEX_POINT('',#5190);
#1637=VERTEX_POINT('',#5192);
#1638=VERTEX_POINT('',#5194);
#1639=VERTEX_POINT('',#5196);
#1640=VERTEX_POINT('',#5198);
#1641=VERTEX_POINT('',#5200);
#1642=VERTEX_POINT('',#5202);
#1643=VERTEX_POINT('',#5204);
#1644=VERTEX_POINT('',#5206);
#1645=VERTEX_POINT('',#5208);
#1646=VERTEX_POINT('',#5210);
#1647=VERTEX_POINT('',#5212);
#1648=VERTEX_POINT('',#5214);
#1649=VERTEX_POINT('',#5216);
#1650=VERTEX_POINT('',#5218);
#1651=VERTEX_POINT('',#5220);
#1652=VERTEX_POINT('',#5222);
#1653=VERTEX_POINT('',#5224);
#1654=VERTEX_POINT('',#5226);
#1655=VERTEX_POINT('',#5228);
#1656=VERTEX_POINT('',#5230);
#1657=VERTEX_POINT('',#5232);
#1658=VERTEX_POINT('',#5235);
#1659=VERTEX_POINT('',#5237);
#1660=VERTEX_POINT('',#5239);
#1661=VERTEX_POINT('',#5241);
#1662=VERTEX_POINT('',#5243);
#1663=VERTEX_POINT('',#5245);
#1664=VERTEX_POINT('',#5247);
#1665=VERTEX_POINT('',#5249);
#1666=VERTEX_POINT('',#5251);
#1667=VERTEX_POINT('',#5253);
#1668=VERTEX_POINT('',#5255);
#1669=VERTEX_POINT('',#5257);
#1670=VERTEX_POINT('',#5259);
#1671=VERTEX_POINT('',#5261);
#1672=VERTEX_POINT('',#5263);
#1673=VERTEX_POINT('',#5265);
#1674=VERTEX_POINT('',#5267);
#1675=VERTEX_POINT('',#5270);
#1676=VERTEX_POINT('',#5271);
#1677=VERTEX_POINT('',#5273);
#1678=VERTEX_POINT('',#5275);
#1679=VERTEX_POINT('',#5277);
#1680=VERTEX_POINT('',#5279);
#1681=VERTEX_POINT('',#5281);
#1682=VERTEX_POINT('',#5283);
#1683=VERTEX_POINT('',#5285);
#1684=VERTEX_POINT('',#5287);
#1685=VERTEX_POINT('',#5289);
#1686=VERTEX_POINT('',#5291);
#1687=VERTEX_POINT('',#5293);
#1688=VERTEX_POINT('',#5295);
#1689=VERTEX_POINT('',#5297);
#1690=VERTEX_POINT('',#5299);
#1691=VERTEX_POINT('',#5301);
#1692=VERTEX_POINT('',#5303);
#1693=VERTEX_POINT('',#5305);
#1694=VERTEX_POINT('',#5307);
#1695=VERTEX_POINT('',#5309);
#1696=VERTEX_POINT('',#5311);
#1697=VERTEX_POINT('',#5313);
#1698=VERTEX_POINT('',#5315);
#1699=VERTEX_POINT('',#5317);
#1700=VERTEX_POINT('',#5319);
#1701=VERTEX_POINT('',#5321);
#1702=VERTEX_POINT('',#5323);
#1703=VERTEX_POINT('',#5325);
#1704=VERTEX_POINT('',#5327);
#1705=VERTEX_POINT('',#5329);
#1706=VERTEX_POINT('',#5331);
#1707=VERTEX_POINT('',#5333);
#1708=VERTEX_POINT('',#5335);
#1709=VERTEX_POINT('',#5337);
#1710=VERTEX_POINT('',#5339);
#1711=VERTEX_POINT('',#5341);
#1712=VERTEX_POINT('',#5343);
#1713=VERTEX_POINT('',#5348);
#1714=VERTEX_POINT('',#5349);
#1715=VERTEX_POINT('',#5351);
#1716=VERTEX_POINT('',#5353);
#1717=VERTEX_POINT('',#5356);
#1718=VERTEX_POINT('',#5357);
#1719=VERTEX_POINT('',#5359);
#1720=VERTEX_POINT('',#5361);
#1721=VERTEX_POINT('',#5364);
#1722=VERTEX_POINT('',#5365);
#1723=VERTEX_POINT('',#5367);
#1724=VERTEX_POINT('',#5369);
#1725=VERTEX_POINT('',#5372);
#1726=VERTEX_POINT('',#5373);
#1727=VERTEX_POINT('',#5375);
#1728=VERTEX_POINT('',#5377);
#1729=VERTEX_POINT('',#5381);
#1730=VERTEX_POINT('',#5382);
#1731=VERTEX_POINT('',#5384);
#1732=VERTEX_POINT('',#5386);
#1733=VERTEX_POINT('',#5388);
#1734=VERTEX_POINT('',#5390);
#1735=VERTEX_POINT('',#5392);
#1736=VERTEX_POINT('',#5396);
#1737=VERTEX_POINT('',#5397);
#1738=VERTEX_POINT('',#5399);
#1739=VERTEX_POINT('',#5401);
#1740=VERTEX_POINT('',#5403);
#1741=VERTEX_POINT('',#5405);
#1742=VERTEX_POINT('',#5407);
#1743=VERTEX_POINT('',#5409);
#1744=VERTEX_POINT('',#5411);
#1745=VERTEX_POINT('',#5413);
#1746=VERTEX_POINT('',#5417);
#1747=VERTEX_POINT('',#5418);
#1748=VERTEX_POINT('',#5420);
#1749=VERTEX_POINT('',#5422);
#1750=VERTEX_POINT('',#5426);
#1751=VERTEX_POINT('',#5427);
#1752=VERTEX_POINT('',#5429);
#1753=VERTEX_POINT('',#5431);
#1754=VERTEX_POINT('',#5433);
#1755=VERTEX_POINT('',#5435);
#1756=VERTEX_POINT('',#5437);
#1757=VERTEX_POINT('',#5441);
#1758=VERTEX_POINT('',#5442);
#1759=VERTEX_POINT('',#5444);
#1760=VERTEX_POINT('',#5446);
#1761=VERTEX_POINT('',#5450);
#1762=VERTEX_POINT('',#5452);
#1763=VERTEX_POINT('',#5455);
#1764=VERTEX_POINT('',#5457);
#1765=VERTEX_POINT('',#5461);
#1766=VERTEX_POINT('',#5463);
#1767=VERTEX_POINT('',#5466);
#1768=VERTEX_POINT('',#5468);
#1769=VERTEX_POINT('',#5472);
#1770=VERTEX_POINT('',#5473);
#1771=VERTEX_POINT('',#5475);
#1772=VERTEX_POINT('',#5477);
#1773=VERTEX_POINT('',#5481);
#1774=VERTEX_POINT('',#5483);
#1775=VERTEX_POINT('',#5487);
#1776=VERTEX_POINT('',#5489);
#1777=VERTEX_POINT('',#5493);
#1778=VERTEX_POINT('',#5494);
#1779=VERTEX_POINT('',#5496);
#1780=VERTEX_POINT('',#5498);
#1781=VERTEX_POINT('',#5500);
#1782=VERTEX_POINT('',#5502);
#1783=VERTEX_POINT('',#5504);
#1784=VERTEX_POINT('',#5506);
#1785=VERTEX_POINT('',#5508);
#1786=VERTEX_POINT('',#5511);
#1787=VERTEX_POINT('',#5513);
#1788=VERTEX_POINT('',#5515);
#1789=VERTEX_POINT('',#5517);
#1790=VERTEX_POINT('',#5519);
#1791=VERTEX_POINT('',#5521);
#1792=VERTEX_POINT('',#5523);
#1793=VERTEX_POINT('',#5525);
#1794=VERTEX_POINT('',#5527);
#1795=VERTEX_POINT('',#5529);
#1796=VERTEX_POINT('',#5531);
#1797=VERTEX_POINT('',#5533);
#1798=VERTEX_POINT('',#5535);
#1799=VERTEX_POINT('',#5537);
#1800=VERTEX_POINT('',#5539);
#1801=VERTEX_POINT('',#5541);
#1802=VERTEX_POINT('',#5543);
#1803=VERTEX_POINT('',#5545);
#1804=VERTEX_POINT('',#5547);
#1805=VERTEX_POINT('',#5550);
#1806=VERTEX_POINT('',#5552);
#1807=VERTEX_POINT('',#5554);
#1808=VERTEX_POINT('',#5557);
#1809=VERTEX_POINT('',#5558);
#1810=VERTEX_POINT('',#5560);
#1811=VERTEX_POINT('',#5562);
#1812=VERTEX_POINT('',#5567);
#1813=VERTEX_POINT('',#5568);
#1814=VERTEX_POINT('',#5570);
#1815=VERTEX_POINT('',#5572);
#1816=VERTEX_POINT('',#5575);
#1817=VERTEX_POINT('',#5576);
#1818=VERTEX_POINT('',#5578);
#1819=VERTEX_POINT('',#5580);
#1820=VERTEX_POINT('',#5583);
#1821=VERTEX_POINT('',#5584);
#1822=VERTEX_POINT('',#5586);
#1823=VERTEX_POINT('',#5588);
#1824=VERTEX_POINT('',#5591);
#1825=VERTEX_POINT('',#5592);
#1826=VERTEX_POINT('',#5594);
#1827=VERTEX_POINT('',#5596);
#1828=VERTEX_POINT('',#5601);
#1829=VERTEX_POINT('',#5602);
#1830=VERTEX_POINT('',#5604);
#1831=VERTEX_POINT('',#5606);
#1832=VERTEX_POINT('',#5608);
#1833=VERTEX_POINT('',#5610);
#1834=VERTEX_POINT('',#5612);
#1835=VERTEX_POINT('',#5614);
#1836=VERTEX_POINT('',#5616);
#1837=VERTEX_POINT('',#5618);
#1838=VERTEX_POINT('',#5620);
#1839=VERTEX_POINT('',#5622);
#1840=VERTEX_POINT('',#5624);
#1841=VERTEX_POINT('',#5626);
#1842=VERTEX_POINT('',#5628);
#1843=VERTEX_POINT('',#5630);
#1844=VERTEX_POINT('',#5632);
#1845=VERTEX_POINT('',#5634);
#1846=VERTEX_POINT('',#5636);
#1847=VERTEX_POINT('',#5638);
#1848=VERTEX_POINT('',#5640);
#1849=VERTEX_POINT('',#5642);
#1850=VERTEX_POINT('',#5644);
#1851=VERTEX_POINT('',#5646);
#1852=VERTEX_POINT('',#5648);
#1853=VERTEX_POINT('',#5650);
#1854=VERTEX_POINT('',#5652);
#1855=VERTEX_POINT('',#5654);
#1856=VERTEX_POINT('',#5666);
#1857=VERTEX_POINT('',#5668);
#1858=VERTEX_POINT('',#5670);
#1859=VERTEX_POINT('',#5672);
#1860=VERTEX_POINT('',#5677);
#1861=VERTEX_POINT('',#5679);
#1862=VERTEX_POINT('',#5702);
#1863=VERTEX_POINT('',#5704);
#1864=VERTEX_POINT('',#5731);
#1865=VERTEX_POINT('',#5733);
#1866=VERTEX_POINT('',#5735);
#1867=VERTEX_POINT('',#5739);
#1868=VERTEX_POINT('',#5743);
#1869=VERTEX_POINT('',#5745);
#1870=VERTEX_POINT('',#5749);
#1871=VERTEX_POINT('',#5751);
#1872=VERTEX_POINT('',#5762);
#1873=VERTEX_POINT('',#5764);
#1874=VERTEX_POINT('',#5772);
#1875=VERTEX_POINT('',#5774);
#1876=VERTEX_POINT('',#5776);
#1877=VERTEX_POINT('',#5778);
#1878=VERTEX_POINT('',#5782);
#1879=VERTEX_POINT('',#5784);
#1880=VERTEX_POINT('',#5788);
#1881=VERTEX_POINT('',#5789);
#1882=VERTEX_POINT('',#5798);
#1883=VERTEX_POINT('',#5800);
#1884=VERTEX_POINT('',#5808);
#1885=VERTEX_POINT('',#5809);
#1886=VERTEX_POINT('',#5814);
#1887=VERTEX_POINT('',#5816);
#1888=VERTEX_POINT('',#5824);
#1889=VERTEX_POINT('',#5826);
#1890=VERTEX_POINT('',#5830);
#1891=VERTEX_POINT('',#5832);
#1892=VERTEX_POINT('',#5899);
#1893=VERTEX_POINT('',#5901);
#1894=VERTEX_POINT('',#5916);
#1895=VERTEX_POINT('',#5918);
#1896=VERTEX_POINT('',#5924);
#1897=VERTEX_POINT('',#5926);
#1898=VERTEX_POINT('',#5951);
#1899=VERTEX_POINT('',#5953);
#1900=VERTEX_POINT('',#5965);
#1901=VERTEX_POINT('',#5967);
#1902=VERTEX_POINT('',#5969);
#1903=VERTEX_POINT('',#5971);
#1904=VERTEX_POINT('',#5973);
#1905=VERTEX_POINT('',#5975);
#1906=VERTEX_POINT('',#5978);
#1907=VERTEX_POINT('',#5981);
#1908=VERTEX_POINT('',#5983);
#1909=VERTEX_POINT('',#5985);
#1910=VERTEX_POINT('',#5987);
#1911=VERTEX_POINT('',#5989);
#1912=VERTEX_POINT('',#5991);
#1913=VERTEX_POINT('',#5993);
#1914=VERTEX_POINT('',#5995);
#1915=VERTEX_POINT('',#5997);
#1916=VERTEX_POINT('',#6004);
#1917=VERTEX_POINT('',#6005);
#1918=VERTEX_POINT('',#6007);
#1919=VERTEX_POINT('',#6009);
#1920=VERTEX_POINT('',#6012);
#1921=VERTEX_POINT('',#6013);
#1922=VERTEX_POINT('',#6015);
#1923=VERTEX_POINT('',#6017);
#1924=VERTEX_POINT('',#6077);
#1925=VERTEX_POINT('',#6079);
#1926=VERTEX_POINT('',#6083);
#1927=VERTEX_POINT('',#6085);
#1928=EDGE_CURVE('',#1578,#1579,#1486,.T.);
#1929=EDGE_CURVE('',#1578,#1580,#624,.T.);
#1930=EDGE_CURVE('',#1580,#1581,#1487,.T.);
#1931=EDGE_CURVE('',#1579,#1581,#625,.T.);
#1932=EDGE_CURVE('',#1582,#1582,#1488,.T.);
#1933=EDGE_CURVE('',#1582,#1583,#626,.T.);
#1934=EDGE_CURVE('',#1583,#1583,#1489,.T.);
#1935=EDGE_CURVE('',#1584,#1584,#1490,.T.);
#1936=EDGE_CURVE('',#1584,#1585,#627,.T.);
#1937=EDGE_CURVE('',#1585,#1585,#1491,.T.);
#1938=EDGE_CURVE('',#1586,#1586,#1492,.T.);
#1939=EDGE_CURVE('',#1586,#1587,#628,.T.);
#1940=EDGE_CURVE('',#1587,#1587,#1493,.T.);
#1941=EDGE_CURVE('',#1588,#1588,#1494,.T.);
#1942=EDGE_CURVE('',#1588,#1589,#629,.T.);
#1943=EDGE_CURVE('',#1589,#1589,#1495,.T.);
#1944=EDGE_CURVE('',#1590,#1590,#1496,.T.);
#1945=EDGE_CURVE('',#1590,#1591,#630,.T.);
#1946=EDGE_CURVE('',#1591,#1591,#1497,.T.);
#1947=EDGE_CURVE('',#1592,#1592,#1498,.T.);
#1948=EDGE_CURVE('',#1592,#1593,#631,.T.);
#1949=EDGE_CURVE('',#1593,#1593,#1499,.T.);
#1950=EDGE_CURVE('',#1594,#1594,#1500,.T.);
#1951=EDGE_CURVE('',#1594,#1595,#632,.T.);
#1952=EDGE_CURVE('',#1595,#1595,#1501,.T.);
#1953=EDGE_CURVE('',#1596,#1596,#1502,.T.);
#1954=EDGE_CURVE('',#1596,#1597,#633,.T.);
#1955=EDGE_CURVE('',#1597,#1597,#1503,.T.);
#1956=EDGE_CURVE('',#1598,#1598,#1504,.T.);
#1957=EDGE_CURVE('',#1598,#1599,#634,.T.);
#1958=EDGE_CURVE('',#1599,#1599,#1505,.T.);
#1959=EDGE_CURVE('',#1600,#1600,#1506,.T.);
#1960=EDGE_CURVE('',#1600,#1601,#635,.T.);
#1961=EDGE_CURVE('',#1601,#1601,#1507,.T.);
#1962=EDGE_CURVE('',#1602,#1602,#1508,.T.);
#1963=EDGE_CURVE('',#1602,#1603,#636,.T.);
#1964=EDGE_CURVE('',#1603,#1603,#1509,.T.);
#1965=EDGE_CURVE('',#1604,#1604,#1510,.T.);
#1966=EDGE_CURVE('',#1604,#1605,#637,.T.);
#1967=EDGE_CURVE('',#1605,#1605,#1511,.T.);
#1968=EDGE_CURVE('',#1606,#1606,#1512,.T.);
#1969=EDGE_CURVE('',#1606,#1607,#638,.T.);
#1970=EDGE_CURVE('',#1607,#1607,#1513,.T.);
#1971=EDGE_CURVE('',#1608,#1608,#1514,.T.);
#1972=EDGE_CURVE('',#1608,#1609,#639,.T.);
#1973=EDGE_CURVE('',#1609,#1609,#1515,.T.);
#1974=EDGE_CURVE('',#1610,#1610,#1516,.T.);
#1975=EDGE_CURVE('',#1610,#1611,#640,.T.);
#1976=EDGE_CURVE('',#1611,#1611,#1517,.T.);
#1977=EDGE_CURVE('',#1612,#1612,#1518,.T.);
#1978=EDGE_CURVE('',#1612,#1613,#641,.T.);
#1979=EDGE_CURVE('',#1613,#1613,#1519,.T.);
#1980=EDGE_CURVE('',#1614,#1614,#1520,.T.);
#1981=EDGE_CURVE('',#1614,#1615,#642,.T.);
#1982=EDGE_CURVE('',#1615,#1615,#1521,.T.);
#1983=EDGE_CURVE('',#1616,#1616,#1522,.T.);
#1984=EDGE_CURVE('',#1616,#1617,#643,.T.);
#1985=EDGE_CURVE('',#1617,#1617,#1523,.T.);
#1986=EDGE_CURVE('',#1618,#1618,#1524,.T.);
#1987=EDGE_CURVE('',#1618,#1619,#644,.T.);
#1988=EDGE_CURVE('',#1619,#1619,#1525,.T.);
#1989=EDGE_CURVE('',#1620,#1621,#1526,.T.);
#1990=EDGE_CURVE('',#1622,#1620,#645,.T.);
#1991=EDGE_CURVE('',#1622,#1623,#1527,.T.);
#1992=EDGE_CURVE('',#1621,#1623,#646,.T.);
#1993=EDGE_CURVE('',#1624,#1625,#1528,.T.);
#1994=EDGE_CURVE('',#1626,#1624,#647,.T.);
#1995=EDGE_CURVE('',#1627,#1626,#1529,.T.);
#1996=EDGE_CURVE('',#1625,#1627,#648,.T.);
#1997=EDGE_CURVE('',#1628,#1629,#649,.T.);
#1998=EDGE_CURVE('',#1628,#1630,#650,.T.);
#1999=EDGE_CURVE('',#1631,#1630,#651,.T.);
#2000=EDGE_CURVE('',#1631,#1632,#652,.T.);
#2001=EDGE_CURVE('',#1632,#1633,#1530,.T.);
#2002=EDGE_CURVE('',#1633,#1634,#653,.T.);
#2003=EDGE_CURVE('',#1634,#1635,#654,.T.);
#2004=EDGE_CURVE('',#1635,#1636,#655,.T.);
#2005=EDGE_CURVE('',#1636,#1637,#656,.T.);
#2006=EDGE_CURVE('',#1637,#1638,#1531,.T.);
#2007=EDGE_CURVE('',#1638,#1639,#657,.T.);
#2008=EDGE_CURVE('',#1639,#1640,#1532,.T.);
#2009=EDGE_CURVE('',#1640,#1641,#658,.T.);
#2010=EDGE_CURVE('',#1642,#1641,#659,.T.);
#2011=EDGE_CURVE('',#1643,#1642,#660,.T.);
#2012=EDGE_CURVE('',#1644,#1643,#661,.T.);
#2013=EDGE_CURVE('',#1645,#1644,#662,.T.);
#2014=EDGE_CURVE('',#1646,#1645,#663,.T.);
#2015=EDGE_CURVE('',#1647,#1646,#664,.T.);
#2016=EDGE_CURVE('',#1648,#1647,#665,.T.);
#2017=EDGE_CURVE('',#1649,#1648,#1533,.T.);
#2018=EDGE_CURVE('',#1650,#1649,#666,.T.);
#2019=EDGE_CURVE('',#1651,#1650,#667,.T.);
#2020=EDGE_CURVE('',#1652,#1651,#668,.T.);
#2021=EDGE_CURVE('',#1653,#1652,#669,.T.);
#2022=EDGE_CURVE('',#1654,#1653,#670,.T.);
#2023=EDGE_CURVE('',#1655,#1654,#671,.T.);
#2024=EDGE_CURVE('',#1656,#1655,#672,.T.);
#2025=EDGE_CURVE('',#1657,#1656,#673,.T.);
#2026=EDGE_CURVE('',#1581,#1657,#674,.T.);
#2027=EDGE_CURVE('',#1658,#1580,#675,.T.);
#2028=EDGE_CURVE('',#1659,#1658,#676,.T.);
#2029=EDGE_CURVE('',#1660,#1659,#677,.T.);
#2030=EDGE_CURVE('',#1661,#1660,#678,.T.);
#2031=EDGE_CURVE('',#1662,#1661,#679,.T.);
#2032=EDGE_CURVE('',#1663,#1662,#680,.T.);
#2033=EDGE_CURVE('',#1664,#1663,#681,.T.);
#2034=EDGE_CURVE('',#1664,#1665,#682,.T.);
#2035=EDGE_CURVE('',#1665,#1666,#1534,.T.);
#2036=EDGE_CURVE('',#1666,#1667,#683,.T.);
#2037=EDGE_CURVE('',#1667,#1668,#684,.T.);
#2038=EDGE_CURVE('',#1668,#1669,#1535,.T.);
#2039=EDGE_CURVE('',#1669,#1670,#685,.T.);
#2040=EDGE_CURVE('',#1670,#1671,#686,.T.);
#2041=EDGE_CURVE('',#1671,#1672,#687,.T.);
#2042=EDGE_CURVE('',#1672,#1673,#688,.T.);
#2043=EDGE_CURVE('',#1673,#1674,#1536,.T.);
#2044=EDGE_CURVE('',#1674,#1629,#689,.T.);
#2045=EDGE_CURVE('',#1675,#1676,#690,.T.);
#2046=EDGE_CURVE('',#1675,#1677,#691,.T.);
#2047=EDGE_CURVE('',#1678,#1677,#692,.T.);
#2048=EDGE_CURVE('',#1678,#1679,#693,.T.);
#2049=EDGE_CURVE('',#1679,#1680,#694,.T.);
#2050=EDGE_CURVE('',#1680,#1681,#695,.T.);
#2051=EDGE_CURVE('',#1681,#1682,#696,.T.);
#2052=EDGE_CURVE('',#1683,#1682,#697,.T.);
#2053=EDGE_CURVE('',#1684,#1683,#1537,.T.);
#2054=EDGE_CURVE('',#1685,#1684,#698,.T.);
#2055=EDGE_CURVE('',#1685,#1686,#699,.T.);
#2056=EDGE_CURVE('',#1686,#1687,#700,.T.);
#2057=EDGE_CURVE('',#1687,#1688,#701,.T.);
#2058=EDGE_CURVE('',#1689,#1688,#702,.T.);
#2059=EDGE_CURVE('',#1689,#1690,#703,.T.);
#2060=EDGE_CURVE('',#1690,#1691,#704,.T.);
#2061=EDGE_CURVE('',#1691,#1692,#705,.T.);
#2062=EDGE_CURVE('',#1692,#1693,#706,.T.);
#2063=EDGE_CURVE('',#1694,#1693,#707,.T.);
#2064=EDGE_CURVE('',#1695,#1694,#708,.T.);
#2065=EDGE_CURVE('',#1696,#1695,#709,.T.);
#2066=EDGE_CURVE('',#1697,#1696,#710,.T.);
#2067=EDGE_CURVE('',#1698,#1697,#711,.T.);
#2068=EDGE_CURVE('',#1698,#1699,#712,.T.);
#2069=EDGE_CURVE('',#1699,#1700,#713,.T.);
#2070=EDGE_CURVE('',#1700,#1701,#714,.T.);
#2071=EDGE_CURVE('',#1701,#1702,#715,.T.);
#2072=EDGE_CURVE('',#1702,#1703,#716,.T.);
#2073=EDGE_CURVE('',#1703,#1704,#717,.T.);
#2074=EDGE_CURVE('',#1704,#1705,#718,.T.);
#2075=EDGE_CURVE('',#1705,#1706,#719,.T.);
#2076=EDGE_CURVE('',#1707,#1706,#720,.T.);
#2077=EDGE_CURVE('',#1708,#1707,#1538,.T.);
#2078=EDGE_CURVE('',#1709,#1708,#721,.T.);
#2079=EDGE_CURVE('',#1709,#1710,#722,.T.);
#2080=EDGE_CURVE('',#1710,#1711,#723,.T.);
#2081=EDGE_CURVE('',#1711,#1712,#724,.T.);
#2082=EDGE_CURVE('',#1712,#1676,#725,.T.);
#2083=EDGE_CURVE('',#1627,#1626,#1539,.T.);
#2084=EDGE_CURVE('',#1623,#1622,#1540,.T.);
#2085=EDGE_CURVE('',#1713,#1714,#726,.T.);
#2086=EDGE_CURVE('',#1715,#1713,#727,.T.);
#2087=EDGE_CURVE('',#1716,#1715,#728,.T.);
#2088=EDGE_CURVE('',#1714,#1716,#729,.T.);
#2089=EDGE_CURVE('',#1717,#1718,#730,.T.);
#2090=EDGE_CURVE('',#1719,#1717,#731,.T.);
#2091=EDGE_CURVE('',#1720,#1719,#732,.T.);
#2092=EDGE_CURVE('',#1718,#1720,#733,.T.);
#2093=EDGE_CURVE('',#1721,#1722,#734,.T.);
#2094=EDGE_CURVE('',#1723,#1721,#735,.T.);
#2095=EDGE_CURVE('',#1724,#1723,#736,.T.);
#2096=EDGE_CURVE('',#1722,#1724,#737,.T.);
#2097=EDGE_CURVE('',#1725,#1726,#738,.T.);
#2098=EDGE_CURVE('',#1727,#1725,#739,.T.);
#2099=EDGE_CURVE('',#1728,#1727,#740,.T.);
#2100=EDGE_CURVE('',#1726,#1728,#741,.T.);
#2101=EDGE_CURVE('',#1729,#1730,#742,.T.);
#2102=EDGE_CURVE('',#1729,#1731,#743,.T.);
#2103=EDGE_CURVE('',#1732,#1731,#744,.T.);
#2104=EDGE_CURVE('',#1733,#1732,#1541,.T.);
#2105=EDGE_CURVE('',#1734,#1733,#745,.T.);
#2106=EDGE_CURVE('',#1735,#1734,#746,.T.);
#2107=EDGE_CURVE('',#1730,#1735,#747,.T.);
#2108=EDGE_CURVE('',#1736,#1737,#748,.T.);
#2109=EDGE_CURVE('',#1736,#1738,#749,.T.);
#2110=EDGE_CURVE('',#1738,#1739,#1542,.T.);
#2111=EDGE_CURVE('',#1740,#1739,#750,.T.);
#2112=EDGE_CURVE('',#1740,#1741,#1543,.T.);
#2113=EDGE_CURVE('',#1741,#1742,#751,.T.);
#2114=EDGE_CURVE('',#1743,#1742,#752,.T.);
#2115=EDGE_CURVE('',#1743,#1744,#753,.T.);
#2116=EDGE_CURVE('',#1744,#1745,#754,.T.);
#2117=EDGE_CURVE('',#1745,#1737,#755,.T.);
#2118=EDGE_CURVE('',#1746,#1747,#756,.T.);
#2119=EDGE_CURVE('',#1746,#1748,#757,.T.);
#2120=EDGE_CURVE('',#1749,#1748,#758,.T.);
#2121=EDGE_CURVE('',#1747,#1749,#759,.T.);
#2122=EDGE_CURVE('',#1750,#1751,#760,.T.);
#2123=EDGE_CURVE('',#1752,#1750,#761,.T.);
#2124=EDGE_CURVE('',#1753,#1752,#762,.T.);
#2125=EDGE_CURVE('',#1754,#1753,#763,.T.);
#2126=EDGE_CURVE('',#1755,#1754,#1544,.T.);
#2127=EDGE_CURVE('',#1756,#1755,#764,.T.);
#2128=EDGE_CURVE('',#1756,#1751,#765,.T.);
#2129=EDGE_CURVE('',#1757,#1758,#766,.T.);
#2130=EDGE_CURVE('',#1758,#1759,#767,.T.);
#2131=EDGE_CURVE('',#1759,#1760,#768,.T.);
#2132=EDGE_CURVE('',#1760,#1757,#769,.T.);
#2133=EDGE_CURVE('',#1761,#1743,#770,.T.);
#2134=EDGE_CURVE('',#1762,#1761,#771,.T.);
#2135=EDGE_CURVE('',#1762,#1749,#772,.T.);
#2136=EDGE_CURVE('',#1763,#1748,#773,.T.);
#2137=EDGE_CURVE('',#1764,#1763,#774,.T.);
#2138=EDGE_CURVE('',#1764,#1744,#775,.T.);
#2139=EDGE_CURVE('',#1765,#1745,#776,.T.);
#2140=EDGE_CURVE('',#1766,#1765,#777,.T.);
#2141=EDGE_CURVE('',#1766,#1746,#778,.T.);
#2142=EDGE_CURVE('',#1767,#1747,#779,.T.);
#2143=EDGE_CURVE('',#1768,#1767,#780,.T.);
#2144=EDGE_CURVE('',#1768,#1737,#781,.T.);
#2145=EDGE_CURVE('',#1769,#1770,#782,.T.);
#2146=EDGE_CURVE('',#1770,#1771,#783,.T.);
#2147=EDGE_CURVE('',#1771,#1772,#784,.T.);
#2148=EDGE_CURVE('',#1772,#1769,#785,.T.);
#2149=EDGE_CURVE('',#1667,#1773,#786,.T.);
#2150=EDGE_CURVE('',#1773,#1774,#787,.T.);
#2151=EDGE_CURVE('',#1774,#1668,#788,.T.);
#2152=EDGE_CURVE('',#1639,#1775,#789,.T.);
#2153=EDGE_CURVE('',#1776,#1638,#790,.T.);
#2154=EDGE_CURVE('',#1775,#1776,#791,.T.);
#2155=EDGE_CURVE('',#1777,#1778,#792,.T.);
#2156=EDGE_CURVE('',#1777,#1779,#1545,.T.);
#2157=EDGE_CURVE('',#1780,#1779,#793,.T.);
#2158=EDGE_CURVE('',#1780,#1781,#1546,.T.);
#2159=EDGE_CURVE('',#1782,#1781,#794,.T.);
#2160=EDGE_CURVE('',#1783,#1782,#795,.T.);
#2161=EDGE_CURVE('',#1783,#1784,#796,.T.);
#2162=EDGE_CURVE('',#1784,#1785,#797,.T.);
#2163=EDGE_CURVE('',#1785,#1774,#1547,.T.);
#2164=EDGE_CURVE('',#1786,#1773,#798,.T.);
#2165=EDGE_CURVE('',#1787,#1786,#1548,.T.);
#2166=EDGE_CURVE('',#1788,#1787,#799,.T.);
#2167=EDGE_CURVE('',#1788,#1789,#800,.T.);
#2168=EDGE_CURVE('',#1789,#1790,#801,.T.);
#2169=EDGE_CURVE('',#1790,#1791,#1549,.T.);
#2170=EDGE_CURVE('',#1791,#1792,#802,.T.);
#2171=EDGE_CURVE('',#1792,#1793,#803,.T.);
#2172=EDGE_CURVE('',#1793,#1794,#804,.T.);
#2173=EDGE_CURVE('',#1794,#1795,#1550,.T.);
#2174=EDGE_CURVE('',#1795,#1796,#805,.T.);
#2175=EDGE_CURVE('',#1796,#1797,#1551,.T.);
#2176=EDGE_CURVE('',#1797,#1798,#806,.T.);
#2177=EDGE_CURVE('',#1798,#1799,#807,.T.);
#2178=EDGE_CURVE('',#1799,#1800,#808,.T.);
#2179=EDGE_CURVE('',#1800,#1801,#1552,.T.);
#2180=EDGE_CURVE('',#1801,#1802,#809,.T.);
#2181=EDGE_CURVE('',#1803,#1802,#810,.T.);
#2182=EDGE_CURVE('',#1804,#1803,#811,.T.);
#2183=EDGE_CURVE('',#1775,#1804,#1553,.T.);
#2184=EDGE_CURVE('',#1805,#1776,#1554,.T.);
#2185=EDGE_CURVE('',#1805,#1806,#812,.T.);
#2186=EDGE_CURVE('',#1806,#1807,#813,.T.);
#2187=EDGE_CURVE('',#1778,#1807,#814,.T.);
#2188=EDGE_CURVE('',#1808,#1809,#815,.T.);
#2189=EDGE_CURVE('',#1809,#1810,#816,.T.);
#2190=EDGE_CURVE('',#1810,#1811,#817,.T.);
#2191=EDGE_CURVE('',#1811,#1808,#818,.T.);
#2192=EDGE_CURVE('',#1763,#1766,#819,.T.);
#2193=EDGE_CURVE('',#1765,#1764,#820,.T.);
#2194=EDGE_CURVE('',#1812,#1813,#821,.T.);
#2195=EDGE_CURVE('',#1813,#1814,#822,.T.);
#2196=EDGE_CURVE('',#1814,#1815,#823,.T.);
#2197=EDGE_CURVE('',#1815,#1812,#824,.T.);
#2198=EDGE_CURVE('',#1816,#1817,#825,.T.);
#2199=EDGE_CURVE('',#1817,#1818,#826,.T.);
#2200=EDGE_CURVE('',#1818,#1819,#827,.T.);
#2201=EDGE_CURVE('',#1819,#1816,#828,.T.);
#2202=EDGE_CURVE('',#1820,#1821,#829,.T.);
#2203=EDGE_CURVE('',#1821,#1822,#830,.T.);
#2204=EDGE_CURVE('',#1822,#1823,#831,.T.);
#2205=EDGE_CURVE('',#1823,#1820,#832,.T.);
#2206=EDGE_CURVE('',#1824,#1825,#833,.T.);
#2207=EDGE_CURVE('',#1825,#1826,#834,.T.);
#2208=EDGE_CURVE('',#1826,#1827,#835,.T.);
#2209=EDGE_CURVE('',#1827,#1824,#836,.T.);
#2210=EDGE_CURVE('',#1621,#1620,#1555,.T.);
#2211=EDGE_CURVE('',#1625,#1624,#1556,.T.);
#2212=EDGE_CURVE('',#1828,#1829,#837,.T.);
#2213=EDGE_CURVE('',#1828,#1830,#838,.T.);
#2214=EDGE_CURVE('',#1830,#1831,#839,.T.);
#2215=EDGE_CURVE('',#1831,#1832,#840,.T.);
#2216=EDGE_CURVE('',#1832,#1833,#841,.T.);
#2217=EDGE_CURVE('',#1833,#1834,#842,.T.);
#2218=EDGE_CURVE('',#1834,#1835,#843,.T.);
#2219=EDGE_CURVE('',#1835,#1836,#1557,.T.);
#2220=EDGE_CURVE('',#1836,#1837,#844,.T.);
#2221=EDGE_CURVE('',#1837,#1838,#1558,.T.);
#2222=EDGE_CURVE('',#1839,#1838,#845,.T.);
#2223=EDGE_CURVE('',#1840,#1839,#846,.T.);
#2224=EDGE_CURVE('',#1840,#1841,#847,.T.);
#2225=EDGE_CURVE('',#1841,#1842,#848,.T.);
#2226=EDGE_CURVE('',#1842,#1843,#849,.T.);
#2227=EDGE_CURVE('',#1843,#1844,#850,.T.);
#2228=EDGE_CURVE('',#1844,#1845,#851,.T.);
#2229=EDGE_CURVE('',#1846,#1845,#852,.T.);
#2230=EDGE_CURVE('',#1847,#1846,#853,.T.);
#2231=EDGE_CURVE('',#1847,#1848,#1559,.T.);
#2232=EDGE_CURVE('',#1848,#1849,#854,.T.);
#2233=EDGE_CURVE('',#1849,#1850,#1560,.T.);
#2234=EDGE_CURVE('',#1850,#1851,#855,.T.);
#2235=EDGE_CURVE('',#1851,#1852,#856,.T.);
#2236=EDGE_CURVE('',#1852,#1853,#857,.T.);
#2237=EDGE_CURVE('',#1853,#1854,#858,.T.);
#2238=EDGE_CURVE('',#1854,#1855,#859,.T.);
#2239=EDGE_CURVE('',#1855,#1829,#860,.T.);
#2240=EDGE_CURVE('',#1787,#1665,#861,.T.);
#2241=EDGE_CURVE('',#1788,#1664,#862,.T.);
#2242=EDGE_CURVE('',#1640,#1804,#863,.T.);
#2243=EDGE_CURVE('',#1641,#1803,#864,.T.);
#2244=EDGE_CURVE('',#1841,#1697,#865,.T.);
#2245=EDGE_CURVE('',#1840,#1702,#1561,.T.);
#2246=EDGE_CURVE('',#1701,#1856,#1562,.T.);
#2247=EDGE_CURVE('',#1857,#1856,#866,.T.);
#2248=EDGE_CURVE('',#1858,#1857,#867,.T.);
#2249=EDGE_CURVE('',#1858,#1859,#868,.T.);
#2250=EDGE_CURVE('',#1859,#1698,#1563,.T.);
#2251=EDGE_CURVE('',#1789,#1756,#869,.T.);
#2252=EDGE_CURVE('',#1860,#1664,#870,.T.);
#2253=EDGE_CURVE('',#1861,#1860,#871,.T.);
#2254=EDGE_CURVE('',#1861,#1751,#872,.T.);
#2255=EDGE_CURVE('',#1669,#1785,#873,.T.);
#2256=EDGE_CURVE('',#1637,#1805,#874,.T.);
#2257=EDGE_CURVE('',#1806,#1636,#875,.T.);
#2258=EDGE_CURVE('',#1635,#1807,#876,.T.);
#2259=EDGE_CURVE('',#1783,#1671,#877,.T.);
#2260=EDGE_CURVE('',#1784,#1670,#878,.T.);
#2261=EDGE_CURVE('',#1676,#1830,#879,.T.);
#2262=EDGE_CURVE('',#1828,#1675,#880,.T.);
#2263=EDGE_CURVE('',#1855,#1678,#881,.T.);
#2264=EDGE_CURVE('',#1829,#1677,#882,.T.);
#2265=EDGE_CURVE('',#1802,#1731,#883,.T.);
#2266=EDGE_CURVE('',#1862,#1729,#884,.T.);
#2267=EDGE_CURVE('',#1863,#1862,#885,.T.);
#2268=EDGE_CURVE('',#1863,#1641,#886,.T.);
#2269=EDGE_CURVE('',#1801,#1732,#887,.T.);
#2270=EDGE_CURVE('',#1800,#1733,#888,.T.);
#2271=EDGE_CURVE('',#1799,#1734,#889,.T.);
#2272=EDGE_CURVE('',#1798,#1735,#890,.T.);
#2273=EDGE_CURVE('',#1793,#1752,#891,.T.);
#2274=EDGE_CURVE('',#1792,#1753,#892,.T.);
#2275=EDGE_CURVE('',#1791,#1754,#893,.T.);
#2276=EDGE_CURVE('',#1790,#1755,#894,.T.);
#2277=EDGE_CURVE('',#1835,#1708,#895,.T.);
#2278=EDGE_CURVE('',#1834,#1709,#896,.T.);
#2279=EDGE_CURVE('',#1836,#1707,#897,.T.);
#2280=EDGE_CURVE('',#1706,#1864,#1564,.T.);
#2281=EDGE_CURVE('',#1865,#1864,#898,.T.);
#2282=EDGE_CURVE('',#1866,#1865,#899,.T.);
#2283=EDGE_CURVE('',#1837,#1866,#900,.T.);
#2284=EDGE_CURVE('',#1867,#1866,#1565,.T.);
#2285=EDGE_CURVE('',#1838,#1867,#901,.T.);
#2286=EDGE_CURVE('',#1847,#1868,#902,.T.);
#2287=EDGE_CURVE('',#1869,#1868,#1566,.T.);
#2288=EDGE_CURVE('',#1848,#1869,#903,.T.);
#2289=EDGE_CURVE('',#1870,#1869,#904,.T.);
#2290=EDGE_CURVE('',#1870,#1871,#905,.T.);
#2291=EDGE_CURVE('',#1871,#1685,#1567,.T.);
#2292=EDGE_CURVE('',#1849,#1684,#906,.T.);
#2293=EDGE_CURVE('',#1850,#1683,#907,.T.);
#2294=EDGE_CURVE('',#1851,#1682,#908,.T.);
#2295=EDGE_CURVE('',#1839,#1703,#1568,.T.);
#2296=EDGE_CURVE('',#1872,#1867,#909,.T.);
#2297=EDGE_CURVE('',#1872,#1873,#910,.T.);
#2298=EDGE_CURVE('',#1873,#1704,#1569,.T.);
#2299=EDGE_CURVE('',#1689,#1845,#1570,.T.);
#2300=EDGE_CURVE('',#1688,#1846,#1571,.T.);
#2301=EDGE_CURVE('',#1844,#1694,#911,.T.);
#2302=EDGE_CURVE('',#1693,#1874,#1572,.T.);
#2303=EDGE_CURVE('',#1875,#1874,#912,.T.);
#2304=EDGE_CURVE('',#1876,#1875,#913,.T.);
#2305=EDGE_CURVE('',#1876,#1877,#914,.T.);
#2306=EDGE_CURVE('',#1877,#1690,#1573,.T.);
#2307=EDGE_CURVE('',#1687,#1878,#1574,.T.);
#2308=EDGE_CURVE('',#1879,#1878,#915,.T.);
#2309=EDGE_CURVE('',#1868,#1879,#916,.T.);
#2310=EDGE_CURVE('',#1880,#1881,#917,.T.);
#2311=EDGE_CURVE('',#1881,#1871,#918,.T.);
#2312=EDGE_CURVE('',#1880,#1870,#919,.T.);
#2313=EDGE_CURVE('',#1878,#1881,#920,.T.);
#2314=EDGE_CURVE('',#1879,#1880,#921,.T.);
#2315=EDGE_CURVE('',#1864,#1882,#922,.T.);
#2316=EDGE_CURVE('',#1883,#1882,#923,.T.);
#2317=EDGE_CURVE('',#1865,#1883,#924,.T.);
#2318=EDGE_CURVE('',#1882,#1873,#925,.T.);
#2319=EDGE_CURVE('',#1883,#1872,#926,.T.);
#2320=EDGE_CURVE('',#1884,#1885,#927,.T.);
#2321=EDGE_CURVE('',#1885,#1877,#928,.T.);
#2322=EDGE_CURVE('',#1884,#1876,#929,.T.);
#2323=EDGE_CURVE('',#1874,#1886,#930,.T.);
#2324=EDGE_CURVE('',#1887,#1886,#931,.T.);
#2325=EDGE_CURVE('',#1875,#1887,#932,.T.);
#2326=EDGE_CURVE('',#1886,#1885,#933,.T.);
#2327=EDGE_CURVE('',#1887,#1884,#934,.T.);
#2328=EDGE_CURVE('',#1856,#1888,#935,.T.);
#2329=EDGE_CURVE('',#1889,#1888,#936,.T.);
#2330=EDGE_CURVE('',#1857,#1889,#937,.T.);
#2331=EDGE_CURVE('',#1888,#1890,#938,.T.);
#2332=EDGE_CURVE('',#1891,#1890,#939,.T.);
#2333=EDGE_CURVE('',#1889,#1891,#940,.T.);
#2334=EDGE_CURVE('',#1890,#1859,#941,.T.);
#2335=EDGE_CURVE('',#1891,#1858,#942,.T.);
#2336=EDGE_CURVE('',#1886,#1692,#15,.T.);
#2337=EDGE_CURVE('',#1885,#1691,#16,.T.);
#2338=EDGE_CURVE('',#1888,#1700,#17,.T.);
#2339=EDGE_CURVE('',#1890,#1699,#18,.T.);
#2340=EDGE_CURVE('',#1686,#1881,#19,.T.);
#2341=EDGE_CURVE('',#1882,#1705,#20,.T.);
#2342=EDGE_CURVE('',#1824,#1715,#943,.T.);
#2343=EDGE_CURVE('',#1825,#1713,#944,.T.);
#2344=EDGE_CURVE('',#1827,#1716,#945,.T.);
#2345=EDGE_CURVE('',#1826,#1714,#946,.T.);
#2346=EDGE_CURVE('',#1820,#1719,#947,.T.);
#2347=EDGE_CURVE('',#1821,#1717,#948,.T.);
#2348=EDGE_CURVE('',#1823,#1720,#949,.T.);
#2349=EDGE_CURVE('',#1822,#1718,#950,.T.);
#2350=EDGE_CURVE('',#1816,#1723,#951,.T.);
#2351=EDGE_CURVE('',#1817,#1721,#952,.T.);
#2352=EDGE_CURVE('',#1819,#1724,#953,.T.);
#2353=EDGE_CURVE('',#1818,#1722,#954,.T.);
#2354=EDGE_CURVE('',#1812,#1727,#955,.T.);
#2355=EDGE_CURVE('',#1813,#1725,#956,.T.);
#2356=EDGE_CURVE('',#1815,#1728,#957,.T.);
#2357=EDGE_CURVE('',#1814,#1726,#958,.T.);
#2358=EDGE_CURVE('',#1842,#1696,#959,.T.);
#2359=EDGE_CURVE('',#1843,#1695,#960,.T.);
#2360=EDGE_CURVE('',#1809,#1654,#961,.T.);
#2361=EDGE_CURVE('',#1808,#1655,#962,.T.);
#2362=EDGE_CURVE('',#1811,#1652,#963,.T.);
#2363=EDGE_CURVE('',#1892,#1651,#964,.T.);
#2364=EDGE_CURVE('',#1893,#1892,#965,.T.);
#2365=EDGE_CURVE('',#1893,#1656,#966,.T.);
#2366=EDGE_CURVE('',#1810,#1653,#967,.T.);
#2367=EDGE_CURVE('',#1739,#1796,#968,.T.);
#2368=EDGE_CURVE('',#1795,#1740,#969,.T.);
#2369=EDGE_CURVE('',#1786,#1666,#970,.T.);
#2370=EDGE_CURVE('',#1794,#1741,#971,.T.);
#2371=EDGE_CURVE('',#1894,#1750,#972,.T.);
#2372=EDGE_CURVE('',#1895,#1894,#973,.T.);
#2373=EDGE_CURVE('',#1895,#1742,#974,.T.);
#2374=EDGE_CURVE('',#1797,#1738,#975,.T.);
#2375=EDGE_CURVE('',#1896,#1736,#976,.T.);
#2376=EDGE_CURVE('',#1897,#1896,#977,.T.);
#2377=EDGE_CURVE('',#1897,#1730,#978,.T.);
#2378=EDGE_CURVE('',#1852,#1681,#979,.T.);
#2379=EDGE_CURVE('',#1853,#1680,#980,.T.);
#2380=EDGE_CURVE('',#1854,#1679,#981,.T.);
#2381=EDGE_CURVE('',#1833,#1710,#982,.T.);
#2382=EDGE_CURVE('',#1832,#1711,#983,.T.);
#2383=EDGE_CURVE('',#1831,#1712,#984,.T.);
#2384=EDGE_CURVE('',#1782,#1672,#985,.T.);
#2385=EDGE_CURVE('',#1781,#1673,#986,.T.);
#2386=EDGE_CURVE('',#1779,#1632,#987,.T.);
#2387=EDGE_CURVE('',#1898,#1631,#988,.T.);
#2388=EDGE_CURVE('',#1899,#1898,#989,.T.);
#2389=EDGE_CURVE('',#1899,#1629,#990,.T.);
#2390=EDGE_CURVE('',#1674,#1780,#991,.T.);
#2391=EDGE_CURVE('',#1633,#1777,#992,.T.);
#2392=EDGE_CURVE('',#1778,#1634,#993,.T.);
#2393=EDGE_CURVE('',#1894,#1861,#994,.T.);
#2394=EDGE_CURVE('',#1860,#1900,#995,.T.);
#2395=EDGE_CURVE('',#1900,#1901,#996,.T.);
#2396=EDGE_CURVE('',#1901,#1902,#997,.T.);
#2397=EDGE_CURVE('',#1902,#1903,#998,.T.);
#2398=EDGE_CURVE('',#1903,#1904,#999,.T.);
#2399=EDGE_CURVE('',#1904,#1905,#1000,.T.);
#2400=EDGE_CURVE('',#1905,#1578,#1001,.T.);
#2401=EDGE_CURVE('',#1579,#1906,#1002,.T.);
#2402=EDGE_CURVE('',#1906,#1893,#1003,.T.);
#2403=EDGE_CURVE('',#1892,#1907,#1004,.T.);
#2404=EDGE_CURVE('',#1907,#1908,#1005,.T.);
#2405=EDGE_CURVE('',#1908,#1909,#1575,.T.);
#2406=EDGE_CURVE('',#1909,#1910,#1006,.T.);
#2407=EDGE_CURVE('',#1910,#1911,#1007,.T.);
#2408=EDGE_CURVE('',#1911,#1912,#1008,.T.);
#2409=EDGE_CURVE('',#1912,#1913,#1009,.T.);
#2410=EDGE_CURVE('',#1913,#1914,#1010,.T.);
#2411=EDGE_CURVE('',#1914,#1915,#1011,.T.);
#2412=EDGE_CURVE('',#1915,#1863,#1012,.T.);
#2413=EDGE_CURVE('',#1862,#1897,#1013,.T.);
#2414=EDGE_CURVE('',#1896,#1768,#1014,.T.);
#2415=EDGE_CURVE('',#1767,#1762,#1015,.T.);
#2416=EDGE_CURVE('',#1761,#1895,#1016,.T.);
#2417=EDGE_CURVE('',#1916,#1917,#1017,.T.);
#2418=EDGE_CURVE('',#1918,#1916,#1018,.T.);
#2419=EDGE_CURVE('',#1919,#1918,#1019,.T.);
#2420=EDGE_CURVE('',#1917,#1919,#1020,.T.);
#2421=EDGE_CURVE('',#1920,#1921,#1021,.T.);
#2422=EDGE_CURVE('',#1922,#1920,#1022,.T.);
#2423=EDGE_CURVE('',#1923,#1922,#1023,.T.);
#2424=EDGE_CURVE('',#1921,#1923,#1024,.T.);
#2425=EDGE_CURVE('',#1900,#1663,#1025,.T.);
#2426=EDGE_CURVE('',#1901,#1662,#1026,.T.);
#2427=EDGE_CURVE('',#1902,#1661,#1027,.T.);
#2428=EDGE_CURVE('',#1903,#1660,#1028,.T.);
#2429=EDGE_CURVE('',#1904,#1659,#1029,.T.);
#2430=EDGE_CURVE('',#1905,#1658,#1030,.T.);
#2431=EDGE_CURVE('',#1906,#1657,#1031,.T.);
#2432=EDGE_CURVE('',#1907,#1650,#1032,.T.);
#2433=EDGE_CURVE('',#1908,#1649,#1033,.T.);
#2434=EDGE_CURVE('',#1909,#1648,#1034,.T.);
#2435=EDGE_CURVE('',#1910,#1647,#1035,.T.);
#2436=EDGE_CURVE('',#1911,#1646,#1036,.T.);
#2437=EDGE_CURVE('',#1912,#1645,#1037,.T.);
#2438=EDGE_CURVE('',#1913,#1644,#1038,.T.);
#2439=EDGE_CURVE('',#1914,#1643,#1039,.T.);
#2440=EDGE_CURVE('',#1915,#1642,#1040,.T.);
#2441=EDGE_CURVE('',#1918,#1758,#1041,.T.);
#2442=EDGE_CURVE('',#1916,#1759,#1042,.T.);
#2443=EDGE_CURVE('',#1917,#1760,#1043,.T.);
#2444=EDGE_CURVE('',#1919,#1757,#1044,.T.);
#2445=EDGE_CURVE('',#1922,#1770,#1045,.T.);
#2446=EDGE_CURVE('',#1920,#1771,#1046,.T.);
#2447=EDGE_CURVE('',#1921,#1772,#1047,.T.);
#2448=EDGE_CURVE('',#1923,#1769,#1048,.T.);
#2449=EDGE_CURVE('',#1924,#1899,#1049,.T.);
#2450=EDGE_CURVE('',#1924,#1925,#1050,.T.);
#2451=EDGE_CURVE('',#1925,#1628,#1576,.T.);
#2452=EDGE_CURVE('',#1630,#1926,#1577,.T.);
#2453=EDGE_CURVE('',#1927,#1926,#1051,.T.);
#2454=EDGE_CURVE('',#1898,#1927,#1052,.T.);
#2455=EDGE_CURVE('',#1926,#1925,#1053,.T.);
#2456=EDGE_CURVE('',#1927,#1924,#1054,.T.);
#2457=ORIENTED_EDGE('',*,*,#1928,.F.);
#2458=ORIENTED_EDGE('',*,*,#1929,.T.);
#2459=ORIENTED_EDGE('',*,*,#1930,.T.);
#2460=ORIENTED_EDGE('',*,*,#1931,.F.);
#2461=ORIENTED_EDGE('',*,*,#1932,.F.);
#2462=ORIENTED_EDGE('',*,*,#1933,.T.);
#2463=ORIENTED_EDGE('',*,*,#1934,.T.);
#2464=ORIENTED_EDGE('',*,*,#1933,.F.);
#2465=ORIENTED_EDGE('',*,*,#1935,.F.);
#2466=ORIENTED_EDGE('',*,*,#1936,.T.);
#2467=ORIENTED_EDGE('',*,*,#1937,.T.);
#2468=ORIENTED_EDGE('',*,*,#1936,.F.);
#2469=ORIENTED_EDGE('',*,*,#1938,.F.);
#2470=ORIENTED_EDGE('',*,*,#1939,.T.);
#2471=ORIENTED_EDGE('',*,*,#1940,.T.);
#2472=ORIENTED_EDGE('',*,*,#1939,.F.);
#2473=ORIENTED_EDGE('',*,*,#1941,.F.);
#2474=ORIENTED_EDGE('',*,*,#1942,.T.);
#2475=ORIENTED_EDGE('',*,*,#1943,.T.);
#2476=ORIENTED_EDGE('',*,*,#1942,.F.);
#2477=ORIENTED_EDGE('',*,*,#1944,.F.);
#2478=ORIENTED_EDGE('',*,*,#1945,.T.);
#2479=ORIENTED_EDGE('',*,*,#1946,.T.);
#2480=ORIENTED_EDGE('',*,*,#1945,.F.);
#2481=ORIENTED_EDGE('',*,*,#1947,.F.);
#2482=ORIENTED_EDGE('',*,*,#1948,.T.);
#2483=ORIENTED_EDGE('',*,*,#1949,.T.);
#2484=ORIENTED_EDGE('',*,*,#1948,.F.);
#2485=ORIENTED_EDGE('',*,*,#1950,.F.);
#2486=ORIENTED_EDGE('',*,*,#1951,.T.);
#2487=ORIENTED_EDGE('',*,*,#1952,.T.);
#2488=ORIENTED_EDGE('',*,*,#1951,.F.);
#2489=ORIENTED_EDGE('',*,*,#1953,.F.);
#2490=ORIENTED_EDGE('',*,*,#1954,.T.);
#2491=ORIENTED_EDGE('',*,*,#1955,.T.);
#2492=ORIENTED_EDGE('',*,*,#1954,.F.);
#2493=ORIENTED_EDGE('',*,*,#1956,.F.);
#2494=ORIENTED_EDGE('',*,*,#1957,.T.);
#2495=ORIENTED_EDGE('',*,*,#1958,.T.);
#2496=ORIENTED_EDGE('',*,*,#1957,.F.);
#2497=ORIENTED_EDGE('',*,*,#1959,.T.);
#2498=ORIENTED_EDGE('',*,*,#1960,.T.);
#2499=ORIENTED_EDGE('',*,*,#1961,.T.);
#2500=ORIENTED_EDGE('',*,*,#1960,.F.);
#2501=ORIENTED_EDGE('',*,*,#1962,.T.);
#2502=ORIENTED_EDGE('',*,*,#1963,.T.);
#2503=ORIENTED_EDGE('',*,*,#1964,.T.);
#2504=ORIENTED_EDGE('',*,*,#1963,.F.);
#2505=ORIENTED_EDGE('',*,*,#1965,.F.);
#2506=ORIENTED_EDGE('',*,*,#1966,.T.);
#2507=ORIENTED_EDGE('',*,*,#1967,.T.);
#2508=ORIENTED_EDGE('',*,*,#1966,.F.);
#2509=ORIENTED_EDGE('',*,*,#1968,.F.);
#2510=ORIENTED_EDGE('',*,*,#1969,.T.);
#2511=ORIENTED_EDGE('',*,*,#1970,.T.);
#2512=ORIENTED_EDGE('',*,*,#1969,.F.);
#2513=ORIENTED_EDGE('',*,*,#1971,.F.);
#2514=ORIENTED_EDGE('',*,*,#1972,.T.);
#2515=ORIENTED_EDGE('',*,*,#1973,.T.);
#2516=ORIENTED_EDGE('',*,*,#1972,.F.);
#2517=ORIENTED_EDGE('',*,*,#1974,.F.);
#2518=ORIENTED_EDGE('',*,*,#1975,.T.);
#2519=ORIENTED_EDGE('',*,*,#1976,.T.);
#2520=ORIENTED_EDGE('',*,*,#1975,.F.);
#2521=ORIENTED_EDGE('',*,*,#1977,.F.);
#2522=ORIENTED_EDGE('',*,*,#1978,.T.);
#2523=ORIENTED_EDGE('',*,*,#1979,.T.);
#2524=ORIENTED_EDGE('',*,*,#1978,.F.);
#2525=ORIENTED_EDGE('',*,*,#1980,.F.);
#2526=ORIENTED_EDGE('',*,*,#1981,.T.);
#2527=ORIENTED_EDGE('',*,*,#1982,.F.);
#2528=ORIENTED_EDGE('',*,*,#1981,.F.);
#2529=ORIENTED_EDGE('',*,*,#1983,.F.);
#2530=ORIENTED_EDGE('',*,*,#1984,.T.);
#2531=ORIENTED_EDGE('',*,*,#1985,.F.);
#2532=ORIENTED_EDGE('',*,*,#1984,.F.);
#2533=ORIENTED_EDGE('',*,*,#1986,.F.);
#2534=ORIENTED_EDGE('',*,*,#1987,.T.);
#2535=ORIENTED_EDGE('',*,*,#1988,.F.);
#2536=ORIENTED_EDGE('',*,*,#1987,.F.);
#2537=ORIENTED_EDGE('',*,*,#1989,.F.);
#2538=ORIENTED_EDGE('',*,*,#1990,.F.);
#2539=ORIENTED_EDGE('',*,*,#1991,.T.);
#2540=ORIENTED_EDGE('',*,*,#1992,.F.);
#2541=ORIENTED_EDGE('',*,*,#1993,.F.);
#2542=ORIENTED_EDGE('',*,*,#1994,.F.);
#2543=ORIENTED_EDGE('',*,*,#1995,.F.);
#2544=ORIENTED_EDGE('',*,*,#1996,.F.);
#2545=ORIENTED_EDGE('',*,*,#1997,.F.);
#2546=ORIENTED_EDGE('',*,*,#1998,.T.);
#2547=ORIENTED_EDGE('',*,*,#1999,.F.);
#2548=ORIENTED_EDGE('',*,*,#2000,.T.);
#2549=ORIENTED_EDGE('',*,*,#2001,.T.);
#2550=ORIENTED_EDGE('',*,*,#2002,.T.);
#2551=ORIENTED_EDGE('',*,*,#2003,.T.);
#2552=ORIENTED_EDGE('',*,*,#2004,.T.);
#2553=ORIENTED_EDGE('',*,*,#2005,.T.);
#2554=ORIENTED_EDGE('',*,*,#2006,.T.);
#2555=ORIENTED_EDGE('',*,*,#2007,.T.);
#2556=ORIENTED_EDGE('',*,*,#2008,.T.);
#2557=ORIENTED_EDGE('',*,*,#2009,.T.);
#2558=ORIENTED_EDGE('',*,*,#2010,.F.);
#2559=ORIENTED_EDGE('',*,*,#2011,.F.);
#2560=ORIENTED_EDGE('',*,*,#2012,.F.);
#2561=ORIENTED_EDGE('',*,*,#2013,.F.);
#2562=ORIENTED_EDGE('',*,*,#2014,.F.);
#2563=ORIENTED_EDGE('',*,*,#2015,.F.);
#2564=ORIENTED_EDGE('',*,*,#2016,.F.);
#2565=ORIENTED_EDGE('',*,*,#2017,.F.);
#2566=ORIENTED_EDGE('',*,*,#2018,.F.);
#2567=ORIENTED_EDGE('',*,*,#2019,.F.);
#2568=ORIENTED_EDGE('',*,*,#2020,.F.);
#2569=ORIENTED_EDGE('',*,*,#2021,.F.);
#2570=ORIENTED_EDGE('',*,*,#2022,.F.);
#2571=ORIENTED_EDGE('',*,*,#2023,.F.);
#2572=ORIENTED_EDGE('',*,*,#2024,.F.);
#2573=ORIENTED_EDGE('',*,*,#2025,.F.);
#2574=ORIENTED_EDGE('',*,*,#2026,.F.);
#2575=ORIENTED_EDGE('',*,*,#1930,.F.);
#2576=ORIENTED_EDGE('',*,*,#2027,.F.);
#2577=ORIENTED_EDGE('',*,*,#2028,.F.);
#2578=ORIENTED_EDGE('',*,*,#2029,.F.);
#2579=ORIENTED_EDGE('',*,*,#2030,.F.);
#2580=ORIENTED_EDGE('',*,*,#2031,.F.);
#2581=ORIENTED_EDGE('',*,*,#2032,.F.);
#2582=ORIENTED_EDGE('',*,*,#2033,.F.);
#2583=ORIENTED_EDGE('',*,*,#2034,.T.);
#2584=ORIENTED_EDGE('',*,*,#2035,.T.);
#2585=ORIENTED_EDGE('',*,*,#2036,.T.);
#2586=ORIENTED_EDGE('',*,*,#2037,.T.);
#2587=ORIENTED_EDGE('',*,*,#2038,.T.);
#2588=ORIENTED_EDGE('',*,*,#2039,.T.);
#2589=ORIENTED_EDGE('',*,*,#2040,.T.);
#2590=ORIENTED_EDGE('',*,*,#2041,.T.);
#2591=ORIENTED_EDGE('',*,*,#2042,.T.);
#2592=ORIENTED_EDGE('',*,*,#2043,.T.);
#2593=ORIENTED_EDGE('',*,*,#2044,.T.);
#2594=ORIENTED_EDGE('',*,*,#2045,.F.);
#2595=ORIENTED_EDGE('',*,*,#2046,.T.);
#2596=ORIENTED_EDGE('',*,*,#2047,.F.);
#2597=ORIENTED_EDGE('',*,*,#2048,.T.);
#2598=ORIENTED_EDGE('',*,*,#2049,.T.);
#2599=ORIENTED_EDGE('',*,*,#2050,.T.);
#2600=ORIENTED_EDGE('',*,*,#2051,.T.);
#2601=ORIENTED_EDGE('',*,*,#2052,.F.);
#2602=ORIENTED_EDGE('',*,*,#2053,.F.);
#2603=ORIENTED_EDGE('',*,*,#2054,.F.);
#2604=ORIENTED_EDGE('',*,*,#2055,.T.);
#2605=ORIENTED_EDGE('',*,*,#2056,.T.);
#2606=ORIENTED_EDGE('',*,*,#2057,.T.);
#2607=ORIENTED_EDGE('',*,*,#2058,.F.);
#2608=ORIENTED_EDGE('',*,*,#2059,.T.);
#2609=ORIENTED_EDGE('',*,*,#2060,.T.);
#2610=ORIENTED_EDGE('',*,*,#2061,.T.);
#2611=ORIENTED_EDGE('',*,*,#2062,.T.);
#2612=ORIENTED_EDGE('',*,*,#2063,.F.);
#2613=ORIENTED_EDGE('',*,*,#2064,.F.);
#2614=ORIENTED_EDGE('',*,*,#2065,.F.);
#2615=ORIENTED_EDGE('',*,*,#2066,.F.);
#2616=ORIENTED_EDGE('',*,*,#2067,.F.);
#2617=ORIENTED_EDGE('',*,*,#2068,.T.);
#2618=ORIENTED_EDGE('',*,*,#2069,.T.);
#2619=ORIENTED_EDGE('',*,*,#2070,.T.);
#2620=ORIENTED_EDGE('',*,*,#2071,.T.);
#2621=ORIENTED_EDGE('',*,*,#2072,.T.);
#2622=ORIENTED_EDGE('',*,*,#2073,.T.);
#2623=ORIENTED_EDGE('',*,*,#2074,.T.);
#2624=ORIENTED_EDGE('',*,*,#2075,.T.);
#2625=ORIENTED_EDGE('',*,*,#2076,.F.);
#2626=ORIENTED_EDGE('',*,*,#2077,.F.);
#2627=ORIENTED_EDGE('',*,*,#2078,.F.);
#2628=ORIENTED_EDGE('',*,*,#2079,.T.);
#2629=ORIENTED_EDGE('',*,*,#2080,.T.);
#2630=ORIENTED_EDGE('',*,*,#2081,.T.);
#2631=ORIENTED_EDGE('',*,*,#2082,.T.);
#2632=ORIENTED_EDGE('',*,*,#1985,.T.);
#2633=ORIENTED_EDGE('',*,*,#1982,.T.);
#2634=ORIENTED_EDGE('',*,*,#2083,.F.);
#2635=ORIENTED_EDGE('',*,*,#1995,.T.);
#2636=ORIENTED_EDGE('',*,*,#2084,.F.);
#2637=ORIENTED_EDGE('',*,*,#1991,.F.);
#2638=ORIENTED_EDGE('',*,*,#1979,.F.);
#2639=ORIENTED_EDGE('',*,*,#1988,.T.);
#2640=ORIENTED_EDGE('',*,*,#2085,.F.);
#2641=ORIENTED_EDGE('',*,*,#2086,.F.);
#2642=ORIENTED_EDGE('',*,*,#2087,.F.);
#2643=ORIENTED_EDGE('',*,*,#2088,.F.);
#2644=ORIENTED_EDGE('',*,*,#2089,.F.);
#2645=ORIENTED_EDGE('',*,*,#2090,.F.);
#2646=ORIENTED_EDGE('',*,*,#2091,.F.);
#2647=ORIENTED_EDGE('',*,*,#2092,.F.);
#2648=ORIENTED_EDGE('',*,*,#2093,.F.);
#2649=ORIENTED_EDGE('',*,*,#2094,.F.);
#2650=ORIENTED_EDGE('',*,*,#2095,.F.);
#2651=ORIENTED_EDGE('',*,*,#2096,.F.);
#2652=ORIENTED_EDGE('',*,*,#2097,.F.);
#2653=ORIENTED_EDGE('',*,*,#2098,.F.);
#2654=ORIENTED_EDGE('',*,*,#2099,.F.);
#2655=ORIENTED_EDGE('',*,*,#2100,.F.);
#2656=ORIENTED_EDGE('',*,*,#1952,.F.);
#2657=ORIENTED_EDGE('',*,*,#1949,.F.);
#2658=ORIENTED_EDGE('',*,*,#1943,.F.);
#2659=ORIENTED_EDGE('',*,*,#1940,.F.);
#2660=ORIENTED_EDGE('',*,*,#1934,.F.);
#2661=ORIENTED_EDGE('',*,*,#2101,.F.);
#2662=ORIENTED_EDGE('',*,*,#2102,.T.);
#2663=ORIENTED_EDGE('',*,*,#2103,.F.);
#2664=ORIENTED_EDGE('',*,*,#2104,.F.);
#2665=ORIENTED_EDGE('',*,*,#2105,.F.);
#2666=ORIENTED_EDGE('',*,*,#2106,.F.);
#2667=ORIENTED_EDGE('',*,*,#2107,.F.);
#2668=ORIENTED_EDGE('',*,*,#1973,.F.);
#2669=ORIENTED_EDGE('',*,*,#1976,.F.);
#2670=ORIENTED_EDGE('',*,*,#2108,.F.);
#2671=ORIENTED_EDGE('',*,*,#2109,.T.);
#2672=ORIENTED_EDGE('',*,*,#2110,.T.);
#2673=ORIENTED_EDGE('',*,*,#2111,.F.);
#2674=ORIENTED_EDGE('',*,*,#2112,.T.);
#2675=ORIENTED_EDGE('',*,*,#2113,.T.);
#2676=ORIENTED_EDGE('',*,*,#2114,.F.);
#2677=ORIENTED_EDGE('',*,*,#2115,.T.);
#2678=ORIENTED_EDGE('',*,*,#2116,.T.);
#2679=ORIENTED_EDGE('',*,*,#2117,.T.);
#2680=ORIENTED_EDGE('',*,*,#1955,.F.);
#2681=ORIENTED_EDGE('',*,*,#2118,.F.);
#2682=ORIENTED_EDGE('',*,*,#2119,.T.);
#2683=ORIENTED_EDGE('',*,*,#2120,.F.);
#2684=ORIENTED_EDGE('',*,*,#2121,.F.);
#2685=ORIENTED_EDGE('',*,*,#1958,.F.);
#2686=ORIENTED_EDGE('',*,*,#2122,.F.);
#2687=ORIENTED_EDGE('',*,*,#2123,.F.);
#2688=ORIENTED_EDGE('',*,*,#2124,.F.);
#2689=ORIENTED_EDGE('',*,*,#2125,.F.);
#2690=ORIENTED_EDGE('',*,*,#2126,.F.);
#2691=ORIENTED_EDGE('',*,*,#2127,.F.);
#2692=ORIENTED_EDGE('',*,*,#2128,.T.);
#2693=ORIENTED_EDGE('',*,*,#1967,.F.);
#2694=ORIENTED_EDGE('',*,*,#1970,.F.);
#2695=ORIENTED_EDGE('',*,*,#2129,.T.);
#2696=ORIENTED_EDGE('',*,*,#2130,.T.);
#2697=ORIENTED_EDGE('',*,*,#2131,.T.);
#2698=ORIENTED_EDGE('',*,*,#2132,.T.);
#2699=ORIENTED_EDGE('',*,*,#1937,.F.);
#2700=ORIENTED_EDGE('',*,*,#2115,.F.);
#2701=ORIENTED_EDGE('',*,*,#2133,.F.);
#2702=ORIENTED_EDGE('',*,*,#2134,.F.);
#2703=ORIENTED_EDGE('',*,*,#2135,.T.);
#2704=ORIENTED_EDGE('',*,*,#2120,.T.);
#2705=ORIENTED_EDGE('',*,*,#2136,.F.);
#2706=ORIENTED_EDGE('',*,*,#2137,.F.);
#2707=ORIENTED_EDGE('',*,*,#2138,.T.);
#2708=ORIENTED_EDGE('',*,*,#2117,.F.);
#2709=ORIENTED_EDGE('',*,*,#2139,.F.);
#2710=ORIENTED_EDGE('',*,*,#2140,.F.);
#2711=ORIENTED_EDGE('',*,*,#2141,.T.);
#2712=ORIENTED_EDGE('',*,*,#2118,.T.);
#2713=ORIENTED_EDGE('',*,*,#2142,.F.);
#2714=ORIENTED_EDGE('',*,*,#2143,.F.);
#2715=ORIENTED_EDGE('',*,*,#2144,.T.);
#2716=ORIENTED_EDGE('',*,*,#2145,.T.);
#2717=ORIENTED_EDGE('',*,*,#2146,.T.);
#2718=ORIENTED_EDGE('',*,*,#2147,.T.);
#2719=ORIENTED_EDGE('',*,*,#2148,.T.);
#2720=ORIENTED_EDGE('',*,*,#1946,.F.);
#2721=ORIENTED_EDGE('',*,*,#2037,.F.);
#2722=ORIENTED_EDGE('',*,*,#2149,.T.);
#2723=ORIENTED_EDGE('',*,*,#2150,.T.);
#2724=ORIENTED_EDGE('',*,*,#2151,.T.);
#2725=ORIENTED_EDGE('',*,*,#2152,.F.);
#2726=ORIENTED_EDGE('',*,*,#2007,.F.);
#2727=ORIENTED_EDGE('',*,*,#2153,.F.);
#2728=ORIENTED_EDGE('',*,*,#2154,.F.);
#2729=ORIENTED_EDGE('',*,*,#2155,.F.);
#2730=ORIENTED_EDGE('',*,*,#2156,.T.);
#2731=ORIENTED_EDGE('',*,*,#2157,.F.);
#2732=ORIENTED_EDGE('',*,*,#2158,.T.);
#2733=ORIENTED_EDGE('',*,*,#2159,.F.);
#2734=ORIENTED_EDGE('',*,*,#2160,.F.);
#2735=ORIENTED_EDGE('',*,*,#2161,.T.);
#2736=ORIENTED_EDGE('',*,*,#2162,.T.);
#2737=ORIENTED_EDGE('',*,*,#2163,.T.);
#2738=ORIENTED_EDGE('',*,*,#2150,.F.);
#2739=ORIENTED_EDGE('',*,*,#2164,.F.);
#2740=ORIENTED_EDGE('',*,*,#2165,.F.);
#2741=ORIENTED_EDGE('',*,*,#2166,.F.);
#2742=ORIENTED_EDGE('',*,*,#2167,.T.);
#2743=ORIENTED_EDGE('',*,*,#2168,.T.);
#2744=ORIENTED_EDGE('',*,*,#2169,.T.);
#2745=ORIENTED_EDGE('',*,*,#2170,.T.);
#2746=ORIENTED_EDGE('',*,*,#2171,.T.);
#2747=ORIENTED_EDGE('',*,*,#2172,.T.);
#2748=ORIENTED_EDGE('',*,*,#2173,.T.);
#2749=ORIENTED_EDGE('',*,*,#2174,.T.);
#2750=ORIENTED_EDGE('',*,*,#2175,.T.);
#2751=ORIENTED_EDGE('',*,*,#2176,.T.);
#2752=ORIENTED_EDGE('',*,*,#2177,.T.);
#2753=ORIENTED_EDGE('',*,*,#2178,.T.);
#2754=ORIENTED_EDGE('',*,*,#2179,.T.);
#2755=ORIENTED_EDGE('',*,*,#2180,.T.);
#2756=ORIENTED_EDGE('',*,*,#2181,.F.);
#2757=ORIENTED_EDGE('',*,*,#2182,.F.);
#2758=ORIENTED_EDGE('',*,*,#2183,.F.);
#2759=ORIENTED_EDGE('',*,*,#2154,.T.);
#2760=ORIENTED_EDGE('',*,*,#2184,.F.);
#2761=ORIENTED_EDGE('',*,*,#2185,.T.);
#2762=ORIENTED_EDGE('',*,*,#2186,.T.);
#2763=ORIENTED_EDGE('',*,*,#2187,.F.);
#2764=ORIENTED_EDGE('',*,*,#1932,.T.);
#2765=ORIENTED_EDGE('',*,*,#1935,.T.);
#2766=ORIENTED_EDGE('',*,*,#1938,.T.);
#2767=ORIENTED_EDGE('',*,*,#1941,.T.);
#2768=ORIENTED_EDGE('',*,*,#1944,.T.);
#2769=ORIENTED_EDGE('',*,*,#1947,.T.);
#2770=ORIENTED_EDGE('',*,*,#1950,.T.);
#2771=ORIENTED_EDGE('',*,*,#2188,.T.);
#2772=ORIENTED_EDGE('',*,*,#2189,.T.);
#2773=ORIENTED_EDGE('',*,*,#2190,.T.);
#2774=ORIENTED_EDGE('',*,*,#2191,.T.);
#2775=ORIENTED_EDGE('',*,*,#2137,.T.);
#2776=ORIENTED_EDGE('',*,*,#2192,.T.);
#2777=ORIENTED_EDGE('',*,*,#2140,.T.);
#2778=ORIENTED_EDGE('',*,*,#2193,.T.);
#2779=ORIENTED_EDGE('',*,*,#1953,.T.);
#2780=ORIENTED_EDGE('',*,*,#1956,.T.);
#2781=ORIENTED_EDGE('',*,*,#2194,.T.);
#2782=ORIENTED_EDGE('',*,*,#2195,.T.);
#2783=ORIENTED_EDGE('',*,*,#2196,.T.);
#2784=ORIENTED_EDGE('',*,*,#2197,.T.);
#2785=ORIENTED_EDGE('',*,*,#2198,.T.);
#2786=ORIENTED_EDGE('',*,*,#2199,.T.);
#2787=ORIENTED_EDGE('',*,*,#2200,.T.);
#2788=ORIENTED_EDGE('',*,*,#2201,.T.);
#2789=ORIENTED_EDGE('',*,*,#2202,.T.);
#2790=ORIENTED_EDGE('',*,*,#2203,.T.);
#2791=ORIENTED_EDGE('',*,*,#2204,.T.);
#2792=ORIENTED_EDGE('',*,*,#2205,.T.);
#2793=ORIENTED_EDGE('',*,*,#2206,.T.);
#2794=ORIENTED_EDGE('',*,*,#2207,.T.);
#2795=ORIENTED_EDGE('',*,*,#2208,.T.);
#2796=ORIENTED_EDGE('',*,*,#2209,.T.);
#2797=ORIENTED_EDGE('',*,*,#1965,.T.);
#2798=ORIENTED_EDGE('',*,*,#1968,.T.);
#2799=ORIENTED_EDGE('',*,*,#1971,.T.);
#2800=ORIENTED_EDGE('',*,*,#1974,.T.);
#2801=ORIENTED_EDGE('',*,*,#1980,.T.);
#2802=ORIENTED_EDGE('',*,*,#1989,.T.);
#2803=ORIENTED_EDGE('',*,*,#2210,.T.);
#2804=ORIENTED_EDGE('',*,*,#1993,.T.);
#2805=ORIENTED_EDGE('',*,*,#2211,.T.);
#2806=ORIENTED_EDGE('',*,*,#1977,.T.);
#2807=ORIENTED_EDGE('',*,*,#1986,.T.);
#2808=ORIENTED_EDGE('',*,*,#1983,.T.);
#2809=ORIENTED_EDGE('',*,*,#2212,.F.);
#2810=ORIENTED_EDGE('',*,*,#2213,.T.);
#2811=ORIENTED_EDGE('',*,*,#2214,.T.);
#2812=ORIENTED_EDGE('',*,*,#2215,.T.);
#2813=ORIENTED_EDGE('',*,*,#2216,.T.);
#2814=ORIENTED_EDGE('',*,*,#2217,.T.);
#2815=ORIENTED_EDGE('',*,*,#2218,.T.);
#2816=ORIENTED_EDGE('',*,*,#2219,.T.);
#2817=ORIENTED_EDGE('',*,*,#2220,.T.);
#2818=ORIENTED_EDGE('',*,*,#2221,.T.);
#2819=ORIENTED_EDGE('',*,*,#2222,.F.);
#2820=ORIENTED_EDGE('',*,*,#2223,.F.);
#2821=ORIENTED_EDGE('',*,*,#2224,.T.);
#2822=ORIENTED_EDGE('',*,*,#2225,.T.);
#2823=ORIENTED_EDGE('',*,*,#2226,.T.);
#2824=ORIENTED_EDGE('',*,*,#2227,.T.);
#2825=ORIENTED_EDGE('',*,*,#2228,.T.);
#2826=ORIENTED_EDGE('',*,*,#2229,.F.);
#2827=ORIENTED_EDGE('',*,*,#2230,.F.);
#2828=ORIENTED_EDGE('',*,*,#2231,.T.);
#2829=ORIENTED_EDGE('',*,*,#2232,.T.);
#2830=ORIENTED_EDGE('',*,*,#2233,.T.);
#2831=ORIENTED_EDGE('',*,*,#2234,.T.);
#2832=ORIENTED_EDGE('',*,*,#2235,.T.);
#2833=ORIENTED_EDGE('',*,*,#2236,.T.);
#2834=ORIENTED_EDGE('',*,*,#2237,.T.);
#2835=ORIENTED_EDGE('',*,*,#2238,.T.);
#2836=ORIENTED_EDGE('',*,*,#2239,.T.);
#2837=ORIENTED_EDGE('',*,*,#2166,.T.);
#2838=ORIENTED_EDGE('',*,*,#2240,.T.);
#2839=ORIENTED_EDGE('',*,*,#2034,.F.);
#2840=ORIENTED_EDGE('',*,*,#2241,.F.);
#2841=ORIENTED_EDGE('',*,*,#2009,.F.);
#2842=ORIENTED_EDGE('',*,*,#2242,.T.);
#2843=ORIENTED_EDGE('',*,*,#2182,.T.);
#2844=ORIENTED_EDGE('',*,*,#2243,.F.);
#2845=ORIENTED_EDGE('',*,*,#2244,.F.);
#2846=ORIENTED_EDGE('',*,*,#2224,.F.);
#2847=ORIENTED_EDGE('',*,*,#2245,.T.);
#2848=ORIENTED_EDGE('',*,*,#2071,.F.);
#2849=ORIENTED_EDGE('',*,*,#2246,.T.);
#2850=ORIENTED_EDGE('',*,*,#2247,.F.);
#2851=ORIENTED_EDGE('',*,*,#2248,.F.);
#2852=ORIENTED_EDGE('',*,*,#2249,.T.);
#2853=ORIENTED_EDGE('',*,*,#2250,.T.);
#2854=ORIENTED_EDGE('',*,*,#2067,.T.);
#2855=ORIENTED_EDGE('',*,*,#2128,.F.);
#2856=ORIENTED_EDGE('',*,*,#2251,.F.);
#2857=ORIENTED_EDGE('',*,*,#2167,.F.);
#2858=ORIENTED_EDGE('',*,*,#2241,.T.);
#2859=ORIENTED_EDGE('',*,*,#2252,.F.);
#2860=ORIENTED_EDGE('',*,*,#2253,.F.);
#2861=ORIENTED_EDGE('',*,*,#2254,.T.);
#2862=ORIENTED_EDGE('',*,*,#2163,.F.);
#2863=ORIENTED_EDGE('',*,*,#2255,.F.);
#2864=ORIENTED_EDGE('',*,*,#2038,.F.);
#2865=ORIENTED_EDGE('',*,*,#2151,.F.);
#2866=ORIENTED_EDGE('',*,*,#2256,.T.);
#2867=ORIENTED_EDGE('',*,*,#2184,.T.);
#2868=ORIENTED_EDGE('',*,*,#2153,.T.);
#2869=ORIENTED_EDGE('',*,*,#2006,.F.);
#2870=ORIENTED_EDGE('',*,*,#2257,.T.);
#2871=ORIENTED_EDGE('',*,*,#2004,.F.);
#2872=ORIENTED_EDGE('',*,*,#2258,.T.);
#2873=ORIENTED_EDGE('',*,*,#2186,.F.);
#2874=ORIENTED_EDGE('',*,*,#2256,.F.);
#2875=ORIENTED_EDGE('',*,*,#2005,.F.);
#2876=ORIENTED_EDGE('',*,*,#2257,.F.);
#2877=ORIENTED_EDGE('',*,*,#2185,.F.);
#2878=ORIENTED_EDGE('',*,*,#2161,.F.);
#2879=ORIENTED_EDGE('',*,*,#2259,.T.);
#2880=ORIENTED_EDGE('',*,*,#2040,.F.);
#2881=ORIENTED_EDGE('',*,*,#2260,.F.);
#2882=ORIENTED_EDGE('',*,*,#2260,.T.);
#2883=ORIENTED_EDGE('',*,*,#2039,.F.);
#2884=ORIENTED_EDGE('',*,*,#2255,.T.);
#2885=ORIENTED_EDGE('',*,*,#2162,.F.);
#2886=ORIENTED_EDGE('',*,*,#2045,.T.);
#2887=ORIENTED_EDGE('',*,*,#2261,.T.);
#2888=ORIENTED_EDGE('',*,*,#2213,.F.);
#2889=ORIENTED_EDGE('',*,*,#2262,.T.);
#2890=ORIENTED_EDGE('',*,*,#2239,.F.);
#2891=ORIENTED_EDGE('',*,*,#2263,.T.);
#2892=ORIENTED_EDGE('',*,*,#2047,.T.);
#2893=ORIENTED_EDGE('',*,*,#2264,.F.);
#2894=ORIENTED_EDGE('',*,*,#2265,.T.);
#2895=ORIENTED_EDGE('',*,*,#2102,.F.);
#2896=ORIENTED_EDGE('',*,*,#2266,.F.);
#2897=ORIENTED_EDGE('',*,*,#2267,.F.);
#2898=ORIENTED_EDGE('',*,*,#2268,.T.);
#2899=ORIENTED_EDGE('',*,*,#2243,.T.);
#2900=ORIENTED_EDGE('',*,*,#2181,.T.);
#2901=ORIENTED_EDGE('',*,*,#2210,.F.);
#2902=ORIENTED_EDGE('',*,*,#1992,.T.);
#2903=ORIENTED_EDGE('',*,*,#2084,.T.);
#2904=ORIENTED_EDGE('',*,*,#1990,.T.);
#2905=ORIENTED_EDGE('',*,*,#2211,.F.);
#2906=ORIENTED_EDGE('',*,*,#1996,.T.);
#2907=ORIENTED_EDGE('',*,*,#2083,.T.);
#2908=ORIENTED_EDGE('',*,*,#1994,.T.);
#2909=ORIENTED_EDGE('',*,*,#2103,.T.);
#2910=ORIENTED_EDGE('',*,*,#2265,.F.);
#2911=ORIENTED_EDGE('',*,*,#2180,.F.);
#2912=ORIENTED_EDGE('',*,*,#2269,.T.);
#2913=ORIENTED_EDGE('',*,*,#2104,.T.);
#2914=ORIENTED_EDGE('',*,*,#2269,.F.);
#2915=ORIENTED_EDGE('',*,*,#2179,.F.);
#2916=ORIENTED_EDGE('',*,*,#2270,.T.);
#2917=ORIENTED_EDGE('',*,*,#2105,.T.);
#2918=ORIENTED_EDGE('',*,*,#2270,.F.);
#2919=ORIENTED_EDGE('',*,*,#2178,.F.);
#2920=ORIENTED_EDGE('',*,*,#2271,.T.);
#2921=ORIENTED_EDGE('',*,*,#2106,.T.);
#2922=ORIENTED_EDGE('',*,*,#2271,.F.);
#2923=ORIENTED_EDGE('',*,*,#2177,.F.);
#2924=ORIENTED_EDGE('',*,*,#2272,.T.);
#2925=ORIENTED_EDGE('',*,*,#2124,.T.);
#2926=ORIENTED_EDGE('',*,*,#2273,.F.);
#2927=ORIENTED_EDGE('',*,*,#2171,.F.);
#2928=ORIENTED_EDGE('',*,*,#2274,.T.);
#2929=ORIENTED_EDGE('',*,*,#2125,.T.);
#2930=ORIENTED_EDGE('',*,*,#2274,.F.);
#2931=ORIENTED_EDGE('',*,*,#2170,.F.);
#2932=ORIENTED_EDGE('',*,*,#2275,.T.);
#2933=ORIENTED_EDGE('',*,*,#2126,.T.);
#2934=ORIENTED_EDGE('',*,*,#2275,.F.);
#2935=ORIENTED_EDGE('',*,*,#2169,.F.);
#2936=ORIENTED_EDGE('',*,*,#2276,.T.);
#2937=ORIENTED_EDGE('',*,*,#2127,.T.);
#2938=ORIENTED_EDGE('',*,*,#2276,.F.);
#2939=ORIENTED_EDGE('',*,*,#2168,.F.);
#2940=ORIENTED_EDGE('',*,*,#2251,.T.);
#2941=ORIENTED_EDGE('',*,*,#2078,.T.);
#2942=ORIENTED_EDGE('',*,*,#2277,.F.);
#2943=ORIENTED_EDGE('',*,*,#2218,.F.);
#2944=ORIENTED_EDGE('',*,*,#2278,.T.);
#2945=ORIENTED_EDGE('',*,*,#2077,.T.);
#2946=ORIENTED_EDGE('',*,*,#2279,.F.);
#2947=ORIENTED_EDGE('',*,*,#2219,.F.);
#2948=ORIENTED_EDGE('',*,*,#2277,.T.);
#2949=ORIENTED_EDGE('',*,*,#2076,.T.);
#2950=ORIENTED_EDGE('',*,*,#2280,.T.);
#2951=ORIENTED_EDGE('',*,*,#2281,.F.);
#2952=ORIENTED_EDGE('',*,*,#2282,.F.);
#2953=ORIENTED_EDGE('',*,*,#2283,.F.);
#2954=ORIENTED_EDGE('',*,*,#2220,.F.);
#2955=ORIENTED_EDGE('',*,*,#2279,.T.);
#2956=ORIENTED_EDGE('',*,*,#2283,.T.);
#2957=ORIENTED_EDGE('',*,*,#2284,.F.);
#2958=ORIENTED_EDGE('',*,*,#2285,.F.);
#2959=ORIENTED_EDGE('',*,*,#2221,.F.);
#2960=ORIENTED_EDGE('',*,*,#2286,.T.);
#2961=ORIENTED_EDGE('',*,*,#2287,.F.);
#2962=ORIENTED_EDGE('',*,*,#2288,.F.);
#2963=ORIENTED_EDGE('',*,*,#2231,.F.);
#2964=ORIENTED_EDGE('',*,*,#2288,.T.);
#2965=ORIENTED_EDGE('',*,*,#2289,.F.);
#2966=ORIENTED_EDGE('',*,*,#2290,.T.);
#2967=ORIENTED_EDGE('',*,*,#2291,.T.);
#2968=ORIENTED_EDGE('',*,*,#2054,.T.);
#2969=ORIENTED_EDGE('',*,*,#2292,.F.);
#2970=ORIENTED_EDGE('',*,*,#2232,.F.);
#2971=ORIENTED_EDGE('',*,*,#2053,.T.);
#2972=ORIENTED_EDGE('',*,*,#2293,.F.);
#2973=ORIENTED_EDGE('',*,*,#2233,.F.);
#2974=ORIENTED_EDGE('',*,*,#2292,.T.);
#2975=ORIENTED_EDGE('',*,*,#2052,.T.);
#2976=ORIENTED_EDGE('',*,*,#2294,.F.);
#2977=ORIENTED_EDGE('',*,*,#2234,.F.);
#2978=ORIENTED_EDGE('',*,*,#2293,.T.);
#2979=ORIENTED_EDGE('',*,*,#2223,.T.);
#2980=ORIENTED_EDGE('',*,*,#2295,.T.);
#2981=ORIENTED_EDGE('',*,*,#2072,.F.);
#2982=ORIENTED_EDGE('',*,*,#2245,.F.);
#2983=ORIENTED_EDGE('',*,*,#2222,.T.);
#2984=ORIENTED_EDGE('',*,*,#2285,.T.);
#2985=ORIENTED_EDGE('',*,*,#2296,.F.);
#2986=ORIENTED_EDGE('',*,*,#2297,.T.);
#2987=ORIENTED_EDGE('',*,*,#2298,.T.);
#2988=ORIENTED_EDGE('',*,*,#2073,.F.);
#2989=ORIENTED_EDGE('',*,*,#2295,.F.);
#2990=ORIENTED_EDGE('',*,*,#1962,.F.);
#2991=ORIENTED_EDGE('',*,*,#2229,.T.);
#2992=ORIENTED_EDGE('',*,*,#2299,.F.);
#2993=ORIENTED_EDGE('',*,*,#2058,.T.);
#2994=ORIENTED_EDGE('',*,*,#2300,.T.);
#2995=ORIENTED_EDGE('',*,*,#2301,.T.);
#2996=ORIENTED_EDGE('',*,*,#2063,.T.);
#2997=ORIENTED_EDGE('',*,*,#2302,.T.);
#2998=ORIENTED_EDGE('',*,*,#2303,.F.);
#2999=ORIENTED_EDGE('',*,*,#2304,.F.);
#3000=ORIENTED_EDGE('',*,*,#2305,.T.);
#3001=ORIENTED_EDGE('',*,*,#2306,.T.);
#3002=ORIENTED_EDGE('',*,*,#2059,.F.);
#3003=ORIENTED_EDGE('',*,*,#2299,.T.);
#3004=ORIENTED_EDGE('',*,*,#2228,.F.);
#3005=ORIENTED_EDGE('',*,*,#2230,.T.);
#3006=ORIENTED_EDGE('',*,*,#2300,.F.);
#3007=ORIENTED_EDGE('',*,*,#2057,.F.);
#3008=ORIENTED_EDGE('',*,*,#2307,.T.);
#3009=ORIENTED_EDGE('',*,*,#2308,.F.);
#3010=ORIENTED_EDGE('',*,*,#2309,.F.);
#3011=ORIENTED_EDGE('',*,*,#2286,.F.);
#3012=ORIENTED_EDGE('',*,*,#1959,.F.);
#3013=ORIENTED_EDGE('',*,*,#2310,.T.);
#3014=ORIENTED_EDGE('',*,*,#2311,.T.);
#3015=ORIENTED_EDGE('',*,*,#2290,.F.);
#3016=ORIENTED_EDGE('',*,*,#2312,.F.);
#3017=ORIENTED_EDGE('',*,*,#1961,.F.);
#3018=ORIENTED_EDGE('',*,*,#2308,.T.);
#3019=ORIENTED_EDGE('',*,*,#2313,.T.);
#3020=ORIENTED_EDGE('',*,*,#2310,.F.);
#3021=ORIENTED_EDGE('',*,*,#2314,.F.);
#3022=ORIENTED_EDGE('',*,*,#2312,.T.);
#3023=ORIENTED_EDGE('',*,*,#2289,.T.);
#3024=ORIENTED_EDGE('',*,*,#2287,.T.);
#3025=ORIENTED_EDGE('',*,*,#2309,.T.);
#3026=ORIENTED_EDGE('',*,*,#2314,.T.);
#3027=ORIENTED_EDGE('',*,*,#2281,.T.);
#3028=ORIENTED_EDGE('',*,*,#2315,.T.);
#3029=ORIENTED_EDGE('',*,*,#2316,.F.);
#3030=ORIENTED_EDGE('',*,*,#2317,.F.);
#3031=ORIENTED_EDGE('',*,*,#1964,.F.);
#3032=ORIENTED_EDGE('',*,*,#2316,.T.);
#3033=ORIENTED_EDGE('',*,*,#2318,.T.);
#3034=ORIENTED_EDGE('',*,*,#2297,.F.);
#3035=ORIENTED_EDGE('',*,*,#2319,.F.);
#3036=ORIENTED_EDGE('',*,*,#2284,.T.);
#3037=ORIENTED_EDGE('',*,*,#2282,.T.);
#3038=ORIENTED_EDGE('',*,*,#2317,.T.);
#3039=ORIENTED_EDGE('',*,*,#2319,.T.);
#3040=ORIENTED_EDGE('',*,*,#2296,.T.);
#3041=ORIENTED_EDGE('',*,*,#2320,.T.);
#3042=ORIENTED_EDGE('',*,*,#2321,.T.);
#3043=ORIENTED_EDGE('',*,*,#2305,.F.);
#3044=ORIENTED_EDGE('',*,*,#2322,.F.);
#3045=ORIENTED_EDGE('',*,*,#2303,.T.);
#3046=ORIENTED_EDGE('',*,*,#2323,.T.);
#3047=ORIENTED_EDGE('',*,*,#2324,.F.);
#3048=ORIENTED_EDGE('',*,*,#2325,.F.);
#3049=ORIENTED_EDGE('',*,*,#2324,.T.);
#3050=ORIENTED_EDGE('',*,*,#2326,.T.);
#3051=ORIENTED_EDGE('',*,*,#2320,.F.);
#3052=ORIENTED_EDGE('',*,*,#2327,.F.);
#3053=ORIENTED_EDGE('',*,*,#2322,.T.);
#3054=ORIENTED_EDGE('',*,*,#2304,.T.);
#3055=ORIENTED_EDGE('',*,*,#2325,.T.);
#3056=ORIENTED_EDGE('',*,*,#2327,.T.);
#3057=ORIENTED_EDGE('',*,*,#2247,.T.);
#3058=ORIENTED_EDGE('',*,*,#2328,.T.);
#3059=ORIENTED_EDGE('',*,*,#2329,.F.);
#3060=ORIENTED_EDGE('',*,*,#2330,.F.);
#3061=ORIENTED_EDGE('',*,*,#2329,.T.);
#3062=ORIENTED_EDGE('',*,*,#2331,.T.);
#3063=ORIENTED_EDGE('',*,*,#2332,.F.);
#3064=ORIENTED_EDGE('',*,*,#2333,.F.);
#3065=ORIENTED_EDGE('',*,*,#2332,.T.);
#3066=ORIENTED_EDGE('',*,*,#2334,.T.);
#3067=ORIENTED_EDGE('',*,*,#2249,.F.);
#3068=ORIENTED_EDGE('',*,*,#2335,.F.);
#3069=ORIENTED_EDGE('',*,*,#2248,.T.);
#3070=ORIENTED_EDGE('',*,*,#2330,.T.);
#3071=ORIENTED_EDGE('',*,*,#2333,.T.);
#3072=ORIENTED_EDGE('',*,*,#2335,.T.);
#3073=ORIENTED_EDGE('',*,*,#2302,.F.);
#3074=ORIENTED_EDGE('',*,*,#2062,.F.);
#3075=ORIENTED_EDGE('',*,*,#2336,.F.);
#3076=ORIENTED_EDGE('',*,*,#2323,.F.);
#3077=ORIENTED_EDGE('',*,*,#2336,.T.);
#3078=ORIENTED_EDGE('',*,*,#2061,.F.);
#3079=ORIENTED_EDGE('',*,*,#2337,.F.);
#3080=ORIENTED_EDGE('',*,*,#2326,.F.);
#3081=ORIENTED_EDGE('',*,*,#2337,.T.);
#3082=ORIENTED_EDGE('',*,*,#2060,.F.);
#3083=ORIENTED_EDGE('',*,*,#2306,.F.);
#3084=ORIENTED_EDGE('',*,*,#2321,.F.);
#3085=ORIENTED_EDGE('',*,*,#2246,.F.);
#3086=ORIENTED_EDGE('',*,*,#2070,.F.);
#3087=ORIENTED_EDGE('',*,*,#2338,.F.);
#3088=ORIENTED_EDGE('',*,*,#2328,.F.);
#3089=ORIENTED_EDGE('',*,*,#2338,.T.);
#3090=ORIENTED_EDGE('',*,*,#2069,.F.);
#3091=ORIENTED_EDGE('',*,*,#2339,.F.);
#3092=ORIENTED_EDGE('',*,*,#2331,.F.);
#3093=ORIENTED_EDGE('',*,*,#2339,.T.);
#3094=ORIENTED_EDGE('',*,*,#2068,.F.);
#3095=ORIENTED_EDGE('',*,*,#2250,.F.);
#3096=ORIENTED_EDGE('',*,*,#2334,.F.);
#3097=ORIENTED_EDGE('',*,*,#2291,.F.);
#3098=ORIENTED_EDGE('',*,*,#2311,.F.);
#3099=ORIENTED_EDGE('',*,*,#2340,.F.);
#3100=ORIENTED_EDGE('',*,*,#2055,.F.);
#3101=ORIENTED_EDGE('',*,*,#2307,.F.);
#3102=ORIENTED_EDGE('',*,*,#2056,.F.);
#3103=ORIENTED_EDGE('',*,*,#2340,.T.);
#3104=ORIENTED_EDGE('',*,*,#2313,.F.);
#3105=ORIENTED_EDGE('',*,*,#2280,.F.);
#3106=ORIENTED_EDGE('',*,*,#2075,.F.);
#3107=ORIENTED_EDGE('',*,*,#2341,.F.);
#3108=ORIENTED_EDGE('',*,*,#2315,.F.);
#3109=ORIENTED_EDGE('',*,*,#2341,.T.);
#3110=ORIENTED_EDGE('',*,*,#2074,.F.);
#3111=ORIENTED_EDGE('',*,*,#2298,.F.);
#3112=ORIENTED_EDGE('',*,*,#2318,.F.);
#3113=ORIENTED_EDGE('',*,*,#2342,.T.);
#3114=ORIENTED_EDGE('',*,*,#2086,.T.);
#3115=ORIENTED_EDGE('',*,*,#2343,.F.);
#3116=ORIENTED_EDGE('',*,*,#2206,.F.);
#3117=ORIENTED_EDGE('',*,*,#2344,.T.);
#3118=ORIENTED_EDGE('',*,*,#2087,.T.);
#3119=ORIENTED_EDGE('',*,*,#2342,.F.);
#3120=ORIENTED_EDGE('',*,*,#2209,.F.);
#3121=ORIENTED_EDGE('',*,*,#2345,.T.);
#3122=ORIENTED_EDGE('',*,*,#2088,.T.);
#3123=ORIENTED_EDGE('',*,*,#2344,.F.);
#3124=ORIENTED_EDGE('',*,*,#2208,.F.);
#3125=ORIENTED_EDGE('',*,*,#2343,.T.);
#3126=ORIENTED_EDGE('',*,*,#2085,.T.);
#3127=ORIENTED_EDGE('',*,*,#2345,.F.);
#3128=ORIENTED_EDGE('',*,*,#2207,.F.);
#3129=ORIENTED_EDGE('',*,*,#2346,.T.);
#3130=ORIENTED_EDGE('',*,*,#2090,.T.);
#3131=ORIENTED_EDGE('',*,*,#2347,.F.);
#3132=ORIENTED_EDGE('',*,*,#2202,.F.);
#3133=ORIENTED_EDGE('',*,*,#2348,.T.);
#3134=ORIENTED_EDGE('',*,*,#2091,.T.);
#3135=ORIENTED_EDGE('',*,*,#2346,.F.);
#3136=ORIENTED_EDGE('',*,*,#2205,.F.);
#3137=ORIENTED_EDGE('',*,*,#2349,.T.);
#3138=ORIENTED_EDGE('',*,*,#2092,.T.);
#3139=ORIENTED_EDGE('',*,*,#2348,.F.);
#3140=ORIENTED_EDGE('',*,*,#2204,.F.);
#3141=ORIENTED_EDGE('',*,*,#2347,.T.);
#3142=ORIENTED_EDGE('',*,*,#2089,.T.);
#3143=ORIENTED_EDGE('',*,*,#2349,.F.);
#3144=ORIENTED_EDGE('',*,*,#2203,.F.);
#3145=ORIENTED_EDGE('',*,*,#2350,.T.);
#3146=ORIENTED_EDGE('',*,*,#2094,.T.);
#3147=ORIENTED_EDGE('',*,*,#2351,.F.);
#3148=ORIENTED_EDGE('',*,*,#2198,.F.);
#3149=ORIENTED_EDGE('',*,*,#2352,.T.);
#3150=ORIENTED_EDGE('',*,*,#2095,.T.);
#3151=ORIENTED_EDGE('',*,*,#2350,.F.);
#3152=ORIENTED_EDGE('',*,*,#2201,.F.);
#3153=ORIENTED_EDGE('',*,*,#2353,.T.);
#3154=ORIENTED_EDGE('',*,*,#2096,.T.);
#3155=ORIENTED_EDGE('',*,*,#2352,.F.);
#3156=ORIENTED_EDGE('',*,*,#2200,.F.);
#3157=ORIENTED_EDGE('',*,*,#2351,.T.);
#3158=ORIENTED_EDGE('',*,*,#2093,.T.);
#3159=ORIENTED_EDGE('',*,*,#2353,.F.);
#3160=ORIENTED_EDGE('',*,*,#2199,.F.);
#3161=ORIENTED_EDGE('',*,*,#2354,.T.);
#3162=ORIENTED_EDGE('',*,*,#2098,.T.);
#3163=ORIENTED_EDGE('',*,*,#2355,.F.);
#3164=ORIENTED_EDGE('',*,*,#2194,.F.);
#3165=ORIENTED_EDGE('',*,*,#2356,.T.);
#3166=ORIENTED_EDGE('',*,*,#2099,.T.);
#3167=ORIENTED_EDGE('',*,*,#2354,.F.);
#3168=ORIENTED_EDGE('',*,*,#2197,.F.);
#3169=ORIENTED_EDGE('',*,*,#2357,.T.);
#3170=ORIENTED_EDGE('',*,*,#2100,.T.);
#3171=ORIENTED_EDGE('',*,*,#2356,.F.);
#3172=ORIENTED_EDGE('',*,*,#2196,.F.);
#3173=ORIENTED_EDGE('',*,*,#2355,.T.);
#3174=ORIENTED_EDGE('',*,*,#2097,.T.);
#3175=ORIENTED_EDGE('',*,*,#2357,.F.);
#3176=ORIENTED_EDGE('',*,*,#2195,.F.);
#3177=ORIENTED_EDGE('',*,*,#2244,.T.);
#3178=ORIENTED_EDGE('',*,*,#2066,.T.);
#3179=ORIENTED_EDGE('',*,*,#2358,.F.);
#3180=ORIENTED_EDGE('',*,*,#2225,.F.);
#3181=ORIENTED_EDGE('',*,*,#2359,.T.);
#3182=ORIENTED_EDGE('',*,*,#2064,.T.);
#3183=ORIENTED_EDGE('',*,*,#2301,.F.);
#3184=ORIENTED_EDGE('',*,*,#2227,.F.);
#3185=ORIENTED_EDGE('',*,*,#2358,.T.);
#3186=ORIENTED_EDGE('',*,*,#2065,.T.);
#3187=ORIENTED_EDGE('',*,*,#2359,.F.);
#3188=ORIENTED_EDGE('',*,*,#2226,.F.);
#3189=ORIENTED_EDGE('',*,*,#2139,.T.);
#3190=ORIENTED_EDGE('',*,*,#2116,.F.);
#3191=ORIENTED_EDGE('',*,*,#2138,.F.);
#3192=ORIENTED_EDGE('',*,*,#2193,.F.);
#3193=ORIENTED_EDGE('',*,*,#2136,.T.);
#3194=ORIENTED_EDGE('',*,*,#2119,.F.);
#3195=ORIENTED_EDGE('',*,*,#2141,.F.);
#3196=ORIENTED_EDGE('',*,*,#2192,.F.);
#3197=ORIENTED_EDGE('',*,*,#2023,.T.);
#3198=ORIENTED_EDGE('',*,*,#2360,.F.);
#3199=ORIENTED_EDGE('',*,*,#2188,.F.);
#3200=ORIENTED_EDGE('',*,*,#2361,.T.);
#3201=ORIENTED_EDGE('',*,*,#2362,.T.);
#3202=ORIENTED_EDGE('',*,*,#2020,.T.);
#3203=ORIENTED_EDGE('',*,*,#2363,.F.);
#3204=ORIENTED_EDGE('',*,*,#2364,.F.);
#3205=ORIENTED_EDGE('',*,*,#2365,.T.);
#3206=ORIENTED_EDGE('',*,*,#2024,.T.);
#3207=ORIENTED_EDGE('',*,*,#2361,.F.);
#3208=ORIENTED_EDGE('',*,*,#2191,.F.);
#3209=ORIENTED_EDGE('',*,*,#2021,.T.);
#3210=ORIENTED_EDGE('',*,*,#2362,.F.);
#3211=ORIENTED_EDGE('',*,*,#2190,.F.);
#3212=ORIENTED_EDGE('',*,*,#2366,.T.);
#3213=ORIENTED_EDGE('',*,*,#2022,.T.);
#3214=ORIENTED_EDGE('',*,*,#2366,.F.);
#3215=ORIENTED_EDGE('',*,*,#2189,.F.);
#3216=ORIENTED_EDGE('',*,*,#2360,.T.);
#3217=ORIENTED_EDGE('',*,*,#2111,.T.);
#3218=ORIENTED_EDGE('',*,*,#2367,.T.);
#3219=ORIENTED_EDGE('',*,*,#2174,.F.);
#3220=ORIENTED_EDGE('',*,*,#2368,.T.);
#3221=ORIENTED_EDGE('',*,*,#2152,.T.);
#3222=ORIENTED_EDGE('',*,*,#2183,.T.);
#3223=ORIENTED_EDGE('',*,*,#2242,.F.);
#3224=ORIENTED_EDGE('',*,*,#2008,.F.);
#3225=ORIENTED_EDGE('',*,*,#2035,.F.);
#3226=ORIENTED_EDGE('',*,*,#2240,.F.);
#3227=ORIENTED_EDGE('',*,*,#2165,.T.);
#3228=ORIENTED_EDGE('',*,*,#2369,.T.);
#3229=ORIENTED_EDGE('',*,*,#2036,.F.);
#3230=ORIENTED_EDGE('',*,*,#2369,.F.);
#3231=ORIENTED_EDGE('',*,*,#2164,.T.);
#3232=ORIENTED_EDGE('',*,*,#2149,.F.);
#3233=ORIENTED_EDGE('',*,*,#2370,.F.);
#3234=ORIENTED_EDGE('',*,*,#2172,.F.);
#3235=ORIENTED_EDGE('',*,*,#2273,.T.);
#3236=ORIENTED_EDGE('',*,*,#2123,.T.);
#3237=ORIENTED_EDGE('',*,*,#2371,.F.);
#3238=ORIENTED_EDGE('',*,*,#2372,.F.);
#3239=ORIENTED_EDGE('',*,*,#2373,.T.);
#3240=ORIENTED_EDGE('',*,*,#2113,.F.);
#3241=ORIENTED_EDGE('',*,*,#2368,.F.);
#3242=ORIENTED_EDGE('',*,*,#2173,.F.);
#3243=ORIENTED_EDGE('',*,*,#2370,.T.);
#3244=ORIENTED_EDGE('',*,*,#2112,.F.);
#3245=ORIENTED_EDGE('',*,*,#2272,.F.);
#3246=ORIENTED_EDGE('',*,*,#2176,.F.);
#3247=ORIENTED_EDGE('',*,*,#2374,.T.);
#3248=ORIENTED_EDGE('',*,*,#2109,.F.);
#3249=ORIENTED_EDGE('',*,*,#2375,.F.);
#3250=ORIENTED_EDGE('',*,*,#2376,.F.);
#3251=ORIENTED_EDGE('',*,*,#2377,.T.);
#3252=ORIENTED_EDGE('',*,*,#2107,.T.);
#3253=ORIENTED_EDGE('',*,*,#2374,.F.);
#3254=ORIENTED_EDGE('',*,*,#2175,.F.);
#3255=ORIENTED_EDGE('',*,*,#2367,.F.);
#3256=ORIENTED_EDGE('',*,*,#2110,.F.);
#3257=ORIENTED_EDGE('',*,*,#2378,.F.);
#3258=ORIENTED_EDGE('',*,*,#2235,.F.);
#3259=ORIENTED_EDGE('',*,*,#2294,.T.);
#3260=ORIENTED_EDGE('',*,*,#2051,.F.);
#3261=ORIENTED_EDGE('',*,*,#2379,.F.);
#3262=ORIENTED_EDGE('',*,*,#2236,.F.);
#3263=ORIENTED_EDGE('',*,*,#2378,.T.);
#3264=ORIENTED_EDGE('',*,*,#2050,.F.);
#3265=ORIENTED_EDGE('',*,*,#2263,.F.);
#3266=ORIENTED_EDGE('',*,*,#2238,.F.);
#3267=ORIENTED_EDGE('',*,*,#2380,.T.);
#3268=ORIENTED_EDGE('',*,*,#2048,.F.);
#3269=ORIENTED_EDGE('',*,*,#2380,.F.);
#3270=ORIENTED_EDGE('',*,*,#2237,.F.);
#3271=ORIENTED_EDGE('',*,*,#2379,.T.);
#3272=ORIENTED_EDGE('',*,*,#2049,.F.);
#3273=ORIENTED_EDGE('',*,*,#2381,.F.);
#3274=ORIENTED_EDGE('',*,*,#2216,.F.);
#3275=ORIENTED_EDGE('',*,*,#2382,.T.);
#3276=ORIENTED_EDGE('',*,*,#2080,.F.);
#3277=ORIENTED_EDGE('',*,*,#2382,.F.);
#3278=ORIENTED_EDGE('',*,*,#2215,.F.);
#3279=ORIENTED_EDGE('',*,*,#2383,.T.);
#3280=ORIENTED_EDGE('',*,*,#2081,.F.);
#3281=ORIENTED_EDGE('',*,*,#2383,.F.);
#3282=ORIENTED_EDGE('',*,*,#2214,.F.);
#3283=ORIENTED_EDGE('',*,*,#2261,.F.);
#3284=ORIENTED_EDGE('',*,*,#2082,.F.);
#3285=ORIENTED_EDGE('',*,*,#2278,.F.);
#3286=ORIENTED_EDGE('',*,*,#2217,.F.);
#3287=ORIENTED_EDGE('',*,*,#2381,.T.);
#3288=ORIENTED_EDGE('',*,*,#2079,.F.);
#3289=ORIENTED_EDGE('',*,*,#2262,.F.);
#3290=ORIENTED_EDGE('',*,*,#2212,.T.);
#3291=ORIENTED_EDGE('',*,*,#2264,.T.);
#3292=ORIENTED_EDGE('',*,*,#2046,.F.);
#3293=ORIENTED_EDGE('',*,*,#2259,.F.);
#3294=ORIENTED_EDGE('',*,*,#2160,.T.);
#3295=ORIENTED_EDGE('',*,*,#2384,.T.);
#3296=ORIENTED_EDGE('',*,*,#2041,.F.);
#3297=ORIENTED_EDGE('',*,*,#2159,.T.);
#3298=ORIENTED_EDGE('',*,*,#2385,.T.);
#3299=ORIENTED_EDGE('',*,*,#2042,.F.);
#3300=ORIENTED_EDGE('',*,*,#2384,.F.);
#3301=ORIENTED_EDGE('',*,*,#2157,.T.);
#3302=ORIENTED_EDGE('',*,*,#2386,.T.);
#3303=ORIENTED_EDGE('',*,*,#2000,.F.);
#3304=ORIENTED_EDGE('',*,*,#2387,.F.);
#3305=ORIENTED_EDGE('',*,*,#2388,.F.);
#3306=ORIENTED_EDGE('',*,*,#2389,.T.);
#3307=ORIENTED_EDGE('',*,*,#2044,.F.);
#3308=ORIENTED_EDGE('',*,*,#2390,.T.);
#3309=ORIENTED_EDGE('',*,*,#2002,.F.);
#3310=ORIENTED_EDGE('',*,*,#2391,.T.);
#3311=ORIENTED_EDGE('',*,*,#2155,.T.);
#3312=ORIENTED_EDGE('',*,*,#2392,.T.);
#3313=ORIENTED_EDGE('',*,*,#2392,.F.);
#3314=ORIENTED_EDGE('',*,*,#2187,.T.);
#3315=ORIENTED_EDGE('',*,*,#2258,.F.);
#3316=ORIENTED_EDGE('',*,*,#2003,.F.);
#3317=ORIENTED_EDGE('',*,*,#2156,.F.);
#3318=ORIENTED_EDGE('',*,*,#2391,.F.);
#3319=ORIENTED_EDGE('',*,*,#2001,.F.);
#3320=ORIENTED_EDGE('',*,*,#2386,.F.);
#3321=ORIENTED_EDGE('',*,*,#2158,.F.);
#3322=ORIENTED_EDGE('',*,*,#2390,.F.);
#3323=ORIENTED_EDGE('',*,*,#2043,.F.);
#3324=ORIENTED_EDGE('',*,*,#2385,.F.);
#3325=ORIENTED_EDGE('',*,*,#2393,.T.);
#3326=ORIENTED_EDGE('',*,*,#2253,.T.);
#3327=ORIENTED_EDGE('',*,*,#2394,.T.);
#3328=ORIENTED_EDGE('',*,*,#2395,.T.);
#3329=ORIENTED_EDGE('',*,*,#2396,.T.);
#3330=ORIENTED_EDGE('',*,*,#2397,.T.);
#3331=ORIENTED_EDGE('',*,*,#2398,.T.);
#3332=ORIENTED_EDGE('',*,*,#2399,.T.);
#3333=ORIENTED_EDGE('',*,*,#2400,.T.);
#3334=ORIENTED_EDGE('',*,*,#1928,.T.);
#3335=ORIENTED_EDGE('',*,*,#2401,.T.);
#3336=ORIENTED_EDGE('',*,*,#2402,.T.);
#3337=ORIENTED_EDGE('',*,*,#2364,.T.);
#3338=ORIENTED_EDGE('',*,*,#2403,.T.);
#3339=ORIENTED_EDGE('',*,*,#2404,.T.);
#3340=ORIENTED_EDGE('',*,*,#2405,.T.);
#3341=ORIENTED_EDGE('',*,*,#2406,.T.);
#3342=ORIENTED_EDGE('',*,*,#2407,.T.);
#3343=ORIENTED_EDGE('',*,*,#2408,.T.);
#3344=ORIENTED_EDGE('',*,*,#2409,.T.);
#3345=ORIENTED_EDGE('',*,*,#2410,.T.);
#3346=ORIENTED_EDGE('',*,*,#2411,.T.);
#3347=ORIENTED_EDGE('',*,*,#2412,.T.);
#3348=ORIENTED_EDGE('',*,*,#2267,.T.);
#3349=ORIENTED_EDGE('',*,*,#2413,.T.);
#3350=ORIENTED_EDGE('',*,*,#2376,.T.);
#3351=ORIENTED_EDGE('',*,*,#2414,.T.);
#3352=ORIENTED_EDGE('',*,*,#2143,.T.);
#3353=ORIENTED_EDGE('',*,*,#2415,.T.);
#3354=ORIENTED_EDGE('',*,*,#2134,.T.);
#3355=ORIENTED_EDGE('',*,*,#2416,.T.);
#3356=ORIENTED_EDGE('',*,*,#2372,.T.);
#3357=ORIENTED_EDGE('',*,*,#2417,.F.);
#3358=ORIENTED_EDGE('',*,*,#2418,.F.);
#3359=ORIENTED_EDGE('',*,*,#2419,.F.);
#3360=ORIENTED_EDGE('',*,*,#2420,.F.);
#3361=ORIENTED_EDGE('',*,*,#2421,.F.);
#3362=ORIENTED_EDGE('',*,*,#2422,.F.);
#3363=ORIENTED_EDGE('',*,*,#2423,.F.);
#3364=ORIENTED_EDGE('',*,*,#2424,.F.);
#3365=ORIENTED_EDGE('',*,*,#2122,.T.);
#3366=ORIENTED_EDGE('',*,*,#2254,.F.);
#3367=ORIENTED_EDGE('',*,*,#2393,.F.);
#3368=ORIENTED_EDGE('',*,*,#2371,.T.);
#3369=ORIENTED_EDGE('',*,*,#2033,.T.);
#3370=ORIENTED_EDGE('',*,*,#2425,.F.);
#3371=ORIENTED_EDGE('',*,*,#2394,.F.);
#3372=ORIENTED_EDGE('',*,*,#2252,.T.);
#3373=ORIENTED_EDGE('',*,*,#2032,.T.);
#3374=ORIENTED_EDGE('',*,*,#2426,.F.);
#3375=ORIENTED_EDGE('',*,*,#2395,.F.);
#3376=ORIENTED_EDGE('',*,*,#2425,.T.);
#3377=ORIENTED_EDGE('',*,*,#2031,.T.);
#3378=ORIENTED_EDGE('',*,*,#2427,.F.);
#3379=ORIENTED_EDGE('',*,*,#2396,.F.);
#3380=ORIENTED_EDGE('',*,*,#2426,.T.);
#3381=ORIENTED_EDGE('',*,*,#2030,.T.);
#3382=ORIENTED_EDGE('',*,*,#2428,.F.);
#3383=ORIENTED_EDGE('',*,*,#2397,.F.);
#3384=ORIENTED_EDGE('',*,*,#2427,.T.);
#3385=ORIENTED_EDGE('',*,*,#2029,.T.);
#3386=ORIENTED_EDGE('',*,*,#2429,.F.);
#3387=ORIENTED_EDGE('',*,*,#2398,.F.);
#3388=ORIENTED_EDGE('',*,*,#2428,.T.);
#3389=ORIENTED_EDGE('',*,*,#2028,.T.);
#3390=ORIENTED_EDGE('',*,*,#2430,.F.);
#3391=ORIENTED_EDGE('',*,*,#2399,.F.);
#3392=ORIENTED_EDGE('',*,*,#2429,.T.);
#3393=ORIENTED_EDGE('',*,*,#2027,.T.);
#3394=ORIENTED_EDGE('',*,*,#1929,.F.);
#3395=ORIENTED_EDGE('',*,*,#2400,.F.);
#3396=ORIENTED_EDGE('',*,*,#2430,.T.);
#3397=ORIENTED_EDGE('',*,*,#2026,.T.);
#3398=ORIENTED_EDGE('',*,*,#2431,.F.);
#3399=ORIENTED_EDGE('',*,*,#2401,.F.);
#3400=ORIENTED_EDGE('',*,*,#1931,.T.);
#3401=ORIENTED_EDGE('',*,*,#2025,.T.);
#3402=ORIENTED_EDGE('',*,*,#2365,.F.);
#3403=ORIENTED_EDGE('',*,*,#2402,.F.);
#3404=ORIENTED_EDGE('',*,*,#2431,.T.);
#3405=ORIENTED_EDGE('',*,*,#2019,.T.);
#3406=ORIENTED_EDGE('',*,*,#2432,.F.);
#3407=ORIENTED_EDGE('',*,*,#2403,.F.);
#3408=ORIENTED_EDGE('',*,*,#2363,.T.);
#3409=ORIENTED_EDGE('',*,*,#2018,.T.);
#3410=ORIENTED_EDGE('',*,*,#2433,.F.);
#3411=ORIENTED_EDGE('',*,*,#2404,.F.);
#3412=ORIENTED_EDGE('',*,*,#2432,.T.);
#3413=ORIENTED_EDGE('',*,*,#2017,.T.);
#3414=ORIENTED_EDGE('',*,*,#2434,.F.);
#3415=ORIENTED_EDGE('',*,*,#2405,.F.);
#3416=ORIENTED_EDGE('',*,*,#2433,.T.);
#3417=ORIENTED_EDGE('',*,*,#2016,.T.);
#3418=ORIENTED_EDGE('',*,*,#2435,.F.);
#3419=ORIENTED_EDGE('',*,*,#2406,.F.);
#3420=ORIENTED_EDGE('',*,*,#2434,.T.);
#3421=ORIENTED_EDGE('',*,*,#2015,.T.);
#3422=ORIENTED_EDGE('',*,*,#2436,.F.);
#3423=ORIENTED_EDGE('',*,*,#2407,.F.);
#3424=ORIENTED_EDGE('',*,*,#2435,.T.);
#3425=ORIENTED_EDGE('',*,*,#2014,.T.);
#3426=ORIENTED_EDGE('',*,*,#2437,.F.);
#3427=ORIENTED_EDGE('',*,*,#2408,.F.);
#3428=ORIENTED_EDGE('',*,*,#2436,.T.);
#3429=ORIENTED_EDGE('',*,*,#2013,.T.);
#3430=ORIENTED_EDGE('',*,*,#2438,.F.);
#3431=ORIENTED_EDGE('',*,*,#2409,.F.);
#3432=ORIENTED_EDGE('',*,*,#2437,.T.);
#3433=ORIENTED_EDGE('',*,*,#2012,.T.);
#3434=ORIENTED_EDGE('',*,*,#2439,.F.);
#3435=ORIENTED_EDGE('',*,*,#2410,.F.);
#3436=ORIENTED_EDGE('',*,*,#2438,.T.);
#3437=ORIENTED_EDGE('',*,*,#2011,.T.);
#3438=ORIENTED_EDGE('',*,*,#2440,.F.);
#3439=ORIENTED_EDGE('',*,*,#2411,.F.);
#3440=ORIENTED_EDGE('',*,*,#2439,.T.);
#3441=ORIENTED_EDGE('',*,*,#2010,.T.);
#3442=ORIENTED_EDGE('',*,*,#2268,.F.);
#3443=ORIENTED_EDGE('',*,*,#2412,.F.);
#3444=ORIENTED_EDGE('',*,*,#2440,.T.);
#3445=ORIENTED_EDGE('',*,*,#2101,.T.);
#3446=ORIENTED_EDGE('',*,*,#2377,.F.);
#3447=ORIENTED_EDGE('',*,*,#2413,.F.);
#3448=ORIENTED_EDGE('',*,*,#2266,.T.);
#3449=ORIENTED_EDGE('',*,*,#2108,.T.);
#3450=ORIENTED_EDGE('',*,*,#2144,.F.);
#3451=ORIENTED_EDGE('',*,*,#2414,.F.);
#3452=ORIENTED_EDGE('',*,*,#2375,.T.);
#3453=ORIENTED_EDGE('',*,*,#2121,.T.);
#3454=ORIENTED_EDGE('',*,*,#2135,.F.);
#3455=ORIENTED_EDGE('',*,*,#2415,.F.);
#3456=ORIENTED_EDGE('',*,*,#2142,.T.);
#3457=ORIENTED_EDGE('',*,*,#2114,.T.);
#3458=ORIENTED_EDGE('',*,*,#2373,.F.);
#3459=ORIENTED_EDGE('',*,*,#2416,.F.);
#3460=ORIENTED_EDGE('',*,*,#2133,.T.);
#3461=ORIENTED_EDGE('',*,*,#2130,.F.);
#3462=ORIENTED_EDGE('',*,*,#2441,.F.);
#3463=ORIENTED_EDGE('',*,*,#2418,.T.);
#3464=ORIENTED_EDGE('',*,*,#2442,.T.);
#3465=ORIENTED_EDGE('',*,*,#2131,.F.);
#3466=ORIENTED_EDGE('',*,*,#2442,.F.);
#3467=ORIENTED_EDGE('',*,*,#2417,.T.);
#3468=ORIENTED_EDGE('',*,*,#2443,.T.);
#3469=ORIENTED_EDGE('',*,*,#2132,.F.);
#3470=ORIENTED_EDGE('',*,*,#2443,.F.);
#3471=ORIENTED_EDGE('',*,*,#2420,.T.);
#3472=ORIENTED_EDGE('',*,*,#2444,.T.);
#3473=ORIENTED_EDGE('',*,*,#2129,.F.);
#3474=ORIENTED_EDGE('',*,*,#2444,.F.);
#3475=ORIENTED_EDGE('',*,*,#2419,.T.);
#3476=ORIENTED_EDGE('',*,*,#2441,.T.);
#3477=ORIENTED_EDGE('',*,*,#2146,.F.);
#3478=ORIENTED_EDGE('',*,*,#2445,.F.);
#3479=ORIENTED_EDGE('',*,*,#2422,.T.);
#3480=ORIENTED_EDGE('',*,*,#2446,.T.);
#3481=ORIENTED_EDGE('',*,*,#2147,.F.);
#3482=ORIENTED_EDGE('',*,*,#2446,.F.);
#3483=ORIENTED_EDGE('',*,*,#2421,.T.);
#3484=ORIENTED_EDGE('',*,*,#2447,.T.);
#3485=ORIENTED_EDGE('',*,*,#2148,.F.);
#3486=ORIENTED_EDGE('',*,*,#2447,.F.);
#3487=ORIENTED_EDGE('',*,*,#2424,.T.);
#3488=ORIENTED_EDGE('',*,*,#2448,.T.);
#3489=ORIENTED_EDGE('',*,*,#2145,.F.);
#3490=ORIENTED_EDGE('',*,*,#2448,.F.);
#3491=ORIENTED_EDGE('',*,*,#2423,.T.);
#3492=ORIENTED_EDGE('',*,*,#2445,.T.);
#3493=ORIENTED_EDGE('',*,*,#1997,.T.);
#3494=ORIENTED_EDGE('',*,*,#2389,.F.);
#3495=ORIENTED_EDGE('',*,*,#2449,.F.);
#3496=ORIENTED_EDGE('',*,*,#2450,.T.);
#3497=ORIENTED_EDGE('',*,*,#2451,.T.);
#3498=ORIENTED_EDGE('',*,*,#1999,.T.);
#3499=ORIENTED_EDGE('',*,*,#2452,.T.);
#3500=ORIENTED_EDGE('',*,*,#2453,.F.);
#3501=ORIENTED_EDGE('',*,*,#2454,.F.);
#3502=ORIENTED_EDGE('',*,*,#2387,.T.);
#3503=ORIENTED_EDGE('',*,*,#2453,.T.);
#3504=ORIENTED_EDGE('',*,*,#2455,.T.);
#3505=ORIENTED_EDGE('',*,*,#2450,.F.);
#3506=ORIENTED_EDGE('',*,*,#2456,.F.);
#3507=ORIENTED_EDGE('',*,*,#2449,.T.);
#3508=ORIENTED_EDGE('',*,*,#2388,.T.);
#3509=ORIENTED_EDGE('',*,*,#2454,.T.);
#3510=ORIENTED_EDGE('',*,*,#2456,.T.);
#3511=ORIENTED_EDGE('',*,*,#2452,.F.);
#3512=ORIENTED_EDGE('',*,*,#1998,.F.);
#3513=ORIENTED_EDGE('',*,*,#2451,.F.);
#3514=ORIENTED_EDGE('',*,*,#2455,.F.);
#3515=CYLINDRICAL_SURFACE('',#3762,0.4);
#3516=CYLINDRICAL_SURFACE('',#3765,0.174999999999999);
#3517=CYLINDRICAL_SURFACE('',#3768,0.175);
#3518=CYLINDRICAL_SURFACE('',#3771,0.175);
#3519=CYLINDRICAL_SURFACE('',#3774,0.175);
#3520=CYLINDRICAL_SURFACE('',#3777,0.175);
#3521=CYLINDRICAL_SURFACE('',#3780,0.175);
#3522=CYLINDRICAL_SURFACE('',#3783,0.175);
#3523=CYLINDRICAL_SURFACE('',#3786,0.1);
#3524=CYLINDRICAL_SURFACE('',#3789,0.1);
#3525=CYLINDRICAL_SURFACE('',#3792,0.175);
#3526=CYLINDRICAL_SURFACE('',#3795,0.175);
#3527=CYLINDRICAL_SURFACE('',#3798,0.24);
#3528=CYLINDRICAL_SURFACE('',#3801,0.24);
#3529=CYLINDRICAL_SURFACE('',#3804,0.24);
#3530=CYLINDRICAL_SURFACE('',#3807,0.24);
#3531=CYLINDRICAL_SURFACE('',#3810,0.175);
#3532=CYLINDRICAL_SURFACE('',#3813,0.175000000000002);
#3533=CYLINDRICAL_SURFACE('',#3816,0.175);
#3534=CYLINDRICAL_SURFACE('',#3819,0.24);
#3535=CYLINDRICAL_SURFACE('',#3822,0.17499999999991);
#3536=CYLINDRICAL_SURFACE('',#3825,0.24);
#3537=CYLINDRICAL_SURFACE('',#3878,1.96000000000001);
#3538=CYLINDRICAL_SURFACE('',#3879,1.95999999999999);
#3539=CYLINDRICAL_SURFACE('',#3887,0.175);
#3540=CYLINDRICAL_SURFACE('',#3888,0.24);
#3541=CYLINDRICAL_SURFACE('',#3890,0.25);
#3542=CYLINDRICAL_SURFACE('',#3895,0.25);
#3543=CYLINDRICAL_SURFACE('',#3898,0.1);
#3544=CYLINDRICAL_SURFACE('',#3901,0.2);
#3545=CYLINDRICAL_SURFACE('',#3903,0.2);
#3546=CYLINDRICAL_SURFACE('',#3907,0.1);
#3547=CYLINDRICAL_SURFACE('',#3909,1.275);
#3548=CYLINDRICAL_SURFACE('',#3913,1.275);
#3549=CYLINDRICAL_SURFACE('',#3935,0.1);
#3550=CYLINDRICAL_SURFACE('',#3937,0.1);
#3551=CYLINDRICAL_SURFACE('',#3939,0.1);
#3552=CYLINDRICAL_SURFACE('',#3940,0.1);
#3553=CYLINDRICAL_SURFACE('',#3942,0.1);
#3554=CYLINDRICAL_SURFACE('',#3944,0.1);
#3555=CYLINDRICAL_SURFACE('',#3945,0.1);
#3556=CYLINDRICAL_SURFACE('',#3947,0.1);
#3557=CYLINDRICAL_SURFACE('',#3948,0.1);
#3558=CYLINDRICAL_SURFACE('',#3950,0.1);
#3559=CYLINDRICAL_SURFACE('',#3977,0.359033221608293);
#3560=CYLINDRICAL_SURFACE('',#3978,0.359033221608293);
#3561=CYLINDRICAL_SURFACE('',#3981,1.73397616909812);
#3562=CYLINDRICAL_SURFACE('',#3983,1.73795054009489);
#3563=CYLINDRICAL_SURFACE('',#3998,1.);
#3564=CYLINDRICAL_SURFACE('',#3999,1.);
#3565=CYLINDRICAL_SURFACE('',#4014,0.4);
#3566=CYLINDRICAL_SURFACE('',#4040,0.1);
#3567=ADVANCED_FACE('',(#206),#3515,.F.);
#3568=ADVANCED_FACE('',(#207),#3516,.F.);
#3569=ADVANCED_FACE('',(#208),#3517,.F.);
#3570=ADVANCED_FACE('',(#209),#3518,.F.);
#3571=ADVANCED_FACE('',(#210),#3519,.F.);
#3572=ADVANCED_FACE('',(#211),#3520,.F.);
#3573=ADVANCED_FACE('',(#212),#3521,.F.);
#3574=ADVANCED_FACE('',(#213),#3522,.F.);
#3575=ADVANCED_FACE('',(#214),#3523,.F.);
#3576=ADVANCED_FACE('',(#215),#3524,.F.);
#3577=ADVANCED_FACE('',(#216),#3525,.F.);
#3578=ADVANCED_FACE('',(#217),#3526,.F.);
#3579=ADVANCED_FACE('',(#218),#3527,.F.);
#3580=ADVANCED_FACE('',(#219),#3528,.F.);
#3581=ADVANCED_FACE('',(#220),#3529,.F.);
#3582=ADVANCED_FACE('',(#221),#3530,.F.);
#3583=ADVANCED_FACE('',(#222),#3531,.F.);
#3584=ADVANCED_FACE('',(#223),#3532,.F.);
#3585=ADVANCED_FACE('',(#224),#3533,.F.);
#3586=ADVANCED_FACE('',(#225),#3534,.F.);
#3587=ADVANCED_FACE('',(#226),#3535,.F.);
#3588=ADVANCED_FACE('',(#227),#3536,.F.);
#3589=ADVANCED_FACE('',(#228,#21,#22,#23,#24,#25,#26,#27,#28,#29,#30,#31,
#32,#33,#34,#35,#36),#77,.F.);
#3590=ADVANCED_FACE('',(#229,#37,#38),#78,.F.);
#3591=ADVANCED_FACE('',(#230,#39),#79,.F.);
#3592=ADVANCED_FACE('',(#231,#40),#80,.F.);
#3593=ADVANCED_FACE('',(#232,#41,#42),#81,.F.);
#3594=ADVANCED_FACE('',(#233,#43),#82,.F.);
#3595=ADVANCED_FACE('',(#234),#83,.F.);
#3596=ADVANCED_FACE('',(#235),#84,.F.);
#3597=ADVANCED_FACE('',(#236,#44),#85,.F.);
#3598=ADVANCED_FACE('',(#237),#86,.T.);
#3599=ADVANCED_FACE('',(#238),#87,.F.);
#3600=ADVANCED_FACE('',(#239,#45,#46,#47,#48,#49,#50,#51,#52,#53,#54,#55,
#56,#57,#58,#59,#60,#61,#62,#63,#64,#65,#66,#67,#68,#69,#70),#88,.T.);
#3601=ADVANCED_FACE('',(#240),#89,.T.);
#3602=ADVANCED_FACE('',(#241),#90,.T.);
#3603=ADVANCED_FACE('',(#242),#91,.T.);
#3604=ADVANCED_FACE('',(#243),#92,.F.);
#3605=ADVANCED_FACE('',(#244),#3537,.T.);
#3606=ADVANCED_FACE('',(#245),#3538,.T.);
#3607=ADVANCED_FACE('',(#246),#93,.F.);
#3608=ADVANCED_FACE('',(#247),#94,.F.);
#3609=ADVANCED_FACE('',(#248),#95,.F.);
#3610=ADVANCED_FACE('',(#249),#96,.F.);
#3611=ADVANCED_FACE('',(#250),#97,.F.);
#3612=ADVANCED_FACE('',(#251),#98,.F.);
#3613=ADVANCED_FACE('',(#252),#99,.T.);
#3614=ADVANCED_FACE('',(#253),#3539,.F.);
#3615=ADVANCED_FACE('',(#254),#3540,.F.);
#3616=ADVANCED_FACE('',(#255),#100,.F.);
#3617=ADVANCED_FACE('',(#256),#3541,.T.);
#3618=ADVANCED_FACE('',(#257),#101,.F.);
#3619=ADVANCED_FACE('',(#258),#102,.F.);
#3620=ADVANCED_FACE('',(#259),#103,.F.);
#3621=ADVANCED_FACE('',(#260),#104,.F.);
#3622=ADVANCED_FACE('',(#261),#3542,.T.);
#3623=ADVANCED_FACE('',(#262),#105,.F.);
#3624=ADVANCED_FACE('',(#263),#106,.F.);
#3625=ADVANCED_FACE('',(#264),#3543,.T.);
#3626=ADVANCED_FACE('',(#265),#107,.F.);
#3627=ADVANCED_FACE('',(#266),#3544,.F.);
#3628=ADVANCED_FACE('',(#267),#3545,.F.);
#3629=ADVANCED_FACE('',(#268),#108,.F.);
#3630=ADVANCED_FACE('',(#269),#3546,.T.);
#3631=ADVANCED_FACE('',(#270),#109,.F.);
#3632=ADVANCED_FACE('',(#271),#3547,.F.);
#3633=ADVANCED_FACE('',(#272,#71),#110,.F.);
#3634=ADVANCED_FACE('',(#273),#3548,.F.);
#3635=ADVANCED_FACE('',(#274),#111,.T.);
#3636=ADVANCED_FACE('',(#275,#72),#112,.F.);
#3637=ADVANCED_FACE('',(#276,#73),#113,.F.);
#3638=ADVANCED_FACE('',(#277),#114,.F.);
#3639=ADVANCED_FACE('',(#278),#115,.F.);
#3640=ADVANCED_FACE('',(#279,#74),#116,.F.);
#3641=ADVANCED_FACE('',(#280),#117,.F.);
#3642=ADVANCED_FACE('',(#281),#118,.T.);
#3643=ADVANCED_FACE('',(#282),#119,.F.);
#3644=ADVANCED_FACE('',(#283),#120,.F.);
#3645=ADVANCED_FACE('',(#284),#121,.F.);
#3646=ADVANCED_FACE('',(#285),#122,.F.);
#3647=ADVANCED_FACE('',(#286),#123,.F.);
#3648=ADVANCED_FACE('',(#287),#124,.F.);
#3649=ADVANCED_FACE('',(#288),#125,.F.);
#3650=ADVANCED_FACE('',(#289),#126,.F.);
#3651=ADVANCED_FACE('',(#290),#3549,.F.);
#3652=ADVANCED_FACE('',(#291),#3550,.F.);
#3653=ADVANCED_FACE('',(#292),#3551,.F.);
#3654=ADVANCED_FACE('',(#293),#3552,.F.);
#3655=ADVANCED_FACE('',(#294),#3553,.F.);
#3656=ADVANCED_FACE('',(#295),#3554,.F.);
#3657=ADVANCED_FACE('',(#296),#3555,.F.);
#3658=ADVANCED_FACE('',(#297),#3556,.F.);
#3659=ADVANCED_FACE('',(#298),#3557,.F.);
#3660=ADVANCED_FACE('',(#299),#3558,.F.);
#3661=ADVANCED_FACE('',(#300),#127,.F.);
#3662=ADVANCED_FACE('',(#301),#128,.F.);
#3663=ADVANCED_FACE('',(#302),#129,.F.);
#3664=ADVANCED_FACE('',(#303),#130,.F.);
#3665=ADVANCED_FACE('',(#304),#131,.F.);
#3666=ADVANCED_FACE('',(#305),#132,.F.);
#3667=ADVANCED_FACE('',(#306),#133,.F.);
#3668=ADVANCED_FACE('',(#307),#134,.F.);
#3669=ADVANCED_FACE('',(#308),#135,.F.);
#3670=ADVANCED_FACE('',(#309),#136,.F.);
#3671=ADVANCED_FACE('',(#310),#137,.F.);
#3672=ADVANCED_FACE('',(#311),#138,.F.);
#3673=ADVANCED_FACE('',(#312),#139,.F.);
#3674=ADVANCED_FACE('',(#313),#140,.F.);
#3675=ADVANCED_FACE('',(#314),#141,.F.);
#3676=ADVANCED_FACE('',(#315),#142,.F.);
#3677=ADVANCED_FACE('',(#316),#143,.F.);
#3678=ADVANCED_FACE('',(#317),#144,.F.);
#3679=ADVANCED_FACE('',(#318),#145,.F.);
#3680=ADVANCED_FACE('',(#319),#146,.F.);
#3681=ADVANCED_FACE('',(#320),#147,.F.);
#3682=ADVANCED_FACE('',(#321),#148,.F.);
#3683=ADVANCED_FACE('',(#322),#149,.F.);
#3684=ADVANCED_FACE('',(#323),#150,.F.);
#3685=ADVANCED_FACE('',(#324),#151,.F.);
#3686=ADVANCED_FACE('',(#325),#152,.F.);
#3687=ADVANCED_FACE('',(#326),#3559,.T.);
#3688=ADVANCED_FACE('',(#327),#3560,.T.);
#3689=ADVANCED_FACE('',(#328),#153,.T.);
#3690=ADVANCED_FACE('',(#329),#154,.F.);
#3691=ADVANCED_FACE('',(#330),#3561,.F.);
#3692=ADVANCED_FACE('',(#331),#155,.F.);
#3693=ADVANCED_FACE('',(#332),#3562,.F.);
#3694=ADVANCED_FACE('',(#333),#156,.F.);
#3695=ADVANCED_FACE('',(#334),#157,.F.);
#3696=ADVANCED_FACE('',(#335),#158,.F.);
#3697=ADVANCED_FACE('',(#336),#159,.F.);
#3698=ADVANCED_FACE('',(#337),#160,.F.);
#3699=ADVANCED_FACE('',(#338),#161,.F.);
#3700=ADVANCED_FACE('',(#339),#162,.F.);
#3701=ADVANCED_FACE('',(#340),#163,.F.);
#3702=ADVANCED_FACE('',(#341),#164,.T.);
#3703=ADVANCED_FACE('',(#342),#165,.T.);
#3704=ADVANCED_FACE('',(#343),#166,.T.);
#3705=ADVANCED_FACE('',(#344),#167,.T.);
#3706=ADVANCED_FACE('',(#345),#168,.T.);
#3707=ADVANCED_FACE('',(#346),#169,.T.);
#3708=ADVANCED_FACE('',(#347),#3563,.T.);
#3709=ADVANCED_FACE('',(#348),#3564,.T.);
#3710=ADVANCED_FACE('',(#349,#75,#76),#170,.T.);
#3711=ADVANCED_FACE('',(#350),#171,.F.);
#3712=ADVANCED_FACE('',(#351),#172,.F.);
#3713=ADVANCED_FACE('',(#352),#173,.F.);
#3714=ADVANCED_FACE('',(#353),#174,.F.);
#3715=ADVANCED_FACE('',(#354),#175,.F.);
#3716=ADVANCED_FACE('',(#355),#176,.F.);
#3717=ADVANCED_FACE('',(#356),#177,.F.);
#3718=ADVANCED_FACE('',(#357),#178,.F.);
#3719=ADVANCED_FACE('',(#358),#179,.F.);
#3720=ADVANCED_FACE('',(#359),#180,.F.);
#3721=ADVANCED_FACE('',(#360),#181,.F.);
#3722=ADVANCED_FACE('',(#361),#182,.F.);
#3723=ADVANCED_FACE('',(#362),#3565,.F.);
#3724=ADVANCED_FACE('',(#363),#183,.F.);
#3725=ADVANCED_FACE('',(#364),#184,.F.);
#3726=ADVANCED_FACE('',(#365),#185,.F.);
#3727=ADVANCED_FACE('',(#366),#186,.F.);
#3728=ADVANCED_FACE('',(#367),#187,.F.);
#3729=ADVANCED_FACE('',(#368),#188,.F.);
#3730=ADVANCED_FACE('',(#369),#189,.F.);
#3731=ADVANCED_FACE('',(#370),#190,.F.);
#3732=ADVANCED_FACE('',(#371),#191,.F.);
#3733=ADVANCED_FACE('',(#372),#192,.F.);
#3734=ADVANCED_FACE('',(#373),#193,.F.);
#3735=ADVANCED_FACE('',(#374),#194,.T.);
#3736=ADVANCED_FACE('',(#375),#195,.T.);
#3737=ADVANCED_FACE('',(#376),#196,.T.);
#3738=ADVANCED_FACE('',(#377),#197,.T.);
#3739=ADVANCED_FACE('',(#378),#198,.T.);
#3740=ADVANCED_FACE('',(#379),#199,.T.);
#3741=ADVANCED_FACE('',(#380),#200,.T.);
#3742=ADVANCED_FACE('',(#381),#201,.T.);
#3743=ADVANCED_FACE('',(#382),#202,.F.);
#3744=ADVANCED_FACE('',(#383),#203,.F.);
#3745=ADVANCED_FACE('',(#384),#204,.F.);
#3746=ADVANCED_FACE('',(#385),#205,.T.);
#3747=ADVANCED_FACE('',(#386),#3566,.F.);
#3748=CLOSED_SHELL('',(#3567,#3568,#3569,#3570,#3571,#3572,#3573,#3574,
#3575,#3576,#3577,#3578,#3579,#3580,#3581,#3582,#3583,#3584,#3585,#3586,
#3587,#3588,#3589,#3590,#3591,#3592,#3593,#3594,#3595,#3596,#3597,#3598,
#3599,#3600,#3601,#3602,#3603,#3604,#3605,#3606,#3607,#3608,#3609,#3610,
#3611,#3612,#3613,#3614,#3615,#3616,#3617,#3618,#3619,#3620,#3621,#3622,
#3623,#3624,#3625,#3626,#3627,#3628,#3629,#3630,#3631,#3632,#3633,#3634,
#3635,#3636,#3637,#3638,#3639,#3640,#3641,#3642,#3643,#3644,#3645,#3646,
#3647,#3648,#3649,#3650,#3651,#3652,#3653,#3654,#3655,#3656,#3657,#3658,
#3659,#3660,#3661,#3662,#3663,#3664,#3665,#3666,#3667,#3668,#3669,#3670,
#3671,#3672,#3673,#3674,#3675,#3676,#3677,#3678,#3679,#3680,#3681,#3682,
#3683,#3684,#3685,#3686,#3687,#3688,#3689,#3690,#3691,#3692,#3693,#3694,
#3695,#3696,#3697,#3698,#3699,#3700,#3701,#3702,#3703,#3704,#3705,#3706,
#3707,#3708,#3709,#3710,#3711,#3712,#3713,#3714,#3715,#3716,#3717,#3718,
#3719,#3720,#3721,#3722,#3723,#3724,#3725,#3726,#3727,#3728,#3729,#3730,
#3731,#3732,#3733,#3734,#3735,#3736,#3737,#3738,#3739,#3740,#3741,#3742,
#3743,#3744,#3745,#3746,#3747));
#3749=DERIVED_UNIT_ELEMENT(#3751,1.);
#3750=DERIVED_UNIT_ELEMENT(#6098,-3.);
#3751=(
MASS_UNIT()
NAMED_UNIT(*)
SI_UNIT(.KILO.,.GRAM.)
);
#3752=DERIVED_UNIT((#3749,#3750));
#3753=MEASURE_REPRESENTATION_ITEM('density measure',
POSITIVE_RATIO_MEASURE(7850.),#3752);
#3754=PROPERTY_DEFINITION_REPRESENTATION(#3759,#3756);
#3755=PROPERTY_DEFINITION_REPRESENTATION(#3760,#3757);
#3756=REPRESENTATION('material name',(#3758),#6095);
#3757=REPRESENTATION('density',(#3753),#6095);
#3758=DESCRIPTIVE_REPRESENTATION_ITEM('Steel','Steel');
#3759=PROPERTY_DEFINITION('material property','material name',#6105);
#3760=PROPERTY_DEFINITION('material property','density of part',#6105);
#3761=AXIS2_PLACEMENT_3D('',#5032,#4041,#4042);
#3762=AXIS2_PLACEMENT_3D('',#5033,#4043,#4044);
#3763=AXIS2_PLACEMENT_3D('',#5036,#4045,#4046);
#3764=AXIS2_PLACEMENT_3D('',#5040,#4048,#4049);
#3765=AXIS2_PLACEMENT_3D('',#5042,#4051,#4052);
#3766=AXIS2_PLACEMENT_3D('',#5044,#4053,#4054);
#3767=AXIS2_PLACEMENT_3D('',#5047,#4056,#4057);
#3768=AXIS2_PLACEMENT_3D('',#5048,#4058,#4059);
#3769=AXIS2_PLACEMENT_3D('',#5050,#4060,#4061);
#3770=AXIS2_PLACEMENT_3D('',#5053,#4063,#4064);
#3771=AXIS2_PLACEMENT_3D('',#5054,#4065,#4066);
#3772=AXIS2_PLACEMENT_3D('',#5056,#4067,#4068);
#3773=AXIS2_PLACEMENT_3D('',#5059,#4070,#4071);
#3774=AXIS2_PLACEMENT_3D('',#5060,#4072,#4073);
#3775=AXIS2_PLACEMENT_3D('',#5062,#4074,#4075);
#3776=AXIS2_PLACEMENT_3D('',#5065,#4077,#4078);
#3777=AXIS2_PLACEMENT_3D('',#5066,#4079,#4080);
#3778=AXIS2_PLACEMENT_3D('',#5068,#4081,#4082);
#3779=AXIS2_PLACEMENT_3D('',#5071,#4084,#4085);
#3780=AXIS2_PLACEMENT_3D('',#5072,#4086,#4087);
#3781=AXIS2_PLACEMENT_3D('',#5074,#4088,#4089);
#3782=AXIS2_PLACEMENT_3D('',#5077,#4091,#4092);
#3783=AXIS2_PLACEMENT_3D('',#5078,#4093,#4094);
#3784=AXIS2_PLACEMENT_3D('',#5080,#4095,#4096);
#3785=AXIS2_PLACEMENT_3D('',#5083,#4098,#4099);
#3786=AXIS2_PLACEMENT_3D('',#5084,#4100,#4101);
#3787=AXIS2_PLACEMENT_3D('',#5086,#4102,#4103);
#3788=AXIS2_PLACEMENT_3D('',#5089,#4105,#4106);
#3789=AXIS2_PLACEMENT_3D('',#5090,#4107,#4108);
#3790=AXIS2_PLACEMENT_3D('',#5092,#4109,#4110);
#3791=AXIS2_PLACEMENT_3D('',#5095,#4112,#4113);
#3792=AXIS2_PLACEMENT_3D('',#5096,#4114,#4115);
#3793=AXIS2_PLACEMENT_3D('',#5098,#4116,#4117);
#3794=AXIS2_PLACEMENT_3D('',#5101,#4119,#4120);
#3795=AXIS2_PLACEMENT_3D('',#5102,#4121,#4122);
#3796=AXIS2_PLACEMENT_3D('',#5104,#4123,#4124);
#3797=AXIS2_PLACEMENT_3D('',#5107,#4126,#4127);
#3798=AXIS2_PLACEMENT_3D('',#5108,#4128,#4129);
#3799=AXIS2_PLACEMENT_3D('',#5110,#4130,#4131);
#3800=AXIS2_PLACEMENT_3D('',#5113,#4133,#4134);
#3801=AXIS2_PLACEMENT_3D('',#5114,#4135,#4136);
#3802=AXIS2_PLACEMENT_3D('',#5116,#4137,#4138);
#3803=AXIS2_PLACEMENT_3D('',#5119,#4140,#4141);
#3804=AXIS2_PLACEMENT_3D('',#5120,#4142,#4143);
#3805=AXIS2_PLACEMENT_3D('',#5122,#4144,#4145);
#3806=AXIS2_PLACEMENT_3D('',#5125,#4147,#4148);
#3807=AXIS2_PLACEMENT_3D('',#5126,#4149,#4150);
#3808=AXIS2_PLACEMENT_3D('',#5128,#4151,#4152);
#3809=AXIS2_PLACEMENT_3D('',#5131,#4154,#4155);
#3810=AXIS2_PLACEMENT_3D('',#5132,#4156,#4157);
#3811=AXIS2_PLACEMENT_3D('',#5134,#4158,#4159);
#3812=AXIS2_PLACEMENT_3D('',#5137,#4161,#4162);
#3813=AXIS2_PLACEMENT_3D('',#5138,#4163,#4164);
#3814=AXIS2_PLACEMENT_3D('',#5140,#4165,#4166);
#3815=AXIS2_PLACEMENT_3D('',#5143,#4168,#4169);
#3816=AXIS2_PLACEMENT_3D('',#5144,#4170,#4171);
#3817=AXIS2_PLACEMENT_3D('',#5146,#4172,#4173);
#3818=AXIS2_PLACEMENT_3D('',#5149,#4175,#4176);
#3819=AXIS2_PLACEMENT_3D('',#5150,#4177,#4178);
#3820=AXIS2_PLACEMENT_3D('',#5152,#4179,#4180);
#3821=AXIS2_PLACEMENT_3D('',#5155,#4182,#4183);
#3822=AXIS2_PLACEMENT_3D('',#5156,#4184,#4185);
#3823=AXIS2_PLACEMENT_3D('',#5159,#4186,#4187);
#3824=AXIS2_PLACEMENT_3D('',#5163,#4189,#4190);
#3825=AXIS2_PLACEMENT_3D('',#5165,#4192,#4193);
#3826=AXIS2_PLACEMENT_3D('',#5168,#4194,#4195);
#3827=AXIS2_PLACEMENT_3D('',#5172,#4197,#4198);
#3828=AXIS2_PLACEMENT_3D('',#5174,#4200,#4201);
#3829=AXIS2_PLACEMENT_3D('',#5185,#4206,#4207);
#3830=AXIS2_PLACEMENT_3D('',#5195,#4212,#4213);
#3831=AXIS2_PLACEMENT_3D('',#5199,#4215,#4216);
#3832=AXIS2_PLACEMENT_3D('',#5217,#4225,#4226);
#3833=AXIS2_PLACEMENT_3D('',#5252,#4244,#4245);
#3834=AXIS2_PLACEMENT_3D('',#5258,#4248,#4249);
#3835=AXIS2_PLACEMENT_3D('',#5268,#4254,#4255);
#3836=AXIS2_PLACEMENT_3D('',#5288,#4265,#4266);
#3837=AXIS2_PLACEMENT_3D('',#5336,#4290,#4291);
#3838=AXIS2_PLACEMENT_3D('',#5346,#4297,#4298);
#3839=AXIS2_PLACEMENT_3D('',#5347,#4299,#4300);
#3840=AXIS2_PLACEMENT_3D('',#5380,#4317,#4318);
#3841=AXIS2_PLACEMENT_3D('',#5389,#4322,#4323);
#3842=AXIS2_PLACEMENT_3D('',#5395,#4327,#4328);
#3843=AXIS2_PLACEMENT_3D('',#5402,#4331,#4332);
#3844=AXIS2_PLACEMENT_3D('',#5406,#4334,#4335);
#3845=AXIS2_PLACEMENT_3D('',#5416,#4341,#4342);
#3846=AXIS2_PLACEMENT_3D('',#5425,#4347,#4348);
#3847=AXIS2_PLACEMENT_3D('',#5436,#4353,#4354);
#3848=AXIS2_PLACEMENT_3D('',#5440,#4357,#4358);
#3849=AXIS2_PLACEMENT_3D('',#5449,#4363,#4364);
#3850=AXIS2_PLACEMENT_3D('',#5460,#4371,#4372);
#3851=AXIS2_PLACEMENT_3D('',#5471,#4379,#4380);
#3852=AXIS2_PLACEMENT_3D('',#5480,#4385,#4386);
#3853=AXIS2_PLACEMENT_3D('',#5486,#4390,#4391);
#3854=AXIS2_PLACEMENT_3D('',#5492,#4395,#4396);
#3855=AXIS2_PLACEMENT_3D('',#5497,#4398,#4399);
#3856=AXIS2_PLACEMENT_3D('',#5501,#4401,#4402);
#3857=AXIS2_PLACEMENT_3D('',#5510,#4407,#4408);
#3858=AXIS2_PLACEMENT_3D('',#5514,#4410,#4411);
#3859=AXIS2_PLACEMENT_3D('',#5522,#4415,#4416);
#3860=AXIS2_PLACEMENT_3D('',#5530,#4420,#4421);
#3861=AXIS2_PLACEMENT_3D('',#5534,#4423,#4424);
#3862=AXIS2_PLACEMENT_3D('',#5542,#4428,#4429);
#3863=AXIS2_PLACEMENT_3D('',#5549,#4433,#4434);
#3864=AXIS2_PLACEMENT_3D('',#5551,#4435,#4436);
#3865=AXIS2_PLACEMENT_3D('',#5599,#4462,#4463);
#3866=AXIS2_PLACEMENT_3D('',#5600,#4464,#4465);
#3867=AXIS2_PLACEMENT_3D('',#5617,#4473,#4474);
#3868=AXIS2_PLACEMENT_3D('',#5621,#4476,#4477);
#3869=AXIS2_PLACEMENT_3D('',#5641,#4487,#4488);
#3870=AXIS2_PLACEMENT_3D('',#5645,#4490,#4491);
#3871=AXIS2_PLACEMENT_3D('',#5657,#4498,#4499);
#3872=AXIS2_PLACEMENT_3D('',#5660,#4502,#4503);
#3873=AXIS2_PLACEMENT_3D('',#5663,#4506,#4507);
#3874=AXIS2_PLACEMENT_3D('',#5665,#4509,#4510);
#3875=AXIS2_PLACEMENT_3D('',#5667,#4511,#4512);
#3876=AXIS2_PLACEMENT_3D('',#5674,#4516,#4517);
#3877=AXIS2_PLACEMENT_3D('',#5675,#4518,#4519);
#3878=AXIS2_PLACEMENT_3D('',#5682,#4524,#4525);
#3879=AXIS2_PLACEMENT_3D('',#5684,#4527,#4528);
#3880=AXIS2_PLACEMENT_3D('',#5686,#4530,#4531);
#3881=AXIS2_PLACEMENT_3D('',#5689,#4534,#4535);
#3882=AXIS2_PLACEMENT_3D('',#5690,#4536,#4537);
#3883=AXIS2_PLACEMENT_3D('',#5693,#4540,#4541);
#3884=AXIS2_PLACEMENT_3D('',#5694,#4542,#4543);
#3885=AXIS2_PLACEMENT_3D('',#5697,#4546,#4547);
#3886=AXIS2_PLACEMENT_3D('',#5700,#4550,#4551);
#3887=AXIS2_PLACEMENT_3D('',#5707,#4556,#4557);
#3888=AXIS2_PLACEMENT_3D('',#5708,#4558,#4559);
#3889=AXIS2_PLACEMENT_3D('',#5709,#4560,#4561);
#3890=AXIS2_PLACEMENT_3D('',#5711,#4563,#4564);
#3891=AXIS2_PLACEMENT_3D('',#5713,#4566,#4567);
#3892=AXIS2_PLACEMENT_3D('',#5715,#4569,#4570);
#3893=AXIS2_PLACEMENT_3D('',#5717,#4572,#4573);
#3894=AXIS2_PLACEMENT_3D('',#5720,#4576,#4577);
#3895=AXIS2_PLACEMENT_3D('',#5722,#4579,#4580);
#3896=AXIS2_PLACEMENT_3D('',#5724,#4582,#4583);
#3897=AXIS2_PLACEMENT_3D('',#5725,#4584,#4585);
#3898=AXIS2_PLACEMENT_3D('',#5728,#4588,#4589);
#3899=AXIS2_PLACEMENT_3D('',#5730,#4591,#4592);
#3900=AXIS2_PLACEMENT_3D('',#5732,#4593,#4594);
#3901=AXIS2_PLACEMENT_3D('',#5738,#4598,#4599);
#3902=AXIS2_PLACEMENT_3D('',#5740,#4600,#4601);
#3903=AXIS2_PLACEMENT_3D('',#5742,#4603,#4604);
#3904=AXIS2_PLACEMENT_3D('',#5746,#4606,#4607);
#3905=AXIS2_PLACEMENT_3D('',#5748,#4609,#4610);
#3906=AXIS2_PLACEMENT_3D('',#5753,#4613,#4614);
#3907=AXIS2_PLACEMENT_3D('',#5755,#4616,#4617);
#3908=AXIS2_PLACEMENT_3D('',#5757,#4619,#4620);
#3909=AXIS2_PLACEMENT_3D('',#5759,#4622,#4623);
#3910=AXIS2_PLACEMENT_3D('',#5760,#4624,#4625);
#3911=AXIS2_PLACEMENT_3D('',#5761,#4626,#4627);
#3912=AXIS2_PLACEMENT_3D('',#5766,#4630,#4631);
#3913=AXIS2_PLACEMENT_3D('',#5767,#4632,#4633);
#3914=AXIS2_PLACEMENT_3D('',#5768,#4634,#4635);
#3915=AXIS2_PLACEMENT_3D('',#5769,#4636,#4637);
#3916=AXIS2_PLACEMENT_3D('',#5770,#4638,#4639);
#3917=AXIS2_PLACEMENT_3D('',#5773,#4641,#4642);
#3918=AXIS2_PLACEMENT_3D('',#5780,#4646,#4647);
#3919=AXIS2_PLACEMENT_3D('',#5781,#4648,#4649);
#3920=AXIS2_PLACEMENT_3D('',#5783,#4650,#4651);
#3921=AXIS2_PLACEMENT_3D('',#5787,#4654,#4655);
#3922=AXIS2_PLACEMENT_3D('',#5793,#4659,#4660);
#3923=AXIS2_PLACEMENT_3D('',#5796,#4663,#4664);
#3924=AXIS2_PLACEMENT_3D('',#5797,#4665,#4666);
#3925=AXIS2_PLACEMENT_3D('',#5803,#4670,#4671);
#3926=AXIS2_PLACEMENT_3D('',#5806,#4674,#4675);
#3927=AXIS2_PLACEMENT_3D('',#5807,#4676,#4677);
#3928=AXIS2_PLACEMENT_3D('',#5813,#4681,#4682);
#3929=AXIS2_PLACEMENT_3D('',#5819,#4686,#4687);
#3930=AXIS2_PLACEMENT_3D('',#5822,#4690,#4691);
#3931=AXIS2_PLACEMENT_3D('',#5823,#4692,#4693);
#3932=AXIS2_PLACEMENT_3D('',#5829,#4697,#4698);
#3933=AXIS2_PLACEMENT_3D('',#5835,#4702,#4703);
#3934=AXIS2_PLACEMENT_3D('',#5838,#4706,#4707);
#3935=AXIS2_PLACEMENT_3D('',#5839,#4708,#4709);
#3936=AXIS2_PLACEMENT_3D('',#5840,#4710,#4711);
#3937=AXIS2_PLACEMENT_3D('',#5841,#4712,#4713);
#3938=AXIS2_PLACEMENT_3D('',#5842,#4714,#4715);
#3939=AXIS2_PLACEMENT_3D('',#5843,#4716,#4717);
#3940=AXIS2_PLACEMENT_3D('',#5844,#4718,#4719);
#3941=AXIS2_PLACEMENT_3D('',#5845,#4720,#4721);
#3942=AXIS2_PLACEMENT_3D('',#5846,#4722,#4723);
#3943=AXIS2_PLACEMENT_3D('',#5847,#4724,#4725);
#3944=AXIS2_PLACEMENT_3D('',#5848,#4726,#4727);
#3945=AXIS2_PLACEMENT_3D('',#5849,#4728,#4729);
#3946=AXIS2_PLACEMENT_3D('',#5850,#4730,#4731);
#3947=AXIS2_PLACEMENT_3D('',#5851,#4732,#4733);
#3948=AXIS2_PLACEMENT_3D('',#5852,#4734,#4735);
#3949=AXIS2_PLACEMENT_3D('',#5853,#4736,#4737);
#3950=AXIS2_PLACEMENT_3D('',#5854,#4738,#4739);
#3951=AXIS2_PLACEMENT_3D('',#5855,#4740,#4741);
#3952=AXIS2_PLACEMENT_3D('',#5858,#4744,#4745);
#3953=AXIS2_PLACEMENT_3D('',#5860,#4747,#4748);
#3954=AXIS2_PLACEMENT_3D('',#5862,#4750,#4751);
#3955=AXIS2_PLACEMENT_3D('',#5863,#4752,#4753);
#3956=AXIS2_PLACEMENT_3D('',#5866,#4756,#4757);
#3957=AXIS2_PLACEMENT_3D('',#5868,#4759,#4760);
#3958=AXIS2_PLACEMENT_3D('',#5870,#4762,#4763);
#3959=AXIS2_PLACEMENT_3D('',#5871,#4764,#4765);
#3960=AXIS2_PLACEMENT_3D('',#5874,#4768,#4769);
#3961=AXIS2_PLACEMENT_3D('',#5876,#4771,#4772);
#3962=AXIS2_PLACEMENT_3D('',#5878,#4774,#4775);
#3963=AXIS2_PLACEMENT_3D('',#5879,#4776,#4777);
#3964=AXIS2_PLACEMENT_3D('',#5882,#4780,#4781);
#3965=AXIS2_PLACEMENT_3D('',#5884,#4783,#4784);
#3966=AXIS2_PLACEMENT_3D('',#5886,#4786,#4787);
#3967=AXIS2_PLACEMENT_3D('',#5887,#4788,#4789);
#3968=AXIS2_PLACEMENT_3D('',#5889,#4791,#4792);
#3969=AXIS2_PLACEMENT_3D('',#5891,#4794,#4795);
#3970=AXIS2_PLACEMENT_3D('',#5892,#4796,#4797);
#3971=AXIS2_PLACEMENT_3D('',#5893,#4798,#4799);
#3972=AXIS2_PLACEMENT_3D('',#5894,#4800,#4801);
#3973=AXIS2_PLACEMENT_3D('',#5897,#4804,#4805);
#3974=AXIS2_PLACEMENT_3D('',#5904,#4810,#4811);
#3975=AXIS2_PLACEMENT_3D('',#5906,#4813,#4814);
#3976=AXIS2_PLACEMENT_3D('',#5907,#4815,#4816);
#3977=AXIS2_PLACEMENT_3D('',#5910,#4819,#4820);
#3978=AXIS2_PLACEMENT_3D('',#5911,#4821,#4822);
#3979=AXIS2_PLACEMENT_3D('',#5913,#4824,#4825);
#3980=AXIS2_PLACEMENT_3D('',#5914,#4826,#4827);
#3981=AXIS2_PLACEMENT_3D('',#5921,#4832,#4833);
#3982=AXIS2_PLACEMENT_3D('',#5922,#4834,#4835);
#3983=AXIS2_PLACEMENT_3D('',#5929,#4840,#4841);
#3984=AXIS2_PLACEMENT_3D('',#5930,#4842,#4843);
#3985=AXIS2_PLACEMENT_3D('',#5932,#4845,#4846);
#3986=AXIS2_PLACEMENT_3D('',#5934,#4848,#4849);
#3987=AXIS2_PLACEMENT_3D('',#5936,#4851,#4852);
#3988=AXIS2_PLACEMENT_3D('',#5937,#4853,#4854);
#3989=AXIS2_PLACEMENT_3D('',#5940,#4857,#4858);
#3990=AXIS2_PLACEMENT_3D('',#5942,#4860,#4861);
#3991=AXIS2_PLACEMENT_3D('',#5943,#4862,#4863);
#3992=AXIS2_PLACEMENT_3D('',#5944,#4864,#4865);
#3993=AXIS2_PLACEMENT_3D('',#5945,#4866,#4867);
#3994=AXIS2_PLACEMENT_3D('',#5947,#4869,#4870);
#3995=AXIS2_PLACEMENT_3D('',#5949,#4872,#4873);
#3996=AXIS2_PLACEMENT_3D('',#5957,#4879,#4880);
#3997=AXIS2_PLACEMENT_3D('',#5960,#4883,#4884);
#3998=AXIS2_PLACEMENT_3D('',#5961,#4885,#4886);
#3999=AXIS2_PLACEMENT_3D('',#5962,#4887,#4888);
#4000=AXIS2_PLACEMENT_3D('',#5963,#4889,#4890);
#4001=AXIS2_PLACEMENT_3D('',#5986,#4903,#4904);
#4002=AXIS2_PLACEMENT_3D('',#6020,#4924,#4925);
#4003=AXIS2_PLACEMENT_3D('',#6021,#4926,#4927);
#4004=AXIS2_PLACEMENT_3D('',#6023,#4929,#4930);
#4005=AXIS2_PLACEMENT_3D('',#6025,#4932,#4933);
#4006=AXIS2_PLACEMENT_3D('',#6027,#4935,#4936);
#4007=AXIS2_PLACEMENT_3D('',#6029,#4938,#4939);
#4008=AXIS2_PLACEMENT_3D('',#6031,#4941,#4942);
#4009=AXIS2_PLACEMENT_3D('',#6033,#4944,#4945);
#4010=AXIS2_PLACEMENT_3D('',#6034,#4946,#4947);
#4011=AXIS2_PLACEMENT_3D('',#6036,#4949,#4950);
#4012=AXIS2_PLACEMENT_3D('',#6037,#4951,#4952);
#4013=AXIS2_PLACEMENT_3D('',#6039,#4954,#4955);
#4014=AXIS2_PLACEMENT_3D('',#6041,#4957,#4958);
#4015=AXIS2_PLACEMENT_3D('',#6043,#4960,#4961);
#4016=AXIS2_PLACEMENT_3D('',#6045,#4963,#4964);
#4017=AXIS2_PLACEMENT_3D('',#6047,#4966,#4967);
#4018=AXIS2_PLACEMENT_3D('',#6049,#4969,#4970);
#4019=AXIS2_PLACEMENT_3D('',#6051,#4972,#4973);
#4020=AXIS2_PLACEMENT_3D('',#6053,#4975,#4976);
#4021=AXIS2_PLACEMENT_3D('',#6055,#4978,#4979);
#4022=AXIS2_PLACEMENT_3D('',#6056,#4980,#4981);
#4023=AXIS2_PLACEMENT_3D('',#6057,#4982,#4983);
#4024=AXIS2_PLACEMENT_3D('',#6058,#4984,#4985);
#4025=AXIS2_PLACEMENT_3D('',#6059,#4986,#4987);
#4026=AXIS2_PLACEMENT_3D('',#6060,#4988,#4989);
#4027=AXIS2_PLACEMENT_3D('',#6063,#4992,#4993);
#4028=AXIS2_PLACEMENT_3D('',#6065,#4995,#4996);
#4029=AXIS2_PLACEMENT_3D('',#6067,#4998,#4999);
#4030=AXIS2_PLACEMENT_3D('',#6068,#5000,#5001);
#4031=AXIS2_PLACEMENT_3D('',#6071,#5004,#5005);
#4032=AXIS2_PLACEMENT_3D('',#6073,#5007,#5008);
#4033=AXIS2_PLACEMENT_3D('',#6075,#5010,#5011);
#4034=AXIS2_PLACEMENT_3D('',#6076,#5012,#5013);
#4035=AXIS2_PLACEMENT_3D('',#6081,#5016,#5017);
#4036=AXIS2_PLACEMENT_3D('',#6082,#5018,#5019);
#4037=AXIS2_PLACEMENT_3D('',#6084,#5020,#5021);
#4038=AXIS2_PLACEMENT_3D('',#6088,#5024,#5025);
#4039=AXIS2_PLACEMENT_3D('',#6091,#5028,#5029);
#4040=AXIS2_PLACEMENT_3D('',#6092,#5030,#5031);
#4041=DIRECTION('axis',(0.,0.,1.));
#4042=DIRECTION('refdir',(1.,0.,0.));
#4043=DIRECTION('center_axis',(0.,0.,1.));
#4044=DIRECTION('ref_axis',(1.,0.,0.));
#4045=DIRECTION('center_axis',(0.,0.,1.));
#4046=DIRECTION('ref_axis',(-1.,0.,0.));
#4047=DIRECTION('',(0.,0.,1.));
#4048=DIRECTION('center_axis',(0.,0.,1.));
#4049=DIRECTION('ref_axis',(-1.,0.,0.));
#4050=DIRECTION('',(0.,0.,1.));
#4051=DIRECTION('center_axis',(0.,0.,-1.));
#4052=DIRECTION('ref_axis',(-1.,0.,0.));
#4053=DIRECTION('center_axis',(0.,0.,-1.));
#4054=DIRECTION('ref_axis',(-1.,0.,0.));
#4055=DIRECTION('',(0.,0.,-1.));
#4056=DIRECTION('center_axis',(0.,0.,-1.));
#4057=DIRECTION('ref_axis',(-1.,0.,0.));
#4058=DIRECTION('center_axis',(0.,0.,-1.));
#4059=DIRECTION('ref_axis',(-1.,0.,0.));
#4060=DIRECTION('center_axis',(0.,0.,-1.));
#4061=DIRECTION('ref_axis',(-1.,0.,0.));
#4062=DIRECTION('',(0.,0.,-1.));
#4063=DIRECTION('center_axis',(0.,0.,-1.));
#4064=DIRECTION('ref_axis',(-1.,0.,0.));
#4065=DIRECTION('center_axis',(0.,0.,-1.));
#4066=DIRECTION('ref_axis',(-1.,0.,0.));
#4067=DIRECTION('center_axis',(0.,0.,-1.));
#4068=DIRECTION('ref_axis',(-1.,0.,0.));
#4069=DIRECTION('',(0.,0.,-1.));
#4070=DIRECTION('center_axis',(0.,0.,-1.));
#4071=DIRECTION('ref_axis',(-1.,0.,0.));
#4072=DIRECTION('center_axis',(0.,0.,-1.));
#4073=DIRECTION('ref_axis',(-1.,0.,0.));
#4074=DIRECTION('center_axis',(0.,0.,-1.));
#4075=DIRECTION('ref_axis',(1.,0.,0.));
#4076=DIRECTION('',(0.,0.,-1.));
#4077=DIRECTION('center_axis',(0.,0.,-1.));
#4078=DIRECTION('ref_axis',(1.,0.,0.));
#4079=DIRECTION('center_axis',(0.,0.,-1.));
#4080=DIRECTION('ref_axis',(-1.,0.,0.));
#4081=DIRECTION('center_axis',(0.,0.,-1.));
#4082=DIRECTION('ref_axis',(1.,0.,0.));
#4083=DIRECTION('',(0.,0.,-1.));
#4084=DIRECTION('center_axis',(0.,0.,-1.));
#4085=DIRECTION('ref_axis',(1.,0.,0.));
#4086=DIRECTION('center_axis',(0.,0.,-1.));
#4087=DIRECTION('ref_axis',(-1.,0.,0.));
#4088=DIRECTION('center_axis',(0.,0.,-1.));
#4089=DIRECTION('ref_axis',(1.,0.,0.));
#4090=DIRECTION('',(0.,0.,-1.));
#4091=DIRECTION('center_axis',(0.,0.,-1.));
#4092=DIRECTION('ref_axis',(1.,0.,0.));
#4093=DIRECTION('center_axis',(0.,0.,-1.));
#4094=DIRECTION('ref_axis',(-1.,0.,0.));
#4095=DIRECTION('center_axis',(0.,0.,-1.));
#4096=DIRECTION('ref_axis',(-1.,0.,0.));
#4097=DIRECTION('',(0.,0.,-1.));
#4098=DIRECTION('center_axis',(0.,0.,-1.));
#4099=DIRECTION('ref_axis',(-1.,0.,0.));
#4100=DIRECTION('center_axis',(0.,0.,-1.));
#4101=DIRECTION('ref_axis',(-1.,0.,0.));
#4102=DIRECTION('center_axis',(0.,0.,-1.));
#4103=DIRECTION('ref_axis',(1.,0.,0.));
#4104=DIRECTION('',(0.,0.,-1.));
#4105=DIRECTION('center_axis',(0.,0.,-1.));
#4106=DIRECTION('ref_axis',(-1.,0.,0.));
#4107=DIRECTION('center_axis',(0.,0.,-1.));
#4108=DIRECTION('ref_axis',(-1.,0.,0.));
#4109=DIRECTION('center_axis',(0.,0.,-1.));
#4110=DIRECTION('ref_axis',(1.,0.,0.));
#4111=DIRECTION('',(0.,0.,-1.));
#4112=DIRECTION('center_axis',(0.,0.,-1.));
#4113=DIRECTION('ref_axis',(-1.,0.,0.));
#4114=DIRECTION('center_axis',(0.,-1.,0.));
#4115=DIRECTION('ref_axis',(0.,0.,-1.));
#4116=DIRECTION('center_axis',(1.92747052886313E-16,1.,0.));
#4117=DIRECTION('ref_axis',(1.,-1.92747052886313E-16,0.));
#4118=DIRECTION('',(0.,-1.,0.));
#4119=DIRECTION('center_axis',(0.,-1.,0.));
#4120=DIRECTION('ref_axis',(0.,0.,-1.));
#4121=DIRECTION('center_axis',(0.,-1.,0.));
#4122=DIRECTION('ref_axis',(0.,0.,-1.));
#4123=DIRECTION('center_axis',(1.92747052886313E-16,1.,0.));
#4124=DIRECTION('ref_axis',(1.,-1.92747052886313E-16,0.));
#4125=DIRECTION('',(0.,-1.,0.));
#4126=DIRECTION('center_axis',(0.,-1.,0.));
#4127=DIRECTION('ref_axis',(0.,0.,-1.));
#4128=DIRECTION('center_axis',(0.,0.,-1.));
#4129=DIRECTION('ref_axis',(-1.,0.,0.));
#4130=DIRECTION('center_axis',(0.,0.,-1.));
#4131=DIRECTION('ref_axis',(1.,0.,0.));
#4132=DIRECTION('',(0.,0.,-1.));
#4133=DIRECTION('center_axis',(0.,0.,-1.));
#4134=DIRECTION('ref_axis',(1.,0.,0.));
#4135=DIRECTION('center_axis',(0.,0.,-1.));
#4136=DIRECTION('ref_axis',(-1.,0.,0.));
#4137=DIRECTION('center_axis',(0.,0.,-1.));
#4138=DIRECTION('ref_axis',(1.,0.,0.));
#4139=DIRECTION('',(0.,0.,-1.));
#4140=DIRECTION('center_axis',(0.,0.,-1.));
#4141=DIRECTION('ref_axis',(1.,0.,0.));
#4142=DIRECTION('center_axis',(0.,0.,-1.));
#4143=DIRECTION('ref_axis',(-1.,0.,0.));
#4144=DIRECTION('center_axis',(0.,0.,-1.));
#4145=DIRECTION('ref_axis',(-1.,0.,0.));
#4146=DIRECTION('',(0.,0.,-1.));
#4147=DIRECTION('center_axis',(0.,0.,-1.));
#4148=DIRECTION('ref_axis',(-1.,0.,0.));
#4149=DIRECTION('center_axis',(0.,0.,-1.));
#4150=DIRECTION('ref_axis',(-1.,0.,0.));
#4151=DIRECTION('center_axis',(0.,0.,-1.));
#4152=DIRECTION('ref_axis',(-1.,0.,0.));
#4153=DIRECTION('',(0.,0.,-1.));
#4154=DIRECTION('center_axis',(0.,0.,-1.));
#4155=DIRECTION('ref_axis',(-1.,0.,0.));
#4156=DIRECTION('center_axis',(0.,0.,-1.));
#4157=DIRECTION('ref_axis',(-1.,0.,0.));
#4158=DIRECTION('center_axis',(0.,0.,-1.));
#4159=DIRECTION('ref_axis',(-1.,0.,0.));
#4160=DIRECTION('',(0.,0.,-1.));
#4161=DIRECTION('center_axis',(0.,0.,-1.));
#4162=DIRECTION('ref_axis',(-1.,0.,0.));
#4163=DIRECTION('center_axis',(0.,0.,-1.));
#4164=DIRECTION('ref_axis',(-1.,0.,0.));
#4165=DIRECTION('center_axis',(0.,0.,-1.));
#4166=DIRECTION('ref_axis',(1.,0.,0.));
#4167=DIRECTION('',(0.,0.,-1.));
#4168=DIRECTION('center_axis',(0.,0.,1.));
#4169=DIRECTION('ref_axis',(-1.,0.,0.));
#4170=DIRECTION('center_axis',(0.,0.,-1.));
#4171=DIRECTION('ref_axis',(-1.,0.,0.));
#4172=DIRECTION('center_axis',(0.,0.,-1.));
#4173=DIRECTION('ref_axis',(1.,0.,0.));
#4174=DIRECTION('',(0.,0.,-1.));
#4175=DIRECTION('center_axis',(0.,0.,1.));
#4176=DIRECTION('ref_axis',(-1.,0.,0.));
#4177=DIRECTION('center_axis',(0.,0.,-1.));
#4178=DIRECTION('ref_axis',(-1.,0.,0.));
#4179=DIRECTION('center_axis',(0.,0.,-1.));
#4180=DIRECTION('ref_axis',(-1.,0.,0.));
#4181=DIRECTION('',(0.,0.,-1.));
#4182=DIRECTION('center_axis',(0.,0.,1.));
#4183=DIRECTION('ref_axis',(-1.,0.,0.));
#4184=DIRECTION('center_axis',(0.,0.,-1.));
#4185=DIRECTION('ref_axis',(-1.,0.,0.));
#4186=DIRECTION('center_axis',(0.,0.,-1.));
#4187=DIRECTION('ref_axis',(1.,0.,0.));
#4188=DIRECTION('',(0.,0.,1.));
#4189=DIRECTION('center_axis',(0.,0.,-1.));
#4190=DIRECTION('ref_axis',(-1.,0.,0.));
#4191=DIRECTION('',(0.,0.,-1.));
#4192=DIRECTION('center_axis',(0.,0.,-1.));
#4193=DIRECTION('ref_axis',(-1.,0.,0.));
#4194=DIRECTION('center_axis',(0.,0.,-1.));
#4195=DIRECTION('ref_axis',(-1.,0.,0.));
#4196=DIRECTION('',(0.,0.,1.));
#4197=DIRECTION('center_axis',(0.,0.,1.));
#4198=DIRECTION('ref_axis',(-1.,0.,0.));
#4199=DIRECTION('',(0.,0.,-1.));
#4200=DIRECTION('center_axis',(0.,0.,1.));
#4201=DIRECTION('ref_axis',(1.,0.,0.));
#4202=DIRECTION('',(0.,-1.,0.));
#4203=DIRECTION('',(-1.,0.,0.));
#4204=DIRECTION('',(0.,1.,0.));
#4205=DIRECTION('',(-1.,9.77402576666246E-17,0.));
#4206=DIRECTION('center_axis',(0.,0.,-1.));
#4207=DIRECTION('ref_axis',(1.,0.,0.));
#4208=DIRECTION('',(0.,1.,0.));
#4209=DIRECTION('',(1.,0.,0.));
#4210=DIRECTION('',(1.73472347597707E-15,1.,0.));
#4211=DIRECTION('',(-1.,0.,0.));
#4212=DIRECTION('center_axis',(0.,0.,-1.));
#4213=DIRECTION('ref_axis',(-1.,0.,0.));
#4214=DIRECTION('',(0.,1.,0.));
#4215=DIRECTION('center_axis',(0.,0.,-1.));
#4216=DIRECTION('ref_axis',(-1.,0.,0.));
#4217=DIRECTION('',(1.,0.,0.));
#4218=DIRECTION('',(-1.,0.,0.));
#4219=DIRECTION('',(0.,-1.,0.));
#4220=DIRECTION('',(-1.,4.04760418121763E-16,0.));
#4221=DIRECTION('',(0.,-1.,0.));
#4222=DIRECTION('',(1.,0.,0.));
#4223=DIRECTION('',(0.,-1.,0.));
#4224=DIRECTION('',(-1.,0.,0.));
#4225=DIRECTION('center_axis',(0.,0.,1.));
#4226=DIRECTION('ref_axis',(-1.,0.,0.));
#4227=DIRECTION('',(1.,0.,0.));
#4228=DIRECTION('',(0.,-1.,0.));
#4229=DIRECTION('',(-1.,0.,0.));
#4230=DIRECTION('',(0.,1.,0.));
#4231=DIRECTION('',(-1.,1.63268091856641E-15,0.));
#4232=DIRECTION('',(1.98254111540206E-15,-1.,0.));
#4233=DIRECTION('',(-1.,0.,0.));
#4234=DIRECTION('',(0.,1.,0.));
#4235=DIRECTION('',(1.,0.,0.));
#4236=DIRECTION('',(-1.,0.,0.));
#4237=DIRECTION('',(2.84380897701116E-16,1.,0.));
#4238=DIRECTION('',(1.,0.,0.));
#4239=DIRECTION('',(0.,1.,0.));
#4240=DIRECTION('',(-1.,0.,0.));
#4241=DIRECTION('',(1.87439720283266E-16,1.,0.));
#4242=DIRECTION('',(-1.,1.15648231731787E-15,0.));
#4243=DIRECTION('',(1.,0.,0.));
#4244=DIRECTION('center_axis',(0.,0.,-1.));
#4245=DIRECTION('ref_axis',(-1.,0.,0.));
#4246=DIRECTION('',(1.,0.,0.));
#4247=DIRECTION('',(0.,-1.,0.));
#4248=DIRECTION('center_axis',(0.,0.,-1.));
#4249=DIRECTION('ref_axis',(-1.,0.,0.));
#4250=DIRECTION('',(-1.,0.,0.));
#4251=DIRECTION('',(0.,-1.,0.));
#4252=DIRECTION('',(1.,0.,0.));
#4253=DIRECTION('',(0.,-1.,0.));
#4254=DIRECTION('center_axis',(0.,0.,-1.));
#4255=DIRECTION('ref_axis',(1.,0.,0.));
#4256=DIRECTION('',(-1.,9.77402576666246E-17,0.));
#4257=DIRECTION('',(-1.64267692419023E-14,1.,0.));
#4258=DIRECTION('',(1.,0.,0.));
#4259=DIRECTION('',(0.,-1.,0.));
#4260=DIRECTION('',(1.,-1.64428765495427E-16,0.));
#4261=DIRECTION('',(0.,1.,0.));
#4262=DIRECTION('',(-1.,1.55260414326012E-16,0.));
#4263=DIRECTION('',(-0.305784212386474,0.952100843112316,0.));
#4264=DIRECTION('',(1.,0.,0.));
#4265=DIRECTION('center_axis',(0.,0.,1.));
#4266=DIRECTION('ref_axis',(1.,0.,0.));
#4267=DIRECTION('',(0.,-1.,0.));
#4268=DIRECTION('',(1.,0.,0.));
#4269=DIRECTION('',(0.,1.,0.));
#4270=DIRECTION('',(-1.,1.92747052886313E-16,0.));
#4271=DIRECTION('',(-1.92747052886313E-16,-1.,0.));
#4272=DIRECTION('',(1.,-1.92747052886313E-16,0.));
#4273=DIRECTION('',(0.,1.,0.));
#4274=DIRECTION('',(-1.,0.,0.));
#4275=DIRECTION('',(0.,-1.,0.));
#4276=DIRECTION('',(1.,-1.43290970332985E-16,0.));
#4277=DIRECTION('',(0.,-1.,0.));
#4278=DIRECTION('',(1.,0.,0.));
#4279=DIRECTION('',(0.,1.,0.));
#4280=DIRECTION('',(1.,-1.43290970332985E-16,0.));
#4281=DIRECTION('',(0.,1.,0.));
#4282=DIRECTION('',(-1.,0.,0.));
#4283=DIRECTION('',(0.,-1.,0.));
#4284=DIRECTION('',(1.,-1.92747052886313E-16,0.));
#4285=DIRECTION('',(-1.92747052886313E-16,-1.,0.));
#4286=DIRECTION('',(-1.,1.92747052886313E-16,0.));
#4287=DIRECTION('',(0.,-1.,0.));
#4288=DIRECTION('',(1.,0.,0.));
#4289=DIRECTION('',(0.,1.,0.));
#4290=DIRECTION('center_axis',(0.,0.,1.));
#4291=DIRECTION('ref_axis',(1.,0.,0.));
#4292=DIRECTION('',(1.,0.,0.));
#4293=DIRECTION('',(-0.305784212386472,-0.952100843112317,0.));
#4294=DIRECTION('',(-1.,0.,0.));
#4295=DIRECTION('',(0.,-1.,0.));
#4296=DIRECTION('',(1.,-1.64428765495427E-16,0.));
#4297=DIRECTION('center_axis',(0.,0.,-1.));
#4298=DIRECTION('ref_axis',(1.,0.,0.));
#4299=DIRECTION('center_axis',(0.,0.,-1.));
#4300=DIRECTION('ref_axis',(1.,0.,0.));
#4301=DIRECTION('',(-1.,0.,0.));
#4302=DIRECTION('',(0.,-1.,0.));
#4303=DIRECTION('',(1.,0.,0.));
#4304=DIRECTION('',(0.,1.,0.));
#4305=DIRECTION('',(-1.,0.,0.));
#4306=DIRECTION('',(0.,-1.,0.));
#4307=DIRECTION('',(1.,-1.73472347597681E-15,0.));
#4308=DIRECTION('',(0.,1.,0.));
#4309=DIRECTION('',(0.,-1.,0.));
#4310=DIRECTION('',(1.,1.73472347597681E-15,0.));
#4311=DIRECTION('',(3.46944695195361E-15,1.,0.));
#4312=DIRECTION('',(-1.,0.,0.));
#4313=DIRECTION('',(0.,-1.,0.));
#4314=DIRECTION('',(1.,-3.46944695195361E-15,0.));
#4315=DIRECTION('',(0.,1.,0.));
#4316=DIRECTION('',(-1.,3.46944695195361E-15,0.));
#4317=DIRECTION('center_axis',(0.,0.,1.));
#4318=DIRECTION('ref_axis',(1.,0.,0.));
#4319=DIRECTION('',(1.,0.,0.));
#4320=DIRECTION('',(1.62124888114647E-16,1.,0.));
#4321=DIRECTION('',(-1.,2.1441543289911E-14,0.));
#4322=DIRECTION('center_axis',(0.,0.,1.));
#4323=DIRECTION('ref_axis',(1.,0.,0.));
#4324=DIRECTION('',(5.0464682937505E-15,1.,0.));
#4325=DIRECTION('',(-1.,3.46944695195362E-15,0.));
#4326=DIRECTION('',(0.,1.,0.));
#4327=DIRECTION('center_axis',(0.,0.,1.));
#4328=DIRECTION('ref_axis',(1.,0.,0.));
#4329=DIRECTION('',(1.,0.,0.));
#4330=DIRECTION('',(0.,1.,0.));
#4331=DIRECTION('center_axis',(0.,0.,1.));
#4332=DIRECTION('ref_axis',(1.,0.,0.));
#4333=DIRECTION('',(-1.,0.,0.));
#4334=DIRECTION('center_axis',(0.,0.,1.));
#4335=DIRECTION('ref_axis',(1.,0.,0.));
#4336=DIRECTION('',(0.,-1.,0.));
#4337=DIRECTION('',(1.,0.,0.));
#4338=DIRECTION('',(0.,1.,0.));
#4339=DIRECTION('',(-1.,0.,0.));
#4340=DIRECTION('',(-2.95272081017329E-16,-1.,0.));
#4341=DIRECTION('center_axis',(0.,0.,1.));
#4342=DIRECTION('ref_axis',(1.,0.,0.));
#4343=DIRECTION('',(-4.99092408429271E-16,-1.,0.));
#4344=DIRECTION('',(1.,0.,0.));
#4345=DIRECTION('',(0.,1.,0.));
#4346=DIRECTION('',(0.999998546554087,0.00170496032636017,0.));
#4347=DIRECTION('center_axis',(0.,0.,1.));
#4348=DIRECTION('ref_axis',(1.,0.,0.));
#4349=DIRECTION('',(1.,0.,0.));
#4350=DIRECTION('',(0.,-1.,0.));
#4351=DIRECTION('',(-1.,3.46944695195361E-15,0.));
#4352=DIRECTION('',(0.,-1.,0.));
#4353=DIRECTION('center_axis',(0.,0.,1.));
#4354=DIRECTION('ref_axis',(-1.,0.,0.));
#4355=DIRECTION('',(-1.,-1.34009645561944E-14,0.));
#4356=DIRECTION('',(0.,-1.,3.46944695195361E-18));
#4357=DIRECTION('center_axis',(0.,0.,1.));
#4358=DIRECTION('ref_axis',(1.,0.,0.));
#4359=DIRECTION('',(0.,1.,0.));
#4360=DIRECTION('',(1.,0.,0.));
#4361=DIRECTION('',(0.,-1.,0.));
#4362=DIRECTION('',(-1.,0.,0.));
#4363=DIRECTION('center_axis',(1.,0.,0.));
#4364=DIRECTION('ref_axis',(0.,0.,-1.));
#4365=DIRECTION('',(0.,0.,1.));
#4366=DIRECTION('',(0.,1.,0.));
#4367=DIRECTION('',(0.,0.,1.));
#4368=DIRECTION('',(0.,0.,-1.));
#4369=DIRECTION('',(0.,-1.,0.));
#4370=DIRECTION('',(0.,0.,-1.));
#4371=DIRECTION('center_axis',(-1.,2.95272081017329E-16,0.));
#4372=DIRECTION('ref_axis',(-2.95272081017329E-16,-1.,0.));
#4373=DIRECTION('',(0.,0.,-1.));
#4374=DIRECTION('',(2.95272081017329E-16,1.,0.));
#4375=DIRECTION('',(0.,0.,-1.));
#4376=DIRECTION('',(0.,0.,1.));
#4377=DIRECTION('',(-4.99092408429271E-16,-1.,0.));
#4378=DIRECTION('',(0.,0.,1.));
#4379=DIRECTION('center_axis',(0.,0.,1.));
#4380=DIRECTION('ref_axis',(1.,0.,0.));
#4381=DIRECTION('',(0.,1.,0.));
#4382=DIRECTION('',(1.,0.,0.));
#4383=DIRECTION('',(0.,-1.,0.));
#4384=DIRECTION('',(-1.,0.,0.));
#4385=DIRECTION('center_axis',(1.,0.,0.));
#4386=DIRECTION('ref_axis',(0.,0.,-1.));
#4387=DIRECTION('',(0.,0.,1.));
#4388=DIRECTION('',(0.,-1.,0.));
#4389=DIRECTION('',(0.,0.,-1.));
#4390=DIRECTION('center_axis',(1.,0.,0.));
#4391=DIRECTION('ref_axis',(0.,0.,-1.));
#4392=DIRECTION('',(0.,0.,1.));
#4393=DIRECTION('',(0.,0.,-1.));
#4394=DIRECTION('',(0.,-1.,0.));
#4395=DIRECTION('center_axis',(0.,0.,1.));
#4396=DIRECTION('ref_axis',(1.,0.,0.));
#4397=DIRECTION('',(0.,1.,0.));
#4398=DIRECTION('center_axis',(0.,0.,1.));
#4399=DIRECTION('ref_axis',(1.,0.,0.));
#4400=DIRECTION('',(-1.,9.77402576666246E-17,0.));
#4401=DIRECTION('center_axis',(0.,0.,1.));
#4402=DIRECTION('ref_axis',(1.,0.,0.));
#4403=DIRECTION('',(0.,-1.,0.));
#4404=DIRECTION('',(1.,0.,0.));
#4405=DIRECTION('',(0.,1.,0.));
#4406=DIRECTION('',(1.,0.,0.));
#4407=DIRECTION('center_axis',(0.,0.,1.));
#4408=DIRECTION('ref_axis',(1.,0.,0.));
#4409=DIRECTION('',(1.,0.,0.));
#4410=DIRECTION('center_axis',(0.,0.,-1.));
#4411=DIRECTION('ref_axis',(-1.,0.,0.));
#4412=DIRECTION('',(1.,0.,0.));
#4413=DIRECTION('',(3.94255335449275E-17,1.,0.));
#4414=DIRECTION('',(-1.,-1.34009645561944E-14,0.));
#4415=DIRECTION('center_axis',(0.,0.,1.));
#4416=DIRECTION('ref_axis',(-1.,0.,0.));
#4417=DIRECTION('',(0.,-1.,0.));
#4418=DIRECTION('',(-1.,3.46944695195361E-15,0.));
#4419=DIRECTION('',(0.,1.,0.));
#4420=DIRECTION('center_axis',(0.,0.,-1.));
#4421=DIRECTION('ref_axis',(-1.,0.,0.));
#4422=DIRECTION('',(-1.,0.,0.));
#4423=DIRECTION('center_axis',(0.,0.,-1.));
#4424=DIRECTION('ref_axis',(1.,0.,0.));
#4425=DIRECTION('',(0.,-1.,0.));
#4426=DIRECTION('',(-1.,3.46944695195362E-15,0.));
#4427=DIRECTION('',(5.0464682937505E-15,1.,0.));
#4428=DIRECTION('center_axis',(0.,0.,1.));
#4429=DIRECTION('ref_axis',(1.,0.,0.));
#4430=DIRECTION('',(-1.,2.1441543289911E-14,0.));
#4431=DIRECTION('',(1.62124888114647E-16,1.,0.));
#4432=DIRECTION('',(1.,0.,0.));
#4433=DIRECTION('center_axis',(0.,0.,-1.));
#4434=DIRECTION('ref_axis',(-1.,0.,0.));
#4435=DIRECTION('center_axis',(0.,0.,-1.));
#4436=DIRECTION('ref_axis',(1.,0.,0.));
#4437=DIRECTION('',(1.,0.,0.));
#4438=DIRECTION('',(-1.73472347597707E-15,-1.,0.));
#4439=DIRECTION('',(1.,0.,0.));
#4440=DIRECTION('',(1.98254111540206E-15,-1.,0.));
#4441=DIRECTION('',(-1.,1.63268091856641E-15,0.));
#4442=DIRECTION('',(0.,1.,0.));
#4443=DIRECTION('',(1.,0.,0.));
#4444=DIRECTION('',(-1.,0.,0.));
#4445=DIRECTION('',(1.,0.,0.));
#4446=DIRECTION('',(1.,-3.46944695195361E-15,0.));
#4447=DIRECTION('',(0.,-1.,0.));
#4448=DIRECTION('',(-1.,3.46944695195361E-15,0.));
#4449=DIRECTION('',(0.,1.,0.));
#4450=DIRECTION('',(1.,1.73472347597681E-15,0.));
#4451=DIRECTION('',(0.,-1.,0.));
#4452=DIRECTION('',(-1.,0.,0.));
#4453=DIRECTION('',(3.46944695195361E-15,1.,0.));
#4454=DIRECTION('',(0.,-1.,0.));
#4455=DIRECTION('',(-1.,0.,0.));
#4456=DIRECTION('',(0.,1.,0.));
#4457=DIRECTION('',(1.,-1.73472347597681E-15,0.));
#4458=DIRECTION('',(0.,-1.,0.));
#4459=DIRECTION('',(-1.,0.,0.));
#4460=DIRECTION('',(0.,1.,0.));
#4461=DIRECTION('',(1.,0.,0.));
#4462=DIRECTION('center_axis',(0.,0.,-1.));
#4463=DIRECTION('ref_axis',(1.,0.,0.));
#4464=DIRECTION('center_axis',(0.,0.,-1.));
#4465=DIRECTION('ref_axis',(1.,0.,0.));
#4466=DIRECTION('',(1.,0.,0.));
#4467=DIRECTION('',(-1.64267692419023E-14,1.,0.));
#4468=DIRECTION('',(-1.,1.64428765495427E-16,0.));
#4469=DIRECTION('',(0.,1.,0.));
#4470=DIRECTION('',(1.,0.,0.));
#4471=DIRECTION('',(0.305784212386472,0.952100843112317,0.));
#4472=DIRECTION('',(1.,0.,0.));
#4473=DIRECTION('center_axis',(0.,0.,1.));
#4474=DIRECTION('ref_axis',(1.,0.,0.));
#4475=DIRECTION('',(0.,1.,0.));
#4476=DIRECTION('center_axis',(0.,0.,-1.));
#4477=DIRECTION('ref_axis',(-1.,0.,0.));
#4478=DIRECTION('',(1.,-1.92747052886313E-16,0.));
#4479=DIRECTION('',(-1.92747052886313E-16,-1.,0.));
#4480=DIRECTION('',(1.,-1.92747052886313E-16,0.));
#4481=DIRECTION('',(0.,1.,0.));
#4482=DIRECTION('',(1.,0.,0.));
#4483=DIRECTION('',(0.,-1.,0.));
#4484=DIRECTION('',(1.,-1.92747052886313E-16,0.));
#4485=DIRECTION('',(1.92747052886313E-16,1.,0.));
#4486=DIRECTION('',(1.,-1.92747052886313E-16,0.));
#4487=DIRECTION('center_axis',(0.,0.,-1.));
#4488=DIRECTION('ref_axis',(-1.,0.,0.));
#4489=DIRECTION('',(0.,-1.,0.));
#4490=DIRECTION('center_axis',(0.,0.,1.));
#4491=DIRECTION('ref_axis',(1.,0.,0.));
#4492=DIRECTION('',(1.,0.,0.));
#4493=DIRECTION('',(0.305784212386474,-0.952100843112316,0.));
#4494=DIRECTION('',(1.,-1.55260414326012E-16,0.));
#4495=DIRECTION('',(0.,-1.,0.));
#4496=DIRECTION('',(-1.,1.64428765495427E-16,0.));
#4497=DIRECTION('',(0.,-1.,0.));
#4498=DIRECTION('center_axis',(0.,1.,0.));
#4499=DIRECTION('ref_axis',(0.,0.,1.));
#4500=DIRECTION('',(0.,0.,-1.));
#4501=DIRECTION('',(0.,0.,-1.));
#4502=DIRECTION('center_axis',(0.,1.,0.));
#4503=DIRECTION('ref_axis',(0.,0.,1.));
#4504=DIRECTION('',(0.,0.,1.));
#4505=DIRECTION('',(0.,0.,1.));
#4506=DIRECTION('center_axis',(-1.92747052886313E-16,-1.,0.));
#4507=DIRECTION('ref_axis',(1.,-1.92747052886313E-16,0.));
#4508=DIRECTION('',(0.,0.,-1.));
#4509=DIRECTION('center_axis',(-1.92747052886313E-16,-1.,0.));
#4510=DIRECTION('ref_axis',(1.,-1.92747052886313E-16,0.));
#4511=DIRECTION('center_axis',(1.92747052886313E-16,1.,0.));
#4512=DIRECTION('ref_axis',(1.,-1.92747052886313E-16,0.));
#4513=DIRECTION('',(0.,0.,1.));
#4514=DIRECTION('',(-1.,0.,0.));
#4515=DIRECTION('',(0.,0.,1.));
#4516=DIRECTION('center_axis',(1.92747052886313E-16,1.,0.));
#4517=DIRECTION('ref_axis',(1.,-1.92747052886313E-16,0.));
#4518=DIRECTION('center_axis',(-1.,3.94255335449275E-17,0.));
#4519=DIRECTION('ref_axis',(-3.94255335449275E-17,-1.,0.));
#4520=DIRECTION('',(0.,0.,-1.));
#4521=DIRECTION('',(0.,0.,1.));
#4522=DIRECTION('',(-1.34197852482541E-16,-1.,0.));
#4523=DIRECTION('',(0.,0.,1.));
#4524=DIRECTION('center_axis',(0.,0.,-1.));
#4525=DIRECTION('ref_axis',(-1.,0.,0.));
#4526=DIRECTION('',(0.,0.,1.));
#4527=DIRECTION('center_axis',(0.,0.,-1.));
#4528=DIRECTION('ref_axis',(-1.,0.,0.));
#4529=DIRECTION('',(0.,0.,1.));
#4530=DIRECTION('center_axis',(1.,-1.73472347597707E-15,0.));
#4531=DIRECTION('ref_axis',(1.73472347597707E-15,1.,0.));
#4532=DIRECTION('',(0.,0.,-1.));
#4533=DIRECTION('',(0.,0.,1.));
#4534=DIRECTION('center_axis',(0.,1.,0.));
#4535=DIRECTION('ref_axis',(0.,0.,1.));
#4536=DIRECTION('center_axis',(-1.,0.,0.));
#4537=DIRECTION('ref_axis',(0.,0.,1.));
#4538=DIRECTION('',(0.,0.,-1.));
#4539=DIRECTION('',(0.,0.,-1.));
#4540=DIRECTION('center_axis',(0.,1.,0.));
#4541=DIRECTION('ref_axis',(0.,0.,1.));
#4542=DIRECTION('center_axis',(-1.,-1.64267692419023E-14,0.));
#4543=DIRECTION('ref_axis',(1.64267692419023E-14,-1.,0.));
#4544=DIRECTION('',(0.,0.,1.));
#4545=DIRECTION('',(0.,0.,-1.));
#4546=DIRECTION('center_axis',(1.,0.,0.));
#4547=DIRECTION('ref_axis',(0.,0.,-1.));
#4548=DIRECTION('',(0.,0.,-1.));
#4549=DIRECTION('',(0.,0.,-1.));
#4550=DIRECTION('center_axis',(-1.,1.62124888114647E-16,0.));
#4551=DIRECTION('ref_axis',(-1.62124888114647E-16,-1.,0.));
#4552=DIRECTION('',(0.,0.,-1.));
#4553=DIRECTION('',(0.,0.,1.));
#4554=DIRECTION('',(1.78736852158807E-16,1.,0.));
#4555=DIRECTION('',(0.,0.,1.));
#4556=DIRECTION('center_axis',(0.,0.,-1.));
#4557=DIRECTION('ref_axis',(1.,1.22464679914735E-16,0.));
#4558=DIRECTION('center_axis',(0.,0.,-1.));
#4559=DIRECTION('ref_axis',(1.,-9.61751755304289E-12,0.));
#4560=DIRECTION('center_axis',(-2.1441543289911E-14,-1.,0.));
#4561=DIRECTION('ref_axis',(1.,-2.1441543289911E-14,0.));
#4562=DIRECTION('',(0.,0.,-1.));
#4563=DIRECTION('center_axis',(0.,0.,-1.));
#4564=DIRECTION('ref_axis',(-1.,0.,0.));
#4565=DIRECTION('',(0.,0.,-1.));
#4566=DIRECTION('center_axis',(-1.,5.0464682937505E-15,0.));
#4567=DIRECTION('ref_axis',(-5.0464682937505E-15,-1.,0.));
#4568=DIRECTION('',(0.,0.,-1.));
#4569=DIRECTION('center_axis',(-3.46944695195362E-15,-1.,0.));
#4570=DIRECTION('ref_axis',(1.,-3.46944695195362E-15,0.));
#4571=DIRECTION('',(0.,0.,-1.));
#4572=DIRECTION('center_axis',(-3.46944695195361E-15,-1.,0.));
#4573=DIRECTION('ref_axis',(1.,-3.46944695195361E-15,0.));
#4574=DIRECTION('',(0.,0.,-1.));
#4575=DIRECTION('',(0.,0.,-1.));
#4576=DIRECTION('center_axis',(1.,0.,0.));
#4577=DIRECTION('ref_axis',(0.,0.,-1.));
#4578=DIRECTION('',(0.,0.,-1.));
#4579=DIRECTION('center_axis',(0.,0.,-1.));
#4580=DIRECTION('ref_axis',(-1.,0.,0.));
#4581=DIRECTION('',(0.,0.,-1.));
#4582=DIRECTION('center_axis',(1.34009645561944E-14,-1.,0.));
#4583=DIRECTION('ref_axis',(1.,1.34009645561944E-14,0.));
#4584=DIRECTION('center_axis',(0.,1.,0.));
#4585=DIRECTION('ref_axis',(0.,0.,1.));
#4586=DIRECTION('',(0.,0.,-1.));
#4587=DIRECTION('',(0.,0.,-1.));
#4588=DIRECTION('center_axis',(0.,0.,-1.));
#4589=DIRECTION('ref_axis',(-1.,0.,0.));
#4590=DIRECTION('',(0.,0.,-1.));
#4591=DIRECTION('center_axis',(-1.,0.,0.));
#4592=DIRECTION('ref_axis',(0.,0.,1.));
#4593=DIRECTION('center_axis',(-1.,0.,0.));
#4594=DIRECTION('ref_axis',(0.,0.,1.));
#4595=DIRECTION('',(0.,0.,1.));
#4596=DIRECTION('',(0.,-1.,0.));
#4597=DIRECTION('',(0.,0.,-1.));
#4598=DIRECTION('center_axis',(0.,0.,-1.));
#4599=DIRECTION('ref_axis',(-1.,0.,0.));
#4600=DIRECTION('center_axis',(0.,0.,1.));
#4601=DIRECTION('ref_axis',(-1.,0.,0.));
#4602=DIRECTION('',(0.,0.,-1.));
#4603=DIRECTION('center_axis',(0.,0.,-1.));
#4604=DIRECTION('ref_axis',(-1.,0.,0.));
#4605=DIRECTION('',(0.,0.,-1.));
#4606=DIRECTION('center_axis',(0.,0.,1.));
#4607=DIRECTION('ref_axis',(1.,0.,0.));
#4608=DIRECTION('',(0.,0.,-1.));
#4609=DIRECTION('center_axis',(1.,0.,0.));
#4610=DIRECTION('ref_axis',(0.,0.,-1.));
#4611=DIRECTION('',(0.,1.,0.));
#4612=DIRECTION('',(0.,0.,1.));
#4613=DIRECTION('center_axis',(1.,0.,0.));
#4614=DIRECTION('ref_axis',(0.,0.,-1.));
#4615=DIRECTION('',(0.,0.,-1.));
#4616=DIRECTION('center_axis',(0.,0.,-1.));
#4617=DIRECTION('ref_axis',(-1.,0.,0.));
#4618=DIRECTION('',(0.,0.,-1.));
#4619=DIRECTION('center_axis',(0.,1.,0.));
#4620=DIRECTION('ref_axis',(0.,0.,1.));
#4621=DIRECTION('',(0.,0.,-1.));
#4622=DIRECTION('center_axis',(-1.92747052886313E-16,-1.,0.));
#4623=DIRECTION('ref_axis',(1.,-1.92747052886313E-16,0.));
#4624=DIRECTION('center_axis',(-1.92747052886313E-16,-1.,0.));
#4625=DIRECTION('ref_axis',(1.,-1.92747052886313E-16,0.));
#4626=DIRECTION('center_axis',(-1.92747052886313E-16,-1.,0.));
#4627=DIRECTION('ref_axis',(1.,-1.92747052886313E-16,0.));
#4628=DIRECTION('',(1.,0.,0.));
#4629=DIRECTION('',(0.,0.,1.));
#4630=DIRECTION('center_axis',(-1.92747052886313E-16,-1.,0.));
#4631=DIRECTION('ref_axis',(1.,-1.92747052886313E-16,0.));
#4632=DIRECTION('center_axis',(-1.92747052886313E-16,-1.,0.));
#4633=DIRECTION('ref_axis',(1.,-1.92747052886313E-16,0.));
#4634=DIRECTION('center_axis',(-1.92747052886313E-16,-1.,0.));
#4635=DIRECTION('ref_axis',(1.,-1.92747052886313E-16,0.));
#4636=DIRECTION('center_axis',(-1.92747052886313E-16,-1.,0.));
#4637=DIRECTION('ref_axis',(1.,-1.92747052886313E-16,0.));
#4638=DIRECTION('center_axis',(-1.92747052886313E-16,-1.,0.));
#4639=DIRECTION('ref_axis',(1.,-1.92747052886313E-16,0.));
#4640=DIRECTION('',(0.,0.,-1.));
#4641=DIRECTION('center_axis',(1.92747052886313E-16,1.,0.));
#4642=DIRECTION('ref_axis',(1.,-1.92747052886313E-16,0.));
#4643=DIRECTION('',(0.,0.,1.));
#4644=DIRECTION('',(-1.,0.,0.));
#4645=DIRECTION('',(0.,0.,1.));
#4646=DIRECTION('center_axis',(1.92747052886313E-16,1.,0.));
#4647=DIRECTION('ref_axis',(1.,-1.92747052886313E-16,0.));
#4648=DIRECTION('center_axis',(-1.92747052886313E-16,-1.,0.));
#4649=DIRECTION('ref_axis',(1.,-1.92747052886313E-16,0.));
#4650=DIRECTION('center_axis',(-1.92747052886313E-16,-1.,0.));
#4651=DIRECTION('ref_axis',(1.,-1.92747052886313E-16,0.));
#4652=DIRECTION('',(0.,0.,1.));
#4653=DIRECTION('',(1.,0.,0.));
#4654=DIRECTION('center_axis',(0.,1.,0.));
#4655=DIRECTION('ref_axis',(0.,0.,1.));
#4656=DIRECTION('',(0.,0.,1.));
#4657=DIRECTION('',(-1.,0.,0.));
#4658=DIRECTION('',(-1.,0.,0.));
#4659=DIRECTION('center_axis',(-1.,0.,0.));
#4660=DIRECTION('ref_axis',(0.,0.,1.));
#4661=DIRECTION('',(0.,-1.,0.));
#4662=DIRECTION('',(0.,-1.,0.));
#4663=DIRECTION('center_axis',(0.,0.,1.));
#4664=DIRECTION('ref_axis',(1.,0.,0.));
#4665=DIRECTION('center_axis',(0.,1.,0.));
#4666=DIRECTION('ref_axis',(0.,0.,1.));
#4667=DIRECTION('',(-1.,0.,0.));
#4668=DIRECTION('',(0.,0.,1.));
#4669=DIRECTION('',(-1.,0.,0.));
#4670=DIRECTION('center_axis',(1.,0.,0.));
#4671=DIRECTION('ref_axis',(0.,0.,-1.));
#4672=DIRECTION('',(0.,1.,0.));
#4673=DIRECTION('',(0.,1.,0.));
#4674=DIRECTION('center_axis',(0.,0.,-1.));
#4675=DIRECTION('ref_axis',(-1.,0.,0.));
#4676=DIRECTION('center_axis',(-1.,0.,0.));
#4677=DIRECTION('ref_axis',(0.,0.,1.));
#4678=DIRECTION('',(0.,0.,1.));
#4679=DIRECTION('',(0.,-1.,0.));
#4680=DIRECTION('',(0.,-1.,0.));
#4681=DIRECTION('center_axis',(1.,0.,0.));
#4682=DIRECTION('ref_axis',(0.,0.,-1.));
#4683=DIRECTION('',(0.,1.,0.));
#4684=DIRECTION('',(0.,0.,1.));
#4685=DIRECTION('',(0.,1.,0.));
#4686=DIRECTION('center_axis',(0.,-1.,0.));
#4687=DIRECTION('ref_axis',(0.,0.,-1.));
#4688=DIRECTION('',(1.,0.,0.));
#4689=DIRECTION('',(1.,0.,0.));
#4690=DIRECTION('center_axis',(0.,0.,1.));
#4691=DIRECTION('ref_axis',(1.,0.,0.));
#4692=DIRECTION('center_axis',(1.,0.,0.));
#4693=DIRECTION('ref_axis',(0.,0.,-1.));
#4694=DIRECTION('',(0.,1.,0.));
#4695=DIRECTION('',(0.,0.,1.));
#4696=DIRECTION('',(0.,1.,0.));
#4697=DIRECTION('center_axis',(0.,-1.,0.));
#4698=DIRECTION('ref_axis',(0.,0.,-1.));
#4699=DIRECTION('',(1.,0.,0.));
#4700=DIRECTION('',(0.,0.,1.));
#4701=DIRECTION('',(1.,0.,0.));
#4702=DIRECTION('center_axis',(-1.,0.,0.));
#4703=DIRECTION('ref_axis',(0.,0.,1.));
#4704=DIRECTION('',(0.,-1.,0.));
#4705=DIRECTION('',(0.,-1.,0.));
#4706=DIRECTION('center_axis',(0.,0.,1.));
#4707=DIRECTION('ref_axis',(1.,0.,0.));
#4708=DIRECTION('center_axis',(0.,-1.,0.));
#4709=DIRECTION('ref_axis',(0.,0.,-1.));
#4710=DIRECTION('center_axis',(-0.707106781186542,-0.707106781186553,4.41113167504514E-15));
#4711=DIRECTION('ref_axis',(0.707106781186553,-0.707106781186542,5.82058268080503E-13));
#4712=DIRECTION('center_axis',(-1.,0.,0.));
#4713=DIRECTION('ref_axis',(0.,0.,1.));
#4714=DIRECTION('center_axis',(-0.70710678118655,0.707106781186545,1.06687835861558E-14));
#4715=DIRECTION('ref_axis',(0.707106781186545,0.70710678118655,1.01375534228094E-13));
#4716=DIRECTION('center_axis',(0.,1.,0.));
#4717=DIRECTION('ref_axis',(0.,0.,1.));
#4718=DIRECTION('center_axis',(0.,-1.,0.));
#4719=DIRECTION('ref_axis',(0.,0.,-1.));
#4720=DIRECTION('center_axis',(-0.707106781186542,-0.707106781186553,4.41113167504514E-15));
#4721=DIRECTION('ref_axis',(0.707106781186553,-0.707106781186542,4.67236795926442E-13));
#4722=DIRECTION('center_axis',(-1.,0.,0.));
#4723=DIRECTION('ref_axis',(0.,0.,1.));
#4724=DIRECTION('center_axis',(-0.707106781186555,0.70710678118654,1.50799152612011E-14));
#4725=DIRECTION('ref_axis',(0.70710678118654,0.707106781186555,1.44724197886019E-13));
#4726=DIRECTION('center_axis',(0.,1.,0.));
#4727=DIRECTION('ref_axis',(0.,0.,1.));
#4728=DIRECTION('center_axis',(1.,0.,0.));
#4729=DIRECTION('ref_axis',(0.,0.,-1.));
#4730=DIRECTION('center_axis',(-0.707106781186556,-0.707106781186539,1.33359794826948E-14));
#4731=DIRECTION('ref_axis',(0.707106781186539,-0.707106781186556,2.90765894860737E-13));
#4732=DIRECTION('center_axis',(0.,1.,0.));
#4733=DIRECTION('ref_axis',(0.,0.,1.));
#4734=DIRECTION('center_axis',(1.,0.,0.));
#4735=DIRECTION('ref_axis',(0.,0.,-1.));
#4736=DIRECTION('center_axis',(0.707106781186542,-0.707106781186553,-8.20675660473516E-15));
#4737=DIRECTION('ref_axis',(0.707106781186553,0.707106781186542,1.17718565306598E-13));
#4738=DIRECTION('center_axis',(0.,-1.,0.));
#4739=DIRECTION('ref_axis',(0.,0.,-1.));
#4740=DIRECTION('center_axis',(1.,0.,0.));
#4741=DIRECTION('ref_axis',(0.,0.,-1.));
#4742=DIRECTION('',(0.,0.,-1.));
#4743=DIRECTION('',(0.,0.,-1.));
#4744=DIRECTION('center_axis',(0.,1.,0.));
#4745=DIRECTION('ref_axis',(0.,0.,1.));
#4746=DIRECTION('',(0.,0.,-1.));
#4747=DIRECTION('center_axis',(-1.,0.,0.));
#4748=DIRECTION('ref_axis',(0.,0.,1.));
#4749=DIRECTION('',(0.,0.,-1.));
#4750=DIRECTION('center_axis',(0.,-1.,0.));
#4751=DIRECTION('ref_axis',(0.,0.,-1.));
#4752=DIRECTION('center_axis',(1.,0.,0.));
#4753=DIRECTION('ref_axis',(0.,0.,-1.));
#4754=DIRECTION('',(0.,0.,-1.));
#4755=DIRECTION('',(0.,0.,-1.));
#4756=DIRECTION('center_axis',(1.73472347597681E-15,1.,0.));
#4757=DIRECTION('ref_axis',(-1.,1.73472347597681E-15,0.));
#4758=DIRECTION('',(0.,0.,-1.));
#4759=DIRECTION('center_axis',(-1.,0.,0.));
#4760=DIRECTION('ref_axis',(0.,0.,1.));
#4761=DIRECTION('',(0.,0.,-1.));
#4762=DIRECTION('center_axis',(0.,-1.,0.));
#4763=DIRECTION('ref_axis',(0.,0.,-1.));
#4764=DIRECTION('center_axis',(-1.73472347597681E-15,1.,0.));
#4765=DIRECTION('ref_axis',(-1.,-1.73472347597681E-15,0.));
#4766=DIRECTION('',(0.,0.,-1.));
#4767=DIRECTION('',(0.,0.,-1.));
#4768=DIRECTION('center_axis',(-1.,3.46944695195361E-15,0.));
#4769=DIRECTION('ref_axis',(-3.46944695195361E-15,-1.,0.));
#4770=DIRECTION('',(0.,0.,-1.));
#4771=DIRECTION('center_axis',(0.,-1.,0.));
#4772=DIRECTION('ref_axis',(0.,0.,-1.));
#4773=DIRECTION('',(0.,0.,-1.));
#4774=DIRECTION('center_axis',(1.,0.,0.));
#4775=DIRECTION('ref_axis',(0.,0.,-1.));
#4776=DIRECTION('center_axis',(3.46944695195361E-15,1.,0.));
#4777=DIRECTION('ref_axis',(-1.,3.46944695195361E-15,0.));
#4778=DIRECTION('',(0.,0.,-1.));
#4779=DIRECTION('',(0.,0.,-1.));
#4780=DIRECTION('center_axis',(-1.,0.,0.));
#4781=DIRECTION('ref_axis',(0.,0.,1.));
#4782=DIRECTION('',(0.,0.,-1.));
#4783=DIRECTION('center_axis',(-3.46944695195361E-15,-1.,0.));
#4784=DIRECTION('ref_axis',(1.,-3.46944695195361E-15,0.));
#4785=DIRECTION('',(0.,0.,-1.));
#4786=DIRECTION('center_axis',(1.,0.,0.));
#4787=DIRECTION('ref_axis',(0.,0.,-1.));
#4788=DIRECTION('center_axis',(-1.,0.,0.));
#4789=DIRECTION('ref_axis',(0.,0.,1.));
#4790=DIRECTION('',(0.,0.,-1.));
#4791=DIRECTION('center_axis',(1.,0.,0.));
#4792=DIRECTION('ref_axis',(0.,0.,-1.));
#4793=DIRECTION('',(0.,0.,-1.));
#4794=DIRECTION('center_axis',(0.,1.,0.));
#4795=DIRECTION('ref_axis',(0.,0.,1.));
#4796=DIRECTION('center_axis',(0.,1.,0.));
#4797=DIRECTION('ref_axis',(0.,0.,1.));
#4798=DIRECTION('center_axis',(0.,-1.,0.));
#4799=DIRECTION('ref_axis',(0.,0.,-1.));
#4800=DIRECTION('center_axis',(1.,1.98254111540206E-15,0.));
#4801=DIRECTION('ref_axis',(-1.98254111540206E-15,1.,0.));
#4802=DIRECTION('',(0.,0.,-1.));
#4803=DIRECTION('',(0.,0.,-1.));
#4804=DIRECTION('center_axis',(0.,1.,0.));
#4805=DIRECTION('ref_axis',(0.,0.,1.));
#4806=DIRECTION('',(0.,0.,-1.));
#4807=DIRECTION('',(0.,0.,1.));
#4808=DIRECTION('',(-1.,0.,0.));
#4809=DIRECTION('',(0.,0.,1.));
#4810=DIRECTION('center_axis',(-1.,0.,0.));
#4811=DIRECTION('ref_axis',(0.,0.,1.));
#4812=DIRECTION('',(0.,0.,-1.));
#4813=DIRECTION('center_axis',(-1.63268091856641E-15,-1.,0.));
#4814=DIRECTION('ref_axis',(1.,-1.63268091856641E-15,0.));
#4815=DIRECTION('center_axis',(0.,-1.,0.));
#4816=DIRECTION('ref_axis',(0.,0.,-1.));
#4817=DIRECTION('',(0.,0.,1.));
#4818=DIRECTION('',(0.,0.,-1.));
#4819=DIRECTION('center_axis',(0.,0.,-1.));
#4820=DIRECTION('ref_axis',(-1.,0.,0.));
#4821=DIRECTION('center_axis',(0.,0.,-1.));
#4822=DIRECTION('ref_axis',(-1.,0.,0.));
#4823=DIRECTION('',(0.,0.,-1.));
#4824=DIRECTION('center_axis',(0.,1.,0.));
#4825=DIRECTION('ref_axis',(0.,0.,1.));
#4826=DIRECTION('center_axis',(-1.,0.,0.));
#4827=DIRECTION('ref_axis',(0.,0.,1.));
#4828=DIRECTION('',(0.,0.,-1.));
#4829=DIRECTION('',(0.,0.,1.));
#4830=DIRECTION('',(0.,-1.,0.));
#4831=DIRECTION('',(0.,0.,1.));
#4832=DIRECTION('center_axis',(0.,0.,-1.));
#4833=DIRECTION('ref_axis',(-1.,0.,0.));
#4834=DIRECTION('center_axis',(1.,0.,0.));
#4835=DIRECTION('ref_axis',(0.,0.,-1.));
#4836=DIRECTION('',(0.,0.,-1.));
#4837=DIRECTION('',(0.,0.,1.));
#4838=DIRECTION('',(0.,1.,0.));
#4839=DIRECTION('',(0.,0.,1.));
#4840=DIRECTION('center_axis',(0.,0.,-1.));
#4841=DIRECTION('ref_axis',(-1.,0.,0.));
#4842=DIRECTION('center_axis',(0.952100843112316,0.305784212386474,0.));
#4843=DIRECTION('ref_axis',(-0.305784212386474,0.952100843112316,0.));
#4844=DIRECTION('',(0.,0.,-1.));
#4845=DIRECTION('center_axis',(1.55260414326012E-16,1.,0.));
#4846=DIRECTION('ref_axis',(-1.,1.55260414326012E-16,0.));
#4847=DIRECTION('',(0.,0.,-1.));
#4848=DIRECTION('center_axis',(-1.64428765495427E-16,-1.,0.));
#4849=DIRECTION('ref_axis',(1.,-1.64428765495427E-16,0.));
#4850=DIRECTION('',(0.,0.,-1.));
#4851=DIRECTION('center_axis',(1.,0.,0.));
#4852=DIRECTION('ref_axis',(0.,0.,-1.));
#4853=DIRECTION('center_axis',(0.,1.,0.));
#4854=DIRECTION('ref_axis',(0.,0.,1.));
#4855=DIRECTION('',(0.,0.,-1.));
#4856=DIRECTION('',(0.,0.,-1.));
#4857=DIRECTION('center_axis',(-1.,0.,0.));
#4858=DIRECTION('ref_axis',(0.,0.,1.));
#4859=DIRECTION('',(0.,0.,-1.));
#4860=DIRECTION('center_axis',(-1.64428765495427E-16,-1.,0.));
#4861=DIRECTION('ref_axis',(1.,-1.64428765495427E-16,0.));
#4862=DIRECTION('center_axis',(-0.952100843112317,0.305784212386472,0.));
#4863=DIRECTION('ref_axis',(-0.305784212386472,-0.952100843112317,0.));
#4864=DIRECTION('center_axis',(0.,1.,0.));
#4865=DIRECTION('ref_axis',(0.,0.,1.));
#4866=DIRECTION('center_axis',(0.,1.,0.));
#4867=DIRECTION('ref_axis',(0.,0.,1.));
#4868=DIRECTION('',(0.,0.,-1.));
#4869=DIRECTION('center_axis',(1.,0.,0.));
#4870=DIRECTION('ref_axis',(0.,0.,-1.));
#4871=DIRECTION('',(0.,0.,-1.));
#4872=DIRECTION('center_axis',(-9.77402576666246E-17,-1.,0.));
#4873=DIRECTION('ref_axis',(1.,-9.77402576666246E-17,0.));
#4874=DIRECTION('',(0.,0.,-1.));
#4875=DIRECTION('',(0.,0.,1.));
#4876=DIRECTION('',(-1.,0.,0.));
#4877=DIRECTION('',(0.,0.,1.));
#4878=DIRECTION('',(0.,0.,1.));
#4879=DIRECTION('center_axis',(-1.,0.,0.));
#4880=DIRECTION('ref_axis',(0.,0.,1.));
#4881=DIRECTION('',(0.,0.,1.));
#4882=DIRECTION('',(0.,0.,-1.));
#4883=DIRECTION('center_axis',(0.,1.,0.));
#4884=DIRECTION('ref_axis',(0.,0.,1.));
#4885=DIRECTION('center_axis',(0.,0.,-1.));
#4886=DIRECTION('ref_axis',(-1.,0.,0.));
#4887=DIRECTION('center_axis',(0.,0.,-1.));
#4888=DIRECTION('ref_axis',(-1.,0.,0.));
#4889=DIRECTION('center_axis',(0.,0.,-1.));
#4890=DIRECTION('ref_axis',(-1.,0.,0.));
#4891=DIRECTION('',(1.,0.,0.));
#4892=DIRECTION('',(-1.,1.15648231731787E-15,0.));
#4893=DIRECTION('',(1.87439720283266E-16,1.,0.));
#4894=DIRECTION('',(-1.,-3.85764141220265E-16,0.));
#4895=DIRECTION('',(0.,1.,0.));
#4896=DIRECTION('',(1.,0.,0.));
#4897=DIRECTION('',(2.84380897701116E-16,1.,0.));
#4898=DIRECTION('',(-1.,0.,0.));
#4899=DIRECTION('',(1.,0.,0.));
#4900=DIRECTION('',(0.,1.,0.));
#4901=DIRECTION('',(0.,-1.,0.));
#4902=DIRECTION('',(1.,0.,0.));
#4903=DIRECTION('center_axis',(0.,0.,1.));
#4904=DIRECTION('ref_axis',(-1.,0.,0.));
#4905=DIRECTION('',(-1.,0.,0.));
#4906=DIRECTION('',(0.,-1.,0.));
#4907=DIRECTION('',(1.,0.,0.));
#4908=DIRECTION('',(0.,-1.,0.));
#4909=DIRECTION('',(-1.,0.,0.));
#4910=DIRECTION('',(0.,-1.,0.));
#4911=DIRECTION('',(-1.,0.,0.));
#4912=DIRECTION('',(1.,0.,0.));
#4913=DIRECTION('',(1.,0.,0.));
#4914=DIRECTION('',(0.999998546554087,0.00170496032636017,0.));
#4915=DIRECTION('',(1.,0.,0.));
#4916=DIRECTION('',(0.,-1.,0.));
#4917=DIRECTION('',(1.,0.,0.));
#4918=DIRECTION('',(0.,1.,0.));
#4919=DIRECTION('',(-1.,0.,0.));
#4920=DIRECTION('',(0.,-1.,0.));
#4921=DIRECTION('',(1.,0.,0.));
#4922=DIRECTION('',(0.,1.,0.));
#4923=DIRECTION('',(-1.,0.,0.));
#4924=DIRECTION('center_axis',(0.,-1.,0.));
#4925=DIRECTION('ref_axis',(0.,0.,-1.));
#4926=DIRECTION('center_axis',(1.15648231731787E-15,1.,0.));
#4927=DIRECTION('ref_axis',(-1.,1.15648231731787E-15,0.));
#4928=DIRECTION('',(0.,0.,1.));
#4929=DIRECTION('center_axis',(1.,-1.87439720283266E-16,0.));
#4930=DIRECTION('ref_axis',(1.87439720283266E-16,1.,0.));
#4931=DIRECTION('',(0.,0.,1.));
#4932=DIRECTION('center_axis',(0.,1.,0.));
#4933=DIRECTION('ref_axis',(0.,0.,1.));
#4934=DIRECTION('',(0.,0.,1.));
#4935=DIRECTION('center_axis',(1.,0.,0.));
#4936=DIRECTION('ref_axis',(0.,0.,-1.));
#4937=DIRECTION('',(0.,0.,1.));
#4938=DIRECTION('center_axis',(0.,-1.,0.));
#4939=DIRECTION('ref_axis',(0.,0.,-1.));
#4940=DIRECTION('',(0.,0.,1.));
#4941=DIRECTION('center_axis',(1.,-2.84380897701116E-16,0.));
#4942=DIRECTION('ref_axis',(2.84380897701116E-16,1.,0.));
#4943=DIRECTION('',(0.,0.,1.));
#4944=DIRECTION('center_axis',(0.,1.,0.));
#4945=DIRECTION('ref_axis',(0.,0.,1.));
#4946=DIRECTION('center_axis',(0.,-1.,0.));
#4947=DIRECTION('ref_axis',(0.,0.,-1.));
#4948=DIRECTION('',(0.,0.,1.));
#4949=DIRECTION('center_axis',(1.,0.,0.));
#4950=DIRECTION('ref_axis',(0.,0.,-1.));
#4951=DIRECTION('center_axis',(-1.,0.,0.));
#4952=DIRECTION('ref_axis',(0.,0.,1.));
#4953=DIRECTION('',(0.,0.,1.));
#4954=DIRECTION('center_axis',(0.,-1.,0.));
#4955=DIRECTION('ref_axis',(0.,0.,-1.));
#4956=DIRECTION('',(0.,0.,1.));
#4957=DIRECTION('center_axis',(0.,0.,1.));
#4958=DIRECTION('ref_axis',(-1.,-7.6571373978539E-16,0.));
#4959=DIRECTION('',(0.,0.,1.));
#4960=DIRECTION('center_axis',(0.,1.,0.));
#4961=DIRECTION('ref_axis',(0.,0.,1.));
#4962=DIRECTION('',(0.,0.,1.));
#4963=DIRECTION('center_axis',(-1.,0.,0.));
#4964=DIRECTION('ref_axis',(0.,0.,1.));
#4965=DIRECTION('',(0.,0.,1.));
#4966=DIRECTION('center_axis',(0.,-1.,0.));
#4967=DIRECTION('ref_axis',(0.,0.,-1.));
#4968=DIRECTION('',(0.,0.,1.));
#4969=DIRECTION('center_axis',(-1.,0.,0.));
#4970=DIRECTION('ref_axis',(0.,0.,1.));
#4971=DIRECTION('',(0.,0.,1.));
#4972=DIRECTION('center_axis',(4.04760418121763E-16,1.,0.));
#4973=DIRECTION('ref_axis',(-1.,4.04760418121763E-16,0.));
#4974=DIRECTION('',(0.,0.,1.));
#4975=DIRECTION('center_axis',(-1.,0.,0.));
#4976=DIRECTION('ref_axis',(0.,0.,1.));
#4977=DIRECTION('',(0.,0.,1.));
#4978=DIRECTION('center_axis',(0.,1.,0.));
#4979=DIRECTION('ref_axis',(0.,0.,1.));
#4980=DIRECTION('center_axis',(0.,-1.,0.));
#4981=DIRECTION('ref_axis',(0.,0.,-1.));
#4982=DIRECTION('center_axis',(0.,-1.,0.));
#4983=DIRECTION('ref_axis',(0.,0.,-1.));
#4984=DIRECTION('center_axis',(0.00170496032636017,-0.999998546554086,0.));
#4985=DIRECTION('ref_axis',(0.999998546554087,0.00170496032636017,0.));
#4986=DIRECTION('center_axis',(0.,-1.,0.));
#4987=DIRECTION('ref_axis',(0.,0.,-1.));
#4988=DIRECTION('center_axis',(0.,-1.,0.));
#4989=DIRECTION('ref_axis',(0.,0.,-1.));
#4990=DIRECTION('',(0.,0.,1.));
#4991=DIRECTION('',(0.,0.,1.));
#4992=DIRECTION('center_axis',(-1.,0.,0.));
#4993=DIRECTION('ref_axis',(0.,0.,1.));
#4994=DIRECTION('',(0.,0.,1.));
#4995=DIRECTION('center_axis',(0.,1.,0.));
#4996=DIRECTION('ref_axis',(0.,0.,1.));
#4997=DIRECTION('',(0.,0.,1.));
#4998=DIRECTION('center_axis',(1.,0.,0.));
#4999=DIRECTION('ref_axis',(0.,0.,-1.));
#5000=DIRECTION('center_axis',(0.,-1.,0.));
#5001=DIRECTION('ref_axis',(0.,0.,-1.));
#5002=DIRECTION('',(0.,0.,1.));
#5003=DIRECTION('',(0.,0.,1.));
#5004=DIRECTION('center_axis',(-1.,0.,0.));
#5005=DIRECTION('ref_axis',(0.,0.,1.));
#5006=DIRECTION('',(0.,0.,1.));
#5007=DIRECTION('center_axis',(0.,1.,0.));
#5008=DIRECTION('ref_axis',(0.,0.,1.));
#5009=DIRECTION('',(0.,0.,1.));
#5010=DIRECTION('center_axis',(1.,0.,0.));
#5011=DIRECTION('ref_axis',(0.,0.,-1.));
#5012=DIRECTION('center_axis',(-1.,0.,0.));
#5013=DIRECTION('ref_axis',(0.,0.,1.));
#5014=DIRECTION('',(0.,-1.,0.));
#5015=DIRECTION('',(0.,0.,1.));
#5016=DIRECTION('center_axis',(-1.,0.,0.));
#5017=DIRECTION('ref_axis',(0.,0.,1.));
#5018=DIRECTION('center_axis',(1.,0.,0.));
#5019=DIRECTION('ref_axis',(0.,0.,-1.));
#5020=DIRECTION('center_axis',(1.,0.,0.));
#5021=DIRECTION('ref_axis',(0.,0.,-1.));
#5022=DIRECTION('',(0.,0.,1.));
#5023=DIRECTION('',(0.,1.,0.));
#5024=DIRECTION('center_axis',(0.,-1.,0.));
#5025=DIRECTION('ref_axis',(0.,0.,-1.));
#5026=DIRECTION('',(1.,0.,0.));
#5027=DIRECTION('',(1.,0.,0.));
#5028=DIRECTION('center_axis',(0.,0.,-1.));
#5029=DIRECTION('ref_axis',(-1.,0.,0.));
#5030=DIRECTION('center_axis',(-1.,0.,0.));
#5031=DIRECTION('ref_axis',(0.,0.,1.));
#5032=CARTESIAN_POINT('',(0.,0.,0.));
#5033=CARTESIAN_POINT('Origin',(-5.27356219097056,6.91917399394121,0.499999999999999));
#5034=CARTESIAN_POINT('',(-4.90275226661578,6.76917399394121,0.499999999999999));
#5035=CARTESIAN_POINT('',(-4.90275226661578,7.06917399394121,0.499999999999999));
#5036=CARTESIAN_POINT('Origin',(-5.27356219097056,6.91917399394121,0.499999999999999));
#5037=CARTESIAN_POINT('',(-4.90275226661578,6.76917399394121,0.799999999999999));
#5038=CARTESIAN_POINT('',(-4.90275226661578,6.76917399394121,0.499999999999999));
#5039=CARTESIAN_POINT('',(-4.90275226661578,7.06917399394121,0.799999999999999));
#5040=CARTESIAN_POINT('Origin',(-5.27356219097056,6.91917399394121,0.799999999999999));
#5041=CARTESIAN_POINT('',(-4.90275226661578,7.06917399394121,0.499999999999999));
#5042=CARTESIAN_POINT('Origin',(-3.26966687508443,7.71917399394121,1.1));
#5043=CARTESIAN_POINT('',(-3.09466687508443,7.71917399394121,1.1));
#5044=CARTESIAN_POINT('Origin',(-3.26966687508443,7.71917399394121,1.1));
#5045=CARTESIAN_POINT('',(-3.09466687508443,7.71917399394121,0.799999999999999));
#5046=CARTESIAN_POINT('',(-3.09466687508443,7.71917399394121,1.1));
#5047=CARTESIAN_POINT('Origin',(-3.26966687508443,7.71917399394121,0.799999999999999));
#5048=CARTESIAN_POINT('Origin',(-3.26966687508444,2.91917399394121,1.1));
#5049=CARTESIAN_POINT('',(-3.09466687508444,2.91917399394121,1.1));
#5050=CARTESIAN_POINT('Origin',(-3.26966687508444,2.91917399394121,1.1));
#5051=CARTESIAN_POINT('',(-3.09466687508444,2.91917399394121,0.799999999999999));
#5052=CARTESIAN_POINT('',(-3.09466687508444,2.91917399394121,1.1));
#5053=CARTESIAN_POINT('Origin',(-3.26966687508444,2.91917399394121,0.799999999999999));
#5054=CARTESIAN_POINT('Origin',(-2.06966687508445,0.119173993941205,1.1));
#5055=CARTESIAN_POINT('',(-1.89466687508445,0.119173993941205,1.1));
#5056=CARTESIAN_POINT('Origin',(-2.06966687508445,0.119173993941205,1.1));
#5057=CARTESIAN_POINT('',(-1.89466687508445,0.119173993941205,0.799999999999999));
#5058=CARTESIAN_POINT('',(-1.89466687508445,0.119173993941205,1.1));
#5059=CARTESIAN_POINT('Origin',(-2.06966687508445,0.119173993941205,0.799999999999999));
#5060=CARTESIAN_POINT('Origin',(-8.47745750685667,0.119173993941205,1.1));
#5061=CARTESIAN_POINT('',(-8.30245750685667,0.119173993941205,1.1));
#5062=CARTESIAN_POINT('Origin',(-8.47745750685667,0.119173993941205,1.1));
#5063=CARTESIAN_POINT('',(-8.30245750685667,0.119173993941205,0.799999999999999));
#5064=CARTESIAN_POINT('',(-8.30245750685667,0.119173993941205,1.1));
#5065=CARTESIAN_POINT('Origin',(-8.47745750685667,0.119173993941205,0.799999999999999));
#5066=CARTESIAN_POINT('Origin',(-7.27745750685668,2.91917399394121,1.1));
#5067=CARTESIAN_POINT('',(-7.10245750685668,2.91917399394121,1.1));
#5068=CARTESIAN_POINT('Origin',(-7.27745750685668,2.91917399394121,1.1));
#5069=CARTESIAN_POINT('',(-7.10245750685668,2.91917399394121,0.799999999999999));
#5070=CARTESIAN_POINT('',(-7.10245750685668,2.91917399394121,1.1));
#5071=CARTESIAN_POINT('Origin',(-7.27745750685668,2.91917399394121,0.799999999999999));
#5072=CARTESIAN_POINT('Origin',(-7.2774575068567,7.71917399394121,1.1));
#5073=CARTESIAN_POINT('',(-7.1024575068567,7.71917399394121,1.1));
#5074=CARTESIAN_POINT('Origin',(-7.2774575068567,7.71917399394121,1.1));
#5075=CARTESIAN_POINT('',(-7.1024575068567,7.71917399394121,0.799999999999999));
#5076=CARTESIAN_POINT('',(-7.1024575068567,7.71917399394121,1.1));
#5077=CARTESIAN_POINT('Origin',(-7.2774575068567,7.71917399394121,0.799999999999999));
#5078=CARTESIAN_POINT('Origin',(-5.27356219097056,6.91917399394121,1.1));
#5079=CARTESIAN_POINT('',(-5.09856219097056,6.91917399394121,1.1));
#5080=CARTESIAN_POINT('Origin',(-5.27356219097056,6.91917399394121,1.1));
#5081=CARTESIAN_POINT('',(-5.09856219097056,6.91917399394121,0.799999999999999));
#5082=CARTESIAN_POINT('',(-5.09856219097056,6.91917399394121,1.1));
#5083=CARTESIAN_POINT('Origin',(-5.27356219097056,6.91917399394121,0.799999999999999));
#5084=CARTESIAN_POINT('Origin',(-5.27966687508453,11.3241739939411,1.1001));
#5085=CARTESIAN_POINT('',(-5.17966687508453,11.3241739939411,1.1));
#5086=CARTESIAN_POINT('Origin',(-5.27966687508453,11.3241739939411,1.1));
#5087=CARTESIAN_POINT('',(-5.17966687508453,11.3241739939411,0.799999999999999));
#5088=CARTESIAN_POINT('',(-5.17966687508453,11.3241739939411,1.1001));
#5089=CARTESIAN_POINT('Origin',(-5.27966687508453,11.3241739939411,0.799999999999999));
#5090=CARTESIAN_POINT('Origin',(-5.27966687508453,8.59417399394109,1.1001));
#5091=CARTESIAN_POINT('',(-5.17966687508453,8.59417399394109,1.1));
#5092=CARTESIAN_POINT('Origin',(-5.27966687508453,8.59417399394109,1.1));
#5093=CARTESIAN_POINT('',(-5.17966687508453,8.59417399394109,0.799999999999999));
#5094=CARTESIAN_POINT('',(-5.17966687508453,8.59417399394109,1.1001));
#5095=CARTESIAN_POINT('Origin',(-5.27966687508453,8.59417399394109,0.799999999999999));
#5096=CARTESIAN_POINT('Origin',(-4.41966687508452,13.2592739939411,0.4));
#5097=CARTESIAN_POINT('',(-4.41966687508452,0.879173993941214,0.575));
#5098=CARTESIAN_POINT('Origin',(-4.41966687508452,0.879173993941214,0.4));
#5099=CARTESIAN_POINT('',(-4.41966687508452,0.579173993941213,0.575));
#5100=CARTESIAN_POINT('',(-4.41966687508452,13.2592739939411,0.575));
#5101=CARTESIAN_POINT('Origin',(-4.41966687508452,0.579173993941213,0.4));
#5102=CARTESIAN_POINT('Origin',(-6.11966687508452,13.2592739939411,0.4));
#5103=CARTESIAN_POINT('',(-6.11966687508452,0.879173993941214,0.575));
#5104=CARTESIAN_POINT('Origin',(-6.11966687508452,0.879173993941214,0.4));
#5105=CARTESIAN_POINT('',(-6.11966687508452,0.579173993941213,0.575));
#5106=CARTESIAN_POINT('',(-6.11966687508452,13.2592739939411,0.575));
#5107=CARTESIAN_POINT('Origin',(-6.11966687508452,0.579173993941213,0.4));
#5108=CARTESIAN_POINT('Origin',(-2.87745750685661,8.9191739939411,1.1));
#5109=CARTESIAN_POINT('',(-2.63745750685661,8.9191739939411,1.1));
#5110=CARTESIAN_POINT('Origin',(-2.87745750685661,8.9191739939411,1.1));
#5111=CARTESIAN_POINT('',(-2.63745750685661,8.9191739939411,0.799999999999999));
#5112=CARTESIAN_POINT('',(-2.63745750685661,8.9191739939411,1.1));
#5113=CARTESIAN_POINT('Origin',(-2.87745750685661,8.9191739939411,0.799999999999999));
#5114=CARTESIAN_POINT('Origin',(-2.87745750685662,9.71917399394109,1.1));
#5115=CARTESIAN_POINT('',(-2.63745750685662,9.71917399394109,1.1));
#5116=CARTESIAN_POINT('Origin',(-2.87745750685662,9.71917399394109,1.1));
#5117=CARTESIAN_POINT('',(-2.63745750685662,9.71917399394109,0.799999999999999));
#5118=CARTESIAN_POINT('',(-2.63745750685662,9.71917399394109,1.1));
#5119=CARTESIAN_POINT('Origin',(-2.87745750685662,9.71917399394109,0.799999999999999));
#5120=CARTESIAN_POINT('Origin',(-7.66966687508452,9.71917399394109,1.1));
#5121=CARTESIAN_POINT('',(-7.42966687508452,9.71917399394109,1.1));
#5122=CARTESIAN_POINT('Origin',(-7.66966687508452,9.71917399394109,1.1));
#5123=CARTESIAN_POINT('',(-7.42966687508452,9.71917399394109,0.799999999999999));
#5124=CARTESIAN_POINT('',(-7.42966687508452,9.71917399394109,1.1));
#5125=CARTESIAN_POINT('Origin',(-7.66966687508452,9.71917399394109,0.799999999999999));
#5126=CARTESIAN_POINT('Origin',(-7.66966687508452,8.9191739939411,1.1));
#5127=CARTESIAN_POINT('',(-7.42966687508452,8.9191739939411,1.1));
#5128=CARTESIAN_POINT('Origin',(-7.66966687508452,8.9191739939411,1.1));
#5129=CARTESIAN_POINT('',(-7.42966687508452,8.9191739939411,0.799999999999999));
#5130=CARTESIAN_POINT('',(-7.42966687508452,8.9191739939411,1.1));
#5131=CARTESIAN_POINT('Origin',(-7.66966687508452,8.9191739939411,0.799999999999999));
#5132=CARTESIAN_POINT('Origin',(-3.66966687508447,-3.88082600605878,1.1));
#5133=CARTESIAN_POINT('',(-3.49466687508447,-3.88082600605878,1.1));
#5134=CARTESIAN_POINT('Origin',(-3.66966687508447,-3.88082600605878,1.1));
#5135=CARTESIAN_POINT('',(-3.49466687508447,-3.88082600605878,0.799999999999999));
#5136=CARTESIAN_POINT('',(-3.49466687508447,-3.88082600605878,1.1));
#5137=CARTESIAN_POINT('Origin',(-3.66966687508447,-3.88082600605878,0.799999999999999));
#5138=CARTESIAN_POINT('Origin',(-8.46966687508453,-2.28082600605889,1.1001));
#5139=CARTESIAN_POINT('',(-8.29466687508453,-2.28082600605889,1.1));
#5140=CARTESIAN_POINT('Origin',(-8.46966687508453,-2.28082600605889,1.1));
#5141=CARTESIAN_POINT('',(-8.29466687508453,-2.28082600605889,0.799999999999999));
#5142=CARTESIAN_POINT('',(-8.29466687508453,-2.28082600605889,1.1001));
#5143=CARTESIAN_POINT('Origin',(-8.46966687508453,-2.28082600605889,0.799999999999999));
#5144=CARTESIAN_POINT('Origin',(-2.06966687508453,-2.28082600605889,1.1001));
#5145=CARTESIAN_POINT('',(-1.89466687508453,-2.28082600605889,1.1));
#5146=CARTESIAN_POINT('Origin',(-2.06966687508453,-2.28082600605889,1.1));
#5147=CARTESIAN_POINT('',(-1.89466687508453,-2.28082600605889,0.799999999999999));
#5148=CARTESIAN_POINT('',(-1.89466687508453,-2.28082600605889,1.1001));
#5149=CARTESIAN_POINT('Origin',(-2.06966687508453,-2.28082600605889,0.799999999999999));
#5150=CARTESIAN_POINT('Origin',(-3.66966687508453,0.119173993941216,1.1));
#5151=CARTESIAN_POINT('',(-3.42966687508453,0.119173993941216,1.1));
#5152=CARTESIAN_POINT('Origin',(-3.66966687508453,0.119173993941216,1.1));
#5153=CARTESIAN_POINT('',(-3.42966687508453,0.119173993941216,0.799999999999999));
#5154=CARTESIAN_POINT('',(-3.42966687508453,0.119173993941216,1.1));
#5155=CARTESIAN_POINT('Origin',(-3.66966687508453,0.119173993941216,0.799999999999999));
#5156=CARTESIAN_POINT('Origin',(-6.86966687508456,-3.88082600605878,1.1));
#5157=CARTESIAN_POINT('',(-6.87356219096859,-4.05578264787078,1.1));
#5158=CARTESIAN_POINT('',(-6.87356219096859,-3.70586936424679,1.1));
#5159=CARTESIAN_POINT('Origin',(-6.86966687508456,-3.88082600605878,1.1));
#5160=CARTESIAN_POINT('',(-6.87356219096859,-4.05578264787078,0.799999999999999));
#5161=CARTESIAN_POINT('',(-6.87356219096859,-4.05578264787078,0.950000000000004));
#5162=CARTESIAN_POINT('',(-6.87356219096859,-3.70586936424679,0.799999999999999));
#5163=CARTESIAN_POINT('Origin',(-6.86966687508456,-3.88082600605878,0.799999999999999));
#5164=CARTESIAN_POINT('',(-6.87356219096859,-3.70586936424679,0.950000000000004));
#5165=CARTESIAN_POINT('Origin',(-6.86966687508453,0.119173993941141,1.1));
#5166=CARTESIAN_POINT('',(-6.87356219097288,-0.12079439254785,1.1));
#5167=CARTESIAN_POINT('',(-6.87356219096826,0.359142380430208,1.1));
#5168=CARTESIAN_POINT('Origin',(-6.86966687508453,0.119173993941141,1.1));
#5169=CARTESIAN_POINT('',(-6.87356219097288,-0.12079439254785,0.799999999999999));
#5170=CARTESIAN_POINT('',(-6.87356219097288,-0.12079439254785,0.950000000000004));
#5171=CARTESIAN_POINT('',(-6.87356219096826,0.359142380430208,0.799999999999999));
#5172=CARTESIAN_POINT('Origin',(-6.86966687508453,0.119173993941141,0.799999999999999));
#5173=CARTESIAN_POINT('',(-6.87356219096826,0.359142380430208,0.950000000000004));
#5174=CARTESIAN_POINT('Origin',(0.,0.,0.799999999999999));
#5175=CARTESIAN_POINT('',(-4.02966687508447,-4.58861632754886,0.799999999999999));
#5176=CARTESIAN_POINT('',(-4.02966687508447,-4.98861632754886,0.799999999999999));
#5177=CARTESIAN_POINT('',(-4.02966687508447,-4.68861632754886,0.799999999999999));
#5178=CARTESIAN_POINT('',(-6.51745750685666,-4.58861632754886,0.799999999999999));
#5179=CARTESIAN_POINT('',(-6.51745750685666,-4.58861632754886,0.799999999999999));
#5180=CARTESIAN_POINT('',(-6.51745750685666,-4.98861632754886,0.799999999999999));
#5181=CARTESIAN_POINT('',(-6.51745750685666,-4.68861632754886,0.799999999999999));
#5182=CARTESIAN_POINT('',(-7.8193269995619,-4.98861632754886,0.799999999999999));
#5183=CARTESIAN_POINT('',(-8.8193269995619,-4.98861632754886,0.799999999999999));
#5184=CARTESIAN_POINT('',(-8.8193269995619,-3.98861632754886,0.799999999999999));
#5185=CARTESIAN_POINT('Origin',(-7.8193269995619,-3.98861632754886,0.799999999999999));
#5186=CARTESIAN_POINT('',(-8.8193269995619,-3.78861632754886,0.799999999999999));
#5187=CARTESIAN_POINT('',(-8.8193269995619,-3.78861632754886,0.799999999999999));
#5188=CARTESIAN_POINT('',(-8.18966687508452,-3.78861632754886,0.799999999999999));
#5189=CARTESIAN_POINT('',(-8.8193269995619,-3.78861632754886,0.799999999999999));
#5190=CARTESIAN_POINT('',(-8.18966687508453,-2.6808260060589,0.799999999999999));
#5191=CARTESIAN_POINT('',(-8.18966687508453,-3.48082600605878,0.799999999999999));
#5192=CARTESIAN_POINT('',(-8.78841646791835,-2.6808260060589,0.799999999999999));
#5193=CARTESIAN_POINT('',(-8.18966687508453,-2.6808260060589,0.799999999999999));
#5194=CARTESIAN_POINT('',(-8.82966687508453,-2.2808260060589,0.799999999999999));
#5195=CARTESIAN_POINT('Origin',(-6.86966687508452,-2.28082600605885,0.799999999999999));
#5196=CARTESIAN_POINT('',(-8.82966687508453,0.188840450367287,0.799999999999999));
#5197=CARTESIAN_POINT('',(-8.82966687508453,-1.0808260060589,0.799999999999999));
#5198=CARTESIAN_POINT('',(-8.55467402120033,0.469805515814303,0.799999999999999));
#5199=CARTESIAN_POINT('Origin',(-8.47745750685667,0.119173993941205,0.799999999999999));
#5200=CARTESIAN_POINT('',(-8.03745750685661,0.469805515814303,0.799999999999999));
#5201=CARTESIAN_POINT('',(-8.03745750685661,0.469805515814303,0.799999999999999));
#5202=CARTESIAN_POINT('',(-7.73745750685661,0.469805515814303,0.799999999999999));
#5203=CARTESIAN_POINT('',(-8.03745750685661,0.469805515814303,0.799999999999999));
#5204=CARTESIAN_POINT('',(-7.73745750685661,2.32917399394121,0.799999999999999));
#5205=CARTESIAN_POINT('',(-7.73745750685661,2.32917399394121,0.799999999999999));
#5206=CARTESIAN_POINT('',(-6.68029687636484,2.32917399394121,0.799999999999999));
#5207=CARTESIAN_POINT('',(-6.88029687636484,2.32917399394121,0.799999999999999));
#5208=CARTESIAN_POINT('',(-6.68029687636484,4.32917399394121,0.799999999999999));
#5209=CARTESIAN_POINT('',(-6.68029687636484,4.32917399394121,0.799999999999999));
#5210=CARTESIAN_POINT('',(-7.73745750685661,4.32917399394121,0.799999999999999));
#5211=CARTESIAN_POINT('',(-6.68029687636484,4.32917399394121,0.799999999999999));
#5212=CARTESIAN_POINT('',(-7.73745750685661,6.76917399394121,0.799999999999999));
#5213=CARTESIAN_POINT('',(-7.73745750685661,6.76917399394121,0.799999999999999));
#5214=CARTESIAN_POINT('',(-5.64437211532535,6.76917399394121,0.799999999999999));
#5215=CARTESIAN_POINT('',(-5.64437211532535,6.76917399394121,0.799999999999999));
#5216=CARTESIAN_POINT('',(-5.64437211532535,7.06917399394121,0.799999999999999));
#5217=CARTESIAN_POINT('Origin',(-5.27356219097056,6.91917399394121,0.799999999999999));
#5218=CARTESIAN_POINT('',(-7.73745750685661,7.06917399394121,0.799999999999999));
#5219=CARTESIAN_POINT('',(-5.64437211532535,7.06917399394121,0.799999999999999));
#5220=CARTESIAN_POINT('',(-7.73745750685661,8.08417399394109,0.799999999999999));
#5221=CARTESIAN_POINT('',(-7.73745750685661,8.08417399394109,0.799999999999999));
#5222=CARTESIAN_POINT('',(-5.69856219097057,8.08417399394109,0.799999999999999));
#5223=CARTESIAN_POINT('',(-2.80966687508453,8.08417399394109,0.799999999999999));
#5224=CARTESIAN_POINT('',(-5.69856219097057,7.73417399394109,0.799999999999999));
#5225=CARTESIAN_POINT('',(-5.69856219097057,8.08417399394109,0.799999999999999));
#5226=CARTESIAN_POINT('',(-4.84856219097057,7.73417399394109,0.799999999999999));
#5227=CARTESIAN_POINT('',(-4.84856219097057,7.73417399394109,0.799999999999999));
#5228=CARTESIAN_POINT('',(-4.84856219097057,8.08417399394109,0.799999999999999));
#5229=CARTESIAN_POINT('',(-4.84856219097057,8.08417399394109,0.799999999999999));
#5230=CARTESIAN_POINT('',(-2.80966687508453,8.08417399394109,0.799999999999999));
#5231=CARTESIAN_POINT('',(-2.80966687508453,8.08417399394109,0.799999999999999));
#5232=CARTESIAN_POINT('',(-2.80966687508453,7.06917399394121,0.799999999999999));
#5233=CARTESIAN_POINT('',(-2.80966687508453,8.08417399394109,0.799999999999999));
#5234=CARTESIAN_POINT('',(-2.80966687508453,7.06917399394121,0.799999999999999));
#5235=CARTESIAN_POINT('',(-2.80966687508453,6.76917399394121,0.799999999999999));
#5236=CARTESIAN_POINT('',(-2.80966687508453,6.76917399394121,0.799999999999999));
#5237=CARTESIAN_POINT('',(-2.80966687508453,4.32917399394121,0.799999999999999));
#5238=CARTESIAN_POINT('',(-2.80966687508453,6.76917399394121,0.799999999999999));
#5239=CARTESIAN_POINT('',(-3.90903687380419,4.32917399394121,0.799999999999999));
#5240=CARTESIAN_POINT('',(-3.70903687380419,4.32917399394121,0.799999999999999));
#5241=CARTESIAN_POINT('',(-3.90903687380419,2.32917399394121,0.799999999999999));
#5242=CARTESIAN_POINT('',(-3.90903687380419,4.32917399394121,0.799999999999999));
#5243=CARTESIAN_POINT('',(-2.80966687508453,2.32917399394121,0.799999999999999));
#5244=CARTESIAN_POINT('',(-3.90903687380419,2.32917399394121,0.799999999999999));
#5245=CARTESIAN_POINT('',(-2.80966687508453,0.478207215549498,0.799999999999999));
#5246=CARTESIAN_POINT('',(-2.80966687508453,2.32917399394121,0.799999999999999));
#5247=CARTESIAN_POINT('',(-2.50966687508453,0.478207215549498,0.799999999999999));
#5248=CARTESIAN_POINT('',(-2.50966687508453,0.478207215549498,0.799999999999999));
#5249=CARTESIAN_POINT('',(-2.06966687508445,0.478207215549498,0.799999999999999));
#5250=CARTESIAN_POINT('',(-2.50966687508453,0.478207215549498,0.799999999999999));
#5251=CARTESIAN_POINT('',(-1.71063365347616,0.119173993941205,0.799999999999999));
#5252=CARTESIAN_POINT('Origin',(-2.06966687508445,0.119173993941205,0.799999999999999));
#5253=CARTESIAN_POINT('',(-1.70966687508453,0.119173993941205,0.799999999999999));
#5254=CARTESIAN_POINT('',(-1.71063365347616,0.119173993941205,0.799999999999999));
#5255=CARTESIAN_POINT('',(-1.70966687508453,-2.28082600605889,0.799999999999999));
#5256=CARTESIAN_POINT('',(-1.70966687508453,-1.08082600605889,0.799999999999999));
#5257=CARTESIAN_POINT('',(-1.75091728225071,-2.6808260060589,0.799999999999999));
#5258=CARTESIAN_POINT('Origin',(-3.66966687508454,-2.28082600605885,0.799999999999999));
#5259=CARTESIAN_POINT('',(-2.34966687508453,-2.6808260060589,0.799999999999999));
#5260=CARTESIAN_POINT('',(-2.34966687508453,-2.6808260060589,0.799999999999999));
#5261=CARTESIAN_POINT('',(-2.34966687508453,-3.78055859171348,0.799999999999999));
#5262=CARTESIAN_POINT('',(-2.34966687508453,-3.48082600605878,0.799999999999999));
#5263=CARTESIAN_POINT('',(-1.72000675060715,-3.78055859171348,0.799999999999999));
#5264=CARTESIAN_POINT('',(-1.72000675060715,-3.78055859171348,0.799999999999999));
#5265=CARTESIAN_POINT('',(-1.72000675060715,-3.98861632754886,0.799999999999999));
#5266=CARTESIAN_POINT('',(-1.72000675060715,-3.78055859171348,0.799999999999999));
#5267=CARTESIAN_POINT('',(-2.72000675060715,-4.98861632754886,0.799999999999999));
#5268=CARTESIAN_POINT('Origin',(-2.72000675060715,-3.98861632754886,0.799999999999999));
#5269=CARTESIAN_POINT('',(-8.8193269995619,-4.98861632754886,0.799999999999999));
#5270=CARTESIAN_POINT('',(-6.50966687508453,-4.54082600605886,0.799999999999999));
#5271=CARTESIAN_POINT('',(-6.50966687508454,-3.48082600605878,0.799999999999999));
#5272=CARTESIAN_POINT('',(-6.50966687508454,-3.08082600605896,0.799999999999999));
#5273=CARTESIAN_POINT('',(-4.02966687508447,-4.54082600605886,0.799999999999999));
#5274=CARTESIAN_POINT('',(-4.02966687508447,-4.54082600605886,0.799999999999999));
#5275=CARTESIAN_POINT('',(-4.02966687508447,-3.48082600605879,0.799999999999999));
#5276=CARTESIAN_POINT('',(-4.02966687508447,-3.0808260060589,0.799999999999999));
#5277=CARTESIAN_POINT('',(-3.15966687508451,-3.48082600605879,0.799999999999999));
#5278=CARTESIAN_POINT('',(-5.72347923080625E-16,-3.48082600605879,0.799999999999999));
#5279=CARTESIAN_POINT('',(-3.15966687508451,-1.0208260060588,0.799999999999999));
#5280=CARTESIAN_POINT('',(-3.15966687508451,0.,0.799999999999999));
#5281=CARTESIAN_POINT('',(-4.27696614515748,-1.0208260060588,0.799999999999999));
#5282=CARTESIAN_POINT('',(-1.58493868655457E-16,-1.0208260060588,0.799999999999999));
#5283=CARTESIAN_POINT('',(-4.46966687508452,-0.420826006058787,0.799999999999999));
#5284=CARTESIAN_POINT('',(-4.17425340463569,-1.34063612995615,0.799999999999999));
#5285=CARTESIAN_POINT('',(-4.51966687508452,-0.420826006058787,0.799999999999999));
#5286=CARTESIAN_POINT('',(-4.51966687508452,-0.420826006058787,0.799999999999999));
#5287=CARTESIAN_POINT('',(-4.61966687508452,-0.320826006058786,0.799999999999999));
#5288=CARTESIAN_POINT('Origin',(-4.51966687508452,-0.320826006058787,0.799999999999999));
#5289=CARTESIAN_POINT('',(-4.61966687508452,0.479173993941213,0.799999999999999));
#5290=CARTESIAN_POINT('',(-4.61966687508452,0.679173993941212,0.799999999999999));
#5291=CARTESIAN_POINT('',(-3.95903687380419,0.479173993941213,0.799999999999999));
#5292=CARTESIAN_POINT('',(-4.05903687380419,0.479173993941213,0.799999999999999));
#5293=CARTESIAN_POINT('',(-3.95903687380419,0.879173993941213,0.799999999999999));
#5294=CARTESIAN_POINT('',(-3.95903687380419,0.879173993941213,0.799999999999999));
#5295=CARTESIAN_POINT('',(-4.05903687380419,0.879173993941213,0.799999999999999));
#5296=CARTESIAN_POINT('',(-5.26966687508452,0.879173993941214,0.799999999999999));
#5297=CARTESIAN_POINT('',(-4.05903687380419,5.77917399394121,0.799999999999999));
#5298=CARTESIAN_POINT('',(-4.05903687380419,5.77917399394121,0.799999999999999));
#5299=CARTESIAN_POINT('',(-3.95903687380419,5.77917399394121,0.799999999999999));
#5300=CARTESIAN_POINT('',(1.11391875544939E-15,5.77917399394121,0.799999999999999));
#5301=CARTESIAN_POINT('',(-3.95903687380419,6.17917399394121,0.799999999999999));
#5302=CARTESIAN_POINT('',(-3.95903687380419,6.07917399394121,0.799999999999999));
#5303=CARTESIAN_POINT('',(-4.71966687508452,6.17917399394121,0.799999999999999));
#5304=CARTESIAN_POINT('',(-4.61966687508452,6.17917399394121,0.799999999999999));
#5305=CARTESIAN_POINT('',(-4.71966687508452,5.77917399394121,0.799999999999999));
#5306=CARTESIAN_POINT('',(-4.71966687508452,5.77917399394121,0.799999999999999));
#5307=CARTESIAN_POINT('',(-5.12966687508453,5.77917399394121,0.799999999999999));
#5308=CARTESIAN_POINT('',(-4.05903687380419,5.77917399394121,0.799999999999999));
#5309=CARTESIAN_POINT('',(-5.12966687508453,6.27917399394121,0.799999999999999));
#5310=CARTESIAN_POINT('',(-5.12966687508453,5.77917399394121,0.799999999999999));
#5311=CARTESIAN_POINT('',(-5.42966687508453,6.27917399394121,0.799999999999999));
#5312=CARTESIAN_POINT('',(-5.42966687508453,6.27917399394121,0.799999999999999));
#5313=CARTESIAN_POINT('',(-5.42966687508453,5.77917399394121,0.799999999999999));
#5314=CARTESIAN_POINT('',(-5.42966687508453,5.77917399394121,0.799999999999999));
#5315=CARTESIAN_POINT('',(-5.81966687508452,5.77917399394121,0.799999999999999));
#5316=CARTESIAN_POINT('',(-4.05903687380419,5.77917399394121,0.799999999999999));
#5317=CARTESIAN_POINT('',(-5.81966687508452,6.17917399394121,0.799999999999999));
#5318=CARTESIAN_POINT('',(-5.81966687508452,6.07917399394121,0.799999999999999));
#5319=CARTESIAN_POINT('',(-6.58029687636484,6.17917399394121,0.799999999999999));
#5320=CARTESIAN_POINT('',(-6.48029687636484,6.17917399394121,0.799999999999999));
#5321=CARTESIAN_POINT('',(-6.58029687636484,5.77917399394121,0.799999999999999));
#5322=CARTESIAN_POINT('',(-6.58029687636484,5.77917399394121,0.799999999999999));
#5323=CARTESIAN_POINT('',(-6.48029687636484,5.77917399394121,0.799999999999999));
#5324=CARTESIAN_POINT('',(1.11391875544939E-15,5.77917399394121,0.799999999999999));
#5325=CARTESIAN_POINT('',(-6.48029687636484,0.879173993941214,0.799999999999999));
#5326=CARTESIAN_POINT('',(-6.48029687636484,5.77917399394121,0.799999999999999));
#5327=CARTESIAN_POINT('',(-6.58029687636484,0.879173993941214,0.799999999999999));
#5328=CARTESIAN_POINT('',(-5.26966687508452,0.879173993941214,0.799999999999999));
#5329=CARTESIAN_POINT('',(-6.58029687636484,0.479173993941213,0.799999999999999));
#5330=CARTESIAN_POINT('',(-6.58029687636484,0.579173993941213,0.799999999999999));
#5331=CARTESIAN_POINT('',(-5.91966687508452,0.479173993941214,0.799999999999999));
#5332=CARTESIAN_POINT('',(-5.91966687508452,0.479173993941213,0.799999999999999));
#5333=CARTESIAN_POINT('',(-5.91966687508452,-0.320826006058786,0.799999999999999));
#5334=CARTESIAN_POINT('',(-5.91966687508452,-0.320826006058786,0.799999999999999));
#5335=CARTESIAN_POINT('',(-6.01966687508452,-0.420826006058786,0.799999999999999));
#5336=CARTESIAN_POINT('Origin',(-6.01966687508452,-0.320826006058786,0.799999999999999));
#5337=CARTESIAN_POINT('',(-6.06966687508452,-0.420826006058786,0.799999999999999));
#5338=CARTESIAN_POINT('',(-6.06966687508452,-0.420826006058786,0.799999999999999));
#5339=CARTESIAN_POINT('',(-6.26236760501155,-1.0208260060588,0.799999999999999));
#5340=CARTESIAN_POINT('',(-5.37961064544488,1.72775816350074,0.799999999999999));
#5341=CARTESIAN_POINT('',(-7.37966687508463,-1.0208260060588,0.799999999999999));
#5342=CARTESIAN_POINT('',(0.,-1.0208260060588,0.799999999999999));
#5343=CARTESIAN_POINT('',(-7.37966687508463,-3.48082600605878,0.799999999999999));
#5344=CARTESIAN_POINT('',(-7.37966687508463,0.,0.799999999999999));
#5345=CARTESIAN_POINT('',(-5.72347923080625E-16,-3.48082600605879,0.799999999999999));
#5346=CARTESIAN_POINT('Origin',(-6.87745750685661,0.119173993941216,0.799999999999999));
#5347=CARTESIAN_POINT('Origin',(-6.87745750685667,-3.88082600605878,0.799999999999999));
#5348=CARTESIAN_POINT('',(-3.55903687380419,4.62917399394121,0.799999999999999));
#5349=CARTESIAN_POINT('',(-3.75903687380419,4.62917399394121,0.799999999999999));
#5350=CARTESIAN_POINT('',(-3.55903687380419,4.62917399394121,0.799999999999999));
#5351=CARTESIAN_POINT('',(-3.55903687380419,5.02917399394121,0.799999999999999));
#5352=CARTESIAN_POINT('',(-3.55903687380419,5.02917399394121,0.799999999999999));
#5353=CARTESIAN_POINT('',(-3.75903687380419,5.02917399394121,0.799999999999999));
#5354=CARTESIAN_POINT('',(-3.55903687380419,5.02917399394121,0.799999999999999));
#5355=CARTESIAN_POINT('',(-3.75903687380419,5.02917399394121,0.799999999999999));
#5356=CARTESIAN_POINT('',(-3.55903687380419,1.62917399394121,0.799999999999999));
#5357=CARTESIAN_POINT('',(-3.75903687380419,1.62917399394121,0.799999999999999));
#5358=CARTESIAN_POINT('',(-3.55903687380419,1.62917399394121,0.799999999999999));
#5359=CARTESIAN_POINT('',(-3.55903687380419,2.02917399394121,0.799999999999999));
#5360=CARTESIAN_POINT('',(-3.55903687380419,2.02917399394121,0.799999999999999));
#5361=CARTESIAN_POINT('',(-3.75903687380419,2.02917399394121,0.799999999999999));
#5362=CARTESIAN_POINT('',(-3.55903687380419,2.02917399394121,0.799999999999999));
#5363=CARTESIAN_POINT('',(-3.75903687380419,2.02917399394121,0.799999999999999));
#5364=CARTESIAN_POINT('',(-6.78029687636485,2.02917399394121,0.799999999999999));
#5365=CARTESIAN_POINT('',(-6.78029687636485,1.62917399394121,0.799999999999999));
#5366=CARTESIAN_POINT('',(-6.78029687636485,2.02917399394121,0.799999999999999));
#5367=CARTESIAN_POINT('',(-6.98029687636485,2.02917399394121,0.799999999999999));
#5368=CARTESIAN_POINT('',(-6.98029687636485,2.02917399394121,0.799999999999999));
#5369=CARTESIAN_POINT('',(-6.98029687636485,1.62917399394121,0.799999999999999));
#5370=CARTESIAN_POINT('',(-6.98029687636485,2.02917399394121,0.799999999999999));
#5371=CARTESIAN_POINT('',(-6.98029687636485,1.62917399394121,0.799999999999999));
#5372=CARTESIAN_POINT('',(-6.78029687636485,5.02917399394121,0.799999999999999));
#5373=CARTESIAN_POINT('',(-6.78029687636485,4.62917399394121,0.799999999999999));
#5374=CARTESIAN_POINT('',(-6.78029687636485,5.02917399394121,0.799999999999999));
#5375=CARTESIAN_POINT('',(-6.98029687636485,5.02917399394122,0.799999999999999));
#5376=CARTESIAN_POINT('',(-6.98029687636485,5.02917399394122,0.799999999999999));
#5377=CARTESIAN_POINT('',(-6.98029687636485,4.62917399394122,0.799999999999999));
#5378=CARTESIAN_POINT('',(-6.98029687636485,5.02917399394122,0.799999999999999));
#5379=CARTESIAN_POINT('',(-6.98029687636485,4.62917399394122,0.799999999999999));
#5380=CARTESIAN_POINT('Origin',(0.,0.,0.799999999999999));
#5381=CARTESIAN_POINT('',(-8.03745750685661,8.23417399394109,0.799999999999999));
#5382=CARTESIAN_POINT('',(-6.26236760501155,8.23417399394109,0.799999999999999));
#5383=CARTESIAN_POINT('',(-6.26236760501155,8.23417399394109,0.799999999999999));
#5384=CARTESIAN_POINT('',(-8.03745750685661,10.1191739939411,0.799999999999999));
#5385=CARTESIAN_POINT('',(-8.03745750685661,13.2591739939411,0.799999999999999));
#5386=CARTESIAN_POINT('',(-7.51966687508452,10.1191739939411,0.799999999999999));
#5387=CARTESIAN_POINT('',(-7.51966687508452,10.1191739939411,0.799999999999999));
#5388=CARTESIAN_POINT('',(-7.26966687508452,9.8691739939411,0.799999999999999));
#5389=CARTESIAN_POINT('Origin',(-7.51966687508452,9.8691739939411,0.799999999999999));
#5390=CARTESIAN_POINT('',(-7.26966687508452,9.31917399394108,0.799999999999999));
#5391=CARTESIAN_POINT('',(-7.26966687508452,9.31917399394108,0.799999999999999));
#5392=CARTESIAN_POINT('',(-6.26236760501155,9.31917399394107,0.799999999999999));
#5393=CARTESIAN_POINT('',(-6.46966687508452,9.31917399394107,0.799999999999999));
#5394=CARTESIAN_POINT('',(-6.26236760501155,9.31917399394107,0.799999999999999));
#5395=CARTESIAN_POINT('Origin',(0.,0.,0.799999999999999));
#5396=CARTESIAN_POINT('',(-6.26236760501155,9.61917399394107,0.799999999999999));
#5397=CARTESIAN_POINT('',(-5.91966687508453,9.61917399394107,0.799999999999999));
#5398=CARTESIAN_POINT('',(-6.26236760501155,9.61917399394107,0.799999999999999));
#5399=CARTESIAN_POINT('',(-6.26236760501155,10.4191739939411,0.799999999999999));
#5400=CARTESIAN_POINT('',(-6.26236760501155,0.,0.799999999999999));
#5401=CARTESIAN_POINT('',(-7.96236760501153,12.1191739939411,0.799999999999999));
#5402=CARTESIAN_POINT('Origin',(-7.99991255593407,10.3816290430186,0.799999999999999));
#5403=CARTESIAN_POINT('',(-2.57696614515749,12.1191739939411,0.799999999999999));
#5404=CARTESIAN_POINT('',(-2.50966687508453,12.1191739939411,0.799999999999999));
#5405=CARTESIAN_POINT('',(-4.27696614515748,10.4191739939411,0.799999999999999));
#5406=CARTESIAN_POINT('Origin',(-2.54331651012101,10.3855243589046,0.799999999999999));
#5407=CARTESIAN_POINT('',(-4.27696614515748,9.61917399394107,0.799999999999999));
#5408=CARTESIAN_POINT('',(-4.27696614515748,0.,0.799999999999999));
#5409=CARTESIAN_POINT('',(-4.63966687508453,9.61917399394107,0.799999999999999));
#5410=CARTESIAN_POINT('',(-4.27696614515748,9.61917399394107,0.799999999999999));
#5411=CARTESIAN_POINT('',(-4.63966687508453,11.1341739939411,0.799999999999999));
#5412=CARTESIAN_POINT('',(-4.63966687508453,11.1341739939411,0.799999999999999));
#5413=CARTESIAN_POINT('',(-5.91966687508453,11.1341739939411,0.799999999999999));
#5414=CARTESIAN_POINT('',(0.,11.1341739939411,0.799999999999999));
#5415=CARTESIAN_POINT('',(-5.91966687508453,11.1341739939411,0.799999999999999));
#5416=CARTESIAN_POINT('Origin',(0.,0.,0.799999999999999));
#5417=CARTESIAN_POINT('',(-5.91966687508453,8.78417399394109,0.799999999999999));
#5418=CARTESIAN_POINT('',(-5.91966687508453,8.22887155961931,0.799999999999999));
#5419=CARTESIAN_POINT('',(-5.91966687508453,9.61917399394107,0.799999999999999));
#5420=CARTESIAN_POINT('',(-4.63966687508453,8.78417399394109,0.799999999999999));
#5421=CARTESIAN_POINT('',(0.,8.78417399394109,0.799999999999999));
#5422=CARTESIAN_POINT('',(-4.63966687508453,8.23105391200898,0.799999999999999));
#5423=CARTESIAN_POINT('',(-4.63966687508453,9.61917399394107,0.799999999999999));
#5424=CARTESIAN_POINT('',(-4.63966687508453,8.23105391200898,0.799999999999999));
#5425=CARTESIAN_POINT('Origin',(0.,0.,0.799999999999999));
#5426=CARTESIAN_POINT('',(-4.27696614515748,8.23417399394109,0.799999999999999));
#5427=CARTESIAN_POINT('',(-2.50966687508453,8.23417399394109,0.8));
#5428=CARTESIAN_POINT('',(-2.50966687508453,8.23417399394109,0.799999999999999));
#5429=CARTESIAN_POINT('',(-4.27696614515748,9.31917399394107,0.799999999999999));
#5430=CARTESIAN_POINT('',(-4.27696614515748,9.31917399394107,0.799999999999999));
#5431=CARTESIAN_POINT('',(-3.27745750685662,9.31917399394106,0.799999999999999));
#5432=CARTESIAN_POINT('',(-4.07745750685662,9.31917399394107,0.799999999999999));
#5433=CARTESIAN_POINT('',(-3.27745750685662,9.86917399394109,0.799999999999999));
#5434=CARTESIAN_POINT('',(-3.27745750685662,9.31917399394106,0.799999999999999));
#5435=CARTESIAN_POINT('',(-3.02745750685662,10.1191739939411,0.799999999999999));
#5436=CARTESIAN_POINT('Origin',(-3.02745750685661,9.86917399394109,0.799999999999999));
#5437=CARTESIAN_POINT('',(-2.50966687508453,10.1191739939411,0.799999999999999));
#5438=CARTESIAN_POINT('',(-3.02745750685662,10.1191739939411,0.799999999999999));
#5439=CARTESIAN_POINT('',(-2.50966687508453,7.7191739939411,0.8));
#5440=CARTESIAN_POINT('Origin',(0.,0.,0.799999999999999));
#5441=CARTESIAN_POINT('',(-3.70903687380419,2.52917399394121,0.799999999999999));
#5442=CARTESIAN_POINT('',(-3.70903687380419,4.12917399394121,0.799999999999999));
#5443=CARTESIAN_POINT('',(-3.70903687380419,4.12917399394121,0.799999999999999));
#5444=CARTESIAN_POINT('',(-2.80966687508453,4.12917399394121,0.799999999999999));
#5445=CARTESIAN_POINT('',(-3.70903687380419,4.12917399394121,0.799999999999999));
#5446=CARTESIAN_POINT('',(-2.80966687508453,2.52917399394121,0.799999999999999));
#5447=CARTESIAN_POINT('',(-2.80966687508453,4.12917399394121,0.799999999999999));
#5448=CARTESIAN_POINT('',(-3.70903687380419,2.52917399394121,0.799999999999999));
#5449=CARTESIAN_POINT('Origin',(-4.63966687508453,11.1341739939411,1.1));
#5450=CARTESIAN_POINT('',(-4.63966687508453,9.61917399394107,0.499999999999999));
#5451=CARTESIAN_POINT('',(-4.63966687508453,9.61917399394107,0.499999999999999));
#5452=CARTESIAN_POINT('',(-4.63966687508453,8.23105391200898,0.499999999999999));
#5453=CARTESIAN_POINT('',(-4.63966687508453,9.61917399394107,0.499999999999999));
#5454=CARTESIAN_POINT('',(-4.63966687508453,8.23105391200898,0.499999999999999));
#5455=CARTESIAN_POINT('',(-4.63966687508453,8.78417399394109,1.1));
#5456=CARTESIAN_POINT('',(-4.63966687508453,8.78417399394109,1.1));
#5457=CARTESIAN_POINT('',(-4.63966687508453,11.1341739939411,1.1));
#5458=CARTESIAN_POINT('',(-4.63966687508453,11.1341739939411,1.1));
#5459=CARTESIAN_POINT('',(-4.63966687508453,11.1341739939411,1.1));
#5460=CARTESIAN_POINT('Origin',(-5.91966687508453,11.1341739939411,1.1));
#5461=CARTESIAN_POINT('',(-5.91966687508453,11.1341739939411,1.1));
#5462=CARTESIAN_POINT('',(-5.91966687508453,11.1341739939411,1.1));
#5463=CARTESIAN_POINT('',(-5.91966687508453,8.78417399394109,1.1));
#5464=CARTESIAN_POINT('',(-5.91966687508453,11.1341739939411,1.1));
#5465=CARTESIAN_POINT('',(-5.91966687508453,8.78417399394109,1.1));
#5466=CARTESIAN_POINT('',(-5.91966687508453,8.22887155961931,0.499999999999999));
#5467=CARTESIAN_POINT('',(-5.91966687508453,8.22887155961931,0.499999999999999));
#5468=CARTESIAN_POINT('',(-5.91966687508453,9.61917399394107,0.499999999999999));
#5469=CARTESIAN_POINT('',(-5.91966687508453,9.61917399394107,0.499999999999999));
#5470=CARTESIAN_POINT('',(-5.91966687508453,9.61917399394107,0.499999999999999));
#5471=CARTESIAN_POINT('Origin',(0.,0.,0.799999999999999));
#5472=CARTESIAN_POINT('',(-7.73745750685661,2.52917399394121,0.799999999999999));
#5473=CARTESIAN_POINT('',(-7.73745750685661,4.12917399394121,0.799999999999999));
#5474=CARTESIAN_POINT('',(-7.73745750685661,4.12917399394121,0.799999999999999));
#5475=CARTESIAN_POINT('',(-6.88029687636484,4.12917399394121,0.799999999999999));
#5476=CARTESIAN_POINT('',(-6.88029687636484,4.12917399394121,0.799999999999999));
#5477=CARTESIAN_POINT('',(-6.88029687636484,2.52917399394121,0.799999999999999));
#5478=CARTESIAN_POINT('',(-6.88029687636484,4.12917399394121,0.799999999999999));
#5479=CARTESIAN_POINT('',(-6.88029687636484,2.52917399394121,0.799999999999999));
#5480=CARTESIAN_POINT('Origin',(-1.70966687508453,0.,1.1));
#5481=CARTESIAN_POINT('',(-1.70966687508453,0.119173993941205,1.1));
#5482=CARTESIAN_POINT('',(-1.70966687508453,0.119173993941205,1.1));
#5483=CARTESIAN_POINT('',(-1.70966687508453,-2.28082600605889,1.1));
#5484=CARTESIAN_POINT('',(-1.70966687508453,0.,1.1));
#5485=CARTESIAN_POINT('',(-1.70966687508453,-2.28082600605889,1.1));
#5486=CARTESIAN_POINT('Origin',(-8.82966687508453,0.,1.1));
#5487=CARTESIAN_POINT('',(-8.82966687508453,0.188840450367287,1.1));
#5488=CARTESIAN_POINT('',(-8.82966687508453,0.188840450367287,1.1));
#5489=CARTESIAN_POINT('',(-8.82966687508453,-2.2808260060589,1.1));
#5490=CARTESIAN_POINT('',(-8.82966687508453,-2.2808260060589,1.1));
#5491=CARTESIAN_POINT('',(-8.82966687508453,0.,1.1));
#5492=CARTESIAN_POINT('Origin',(0.,0.,1.1));
#5493=CARTESIAN_POINT('',(-8.8193269995619,-3.98861632754886,1.1));
#5494=CARTESIAN_POINT('',(-8.8193269995619,-3.78861632754886,1.1));
#5495=CARTESIAN_POINT('',(-8.8193269995619,-3.78861632754886,1.1));
#5496=CARTESIAN_POINT('',(-7.8193269995619,-4.98861632754886,1.1));
#5497=CARTESIAN_POINT('Origin',(-7.8193269995619,-3.98861632754886,1.1));
#5498=CARTESIAN_POINT('',(-2.72000675060715,-4.98861632754886,1.1));
#5499=CARTESIAN_POINT('',(-8.8193269995619,-4.98861632754886,1.1));
#5500=CARTESIAN_POINT('',(-1.72000675060715,-3.98861632754886,1.1));
#5501=CARTESIAN_POINT('Origin',(-2.72000675060715,-3.98861632754886,1.1));
#5502=CARTESIAN_POINT('',(-1.72000675060715,-3.78055859171348,1.1));
#5503=CARTESIAN_POINT('',(-1.72000675060715,-3.78055859171348,1.1));
#5504=CARTESIAN_POINT('',(-2.34966687508453,-3.78055859171348,1.1));
#5505=CARTESIAN_POINT('',(-1.72000675060715,-3.78055859171348,1.1));
#5506=CARTESIAN_POINT('',(-2.34966687508453,-2.6808260060589,1.1));
#5507=CARTESIAN_POINT('',(-2.34966687508453,-3.48082600605878,1.1));
#5508=CARTESIAN_POINT('',(-1.75091728225071,-2.6808260060589,1.1));
#5509=CARTESIAN_POINT('',(-2.34966687508453,-2.6808260060589,1.1));
#5510=CARTESIAN_POINT('Origin',(-3.66966687508453,-2.28082600605885,1.1));
#5511=CARTESIAN_POINT('',(-1.71063365347616,0.119173993941205,1.1));
#5512=CARTESIAN_POINT('',(-1.71063365347616,0.119173993941205,1.1));
#5513=CARTESIAN_POINT('',(-2.06966687508445,0.478207215549498,1.1));
#5514=CARTESIAN_POINT('Origin',(-2.06966687508445,0.119173993941205,1.1));
#5515=CARTESIAN_POINT('',(-2.50966687508453,0.478207215549498,1.1));
#5516=CARTESIAN_POINT('',(-2.50966687508453,0.478207215549498,1.1));
#5517=CARTESIAN_POINT('',(-2.50966687508453,10.1191739939411,1.1));
#5518=CARTESIAN_POINT('',(-2.50966687508453,9.89449555702383E-17,1.1));
#5519=CARTESIAN_POINT('',(-3.02745750685662,10.1191739939411,1.1));
#5520=CARTESIAN_POINT('',(-3.02745750685662,10.1191739939411,1.1));
#5521=CARTESIAN_POINT('',(-3.27745750685662,9.86917399394109,1.1));
#5522=CARTESIAN_POINT('Origin',(-3.02745750685661,9.86917399394109,1.1));
#5523=CARTESIAN_POINT('',(-3.27745750685662,9.31917399394106,1.1));
#5524=CARTESIAN_POINT('',(-3.27745750685662,9.31917399394106,1.1));
#5525=CARTESIAN_POINT('',(-4.27696614515748,9.31917399394107,1.1));
#5526=CARTESIAN_POINT('',(-4.07745750685662,9.31917399394107,1.1));
#5527=CARTESIAN_POINT('',(-4.27696614515748,10.4191739939411,1.1));
#5528=CARTESIAN_POINT('',(-4.27696614515748,9.31917399394107,1.1));
#5529=CARTESIAN_POINT('',(-2.57696614515749,12.1191739939411,1.1));
#5530=CARTESIAN_POINT('Origin',(-2.54331651012101,10.3855243589046,1.1));
#5531=CARTESIAN_POINT('',(-7.96236760501153,12.1191739939411,1.1));
#5532=CARTESIAN_POINT('',(-2.50966687508453,12.1191739939411,1.1));
#5533=CARTESIAN_POINT('',(-6.26236760501155,10.4191739939411,1.1));
#5534=CARTESIAN_POINT('Origin',(-7.99991255593407,10.3816290430186,1.1));
#5535=CARTESIAN_POINT('',(-6.26236760501155,9.31917399394107,1.1));
#5536=CARTESIAN_POINT('',(-6.26236760501155,9.31917399394107,1.1));
#5537=CARTESIAN_POINT('',(-7.26966687508452,9.31917399394108,1.1));
#5538=CARTESIAN_POINT('',(-6.46966687508452,9.31917399394107,1.1));
#5539=CARTESIAN_POINT('',(-7.26966687508452,9.8691739939411,1.1));
#5540=CARTESIAN_POINT('',(-7.26966687508452,9.31917399394108,1.1));
#5541=CARTESIAN_POINT('',(-7.51966687508452,10.1191739939411,1.1));
#5542=CARTESIAN_POINT('Origin',(-7.51966687508452,9.8691739939411,1.1));
#5543=CARTESIAN_POINT('',(-8.0374575068566,10.1191739939411,1.1));
#5544=CARTESIAN_POINT('',(-7.51966687508452,10.1191739939411,1.1));
#5545=CARTESIAN_POINT('',(-8.03745750685661,0.469805515814303,1.1));
#5546=CARTESIAN_POINT('',(-8.03745750685661,13.2591739939411,1.1));
#5547=CARTESIAN_POINT('',(-8.55467402120033,0.469805515814303,1.1));
#5548=CARTESIAN_POINT('',(-8.03745750685661,0.469805515814303,1.1));
#5549=CARTESIAN_POINT('Origin',(-8.47745750685667,0.119173993941205,1.1));
#5550=CARTESIAN_POINT('',(-8.78841646791835,-2.6808260060589,1.1));
#5551=CARTESIAN_POINT('Origin',(-6.86966687508454,-2.28082600605887,1.1));
#5552=CARTESIAN_POINT('',(-8.18966687508453,-2.6808260060589,1.1));
#5553=CARTESIAN_POINT('',(-8.18966687508453,-2.6808260060589,1.1));
#5554=CARTESIAN_POINT('',(-8.18966687508452,-3.78861632754886,1.1));
#5555=CARTESIAN_POINT('',(-8.18966687508453,-3.48082600605878,1.1));
#5556=CARTESIAN_POINT('',(-8.8193269995619,-3.78861632754886,1.1));
#5557=CARTESIAN_POINT('',(-4.84856219097057,8.08417399394109,1.1));
#5558=CARTESIAN_POINT('',(-4.84856219097057,7.73417399394109,1.1));
#5559=CARTESIAN_POINT('',(-4.84856219097057,8.08417399394109,1.1));
#5560=CARTESIAN_POINT('',(-5.69856219097057,7.73417399394109,1.1));
#5561=CARTESIAN_POINT('',(-4.84856219097057,7.73417399394109,1.1));
#5562=CARTESIAN_POINT('',(-5.69856219097057,8.08417399394109,1.1));
#5563=CARTESIAN_POINT('',(-5.69856219097057,8.08417399394109,1.1));
#5564=CARTESIAN_POINT('',(-4.84856219097057,8.08417399394109,1.1));
#5565=CARTESIAN_POINT('',(-4.63966687508453,8.78417399394109,1.1));
#5566=CARTESIAN_POINT('',(-4.63966687508453,11.1341739939411,1.1));
#5567=CARTESIAN_POINT('',(-6.98029687636485,5.02917399394122,1.1));
#5568=CARTESIAN_POINT('',(-6.78029687636485,5.02917399394121,1.1));
#5569=CARTESIAN_POINT('',(-6.98029687636485,5.02917399394122,1.1));
#5570=CARTESIAN_POINT('',(-6.78029687636485,4.62917399394121,1.1));
#5571=CARTESIAN_POINT('',(-6.78029687636485,5.02917399394121,1.1));
#5572=CARTESIAN_POINT('',(-6.98029687636485,4.62917399394122,1.1));
#5573=CARTESIAN_POINT('',(-6.98029687636485,4.62917399394122,1.1));
#5574=CARTESIAN_POINT('',(-6.98029687636485,5.02917399394122,1.1));
#5575=CARTESIAN_POINT('',(-6.98029687636485,2.02917399394121,1.1));
#5576=CARTESIAN_POINT('',(-6.78029687636485,2.02917399394121,1.1));
#5577=CARTESIAN_POINT('',(-6.98029687636485,2.02917399394121,1.1));
#5578=CARTESIAN_POINT('',(-6.78029687636485,1.62917399394121,1.1));
#5579=CARTESIAN_POINT('',(-6.78029687636485,2.02917399394121,1.1));
#5580=CARTESIAN_POINT('',(-6.98029687636485,1.62917399394121,1.1));
#5581=CARTESIAN_POINT('',(-6.98029687636485,1.62917399394121,1.1));
#5582=CARTESIAN_POINT('',(-6.98029687636485,2.02917399394121,1.1));
#5583=CARTESIAN_POINT('',(-3.55903687380419,2.02917399394121,1.1));
#5584=CARTESIAN_POINT('',(-3.55903687380419,1.62917399394121,1.1));
#5585=CARTESIAN_POINT('',(-3.55903687380419,2.02917399394121,1.1));
#5586=CARTESIAN_POINT('',(-3.75903687380419,1.62917399394121,1.1));
#5587=CARTESIAN_POINT('',(-3.55903687380419,1.62917399394121,1.1));
#5588=CARTESIAN_POINT('',(-3.75903687380419,2.02917399394121,1.1));
#5589=CARTESIAN_POINT('',(-3.75903687380419,2.02917399394121,1.1));
#5590=CARTESIAN_POINT('',(-3.55903687380419,2.02917399394121,1.1));
#5591=CARTESIAN_POINT('',(-3.55903687380419,5.02917399394121,1.1));
#5592=CARTESIAN_POINT('',(-3.55903687380419,4.62917399394121,1.1));
#5593=CARTESIAN_POINT('',(-3.55903687380419,5.02917399394121,1.1));
#5594=CARTESIAN_POINT('',(-3.75903687380419,4.62917399394121,1.1));
#5595=CARTESIAN_POINT('',(-3.55903687380419,4.62917399394121,1.1));
#5596=CARTESIAN_POINT('',(-3.75903687380419,5.02917399394121,1.1));
#5597=CARTESIAN_POINT('',(-3.75903687380419,5.02917399394121,1.1));
#5598=CARTESIAN_POINT('',(-3.55903687380419,5.02917399394121,1.1));
#5599=CARTESIAN_POINT('Origin',(-6.87745750685667,-3.88082600605878,1.1));
#5600=CARTESIAN_POINT('Origin',(-6.87745750685661,0.119173993941216,1.1));
#5601=CARTESIAN_POINT('',(-6.50966687508453,-4.54082600605886,1.1));
#5602=CARTESIAN_POINT('',(-4.02966687508447,-4.54082600605886,1.1));
#5603=CARTESIAN_POINT('',(-4.02966687508447,-4.54082600605886,1.1));
#5604=CARTESIAN_POINT('',(-6.50966687508455,-3.48082600605878,1.1));
#5605=CARTESIAN_POINT('',(-6.50966687508453,-4.24082600605886,1.1));
#5606=CARTESIAN_POINT('',(-7.37966687508463,-3.48082600605878,1.1));
#5607=CARTESIAN_POINT('',(-7.37966687508463,-3.48082600605878,1.1));
#5608=CARTESIAN_POINT('',(-7.37966687508463,-1.0208260060588,1.1));
#5609=CARTESIAN_POINT('',(-7.37966687508463,-1.0208260060588,1.1));
#5610=CARTESIAN_POINT('',(-6.26236760501155,-1.0208260060588,1.1));
#5611=CARTESIAN_POINT('',(-6.26236760501155,-1.0208260060588,1.1));
#5612=CARTESIAN_POINT('',(-6.06966687508452,-0.420826006058786,1.1));
#5613=CARTESIAN_POINT('',(-6.26236760501155,-1.0208260060588,1.1));
#5614=CARTESIAN_POINT('',(-6.01966687508452,-0.420826006058786,1.1));
#5615=CARTESIAN_POINT('',(-6.06966687508452,-0.420826006058786,1.1));
#5616=CARTESIAN_POINT('',(-5.91966687508452,-0.320826006058786,1.1));
#5617=CARTESIAN_POINT('Origin',(-6.01966687508452,-0.320826006058786,1.1));
#5618=CARTESIAN_POINT('',(-5.91966687508452,0.679173993941212,1.1));
#5619=CARTESIAN_POINT('',(-5.91966687508452,-0.320826006058786,1.1));
#5620=CARTESIAN_POINT('',(-5.71966687508452,0.879173993941214,1.1));
#5621=CARTESIAN_POINT('Origin',(-5.71966687508452,0.679173993941214,1.1));
#5622=CARTESIAN_POINT('',(-6.33532394938187,0.879173993941214,1.1));
#5623=CARTESIAN_POINT('',(1.69458196306458E-16,0.879173993941213,1.1));
#5624=CARTESIAN_POINT('',(-6.33532394938187,5.77917399394121,1.1));
#5625=CARTESIAN_POINT('',(-6.33532394938187,5.77917399394121,1.1));
#5626=CARTESIAN_POINT('',(-5.42966687508453,5.77917399394121,1.1));
#5627=CARTESIAN_POINT('',(1.11391875544939E-15,5.77917399394121,1.1));
#5628=CARTESIAN_POINT('',(-5.42966687508453,6.27917399394121,1.1));
#5629=CARTESIAN_POINT('',(-5.42966687508453,5.77917399394121,1.1));
#5630=CARTESIAN_POINT('',(-5.12966687508453,6.27917399394121,1.1));
#5631=CARTESIAN_POINT('',(-5.42966687508453,6.27917399394121,1.1));
#5632=CARTESIAN_POINT('',(-5.12966687508453,5.77917399394121,1.1));
#5633=CARTESIAN_POINT('',(-5.12966687508453,5.77917399394121,1.1));
#5634=CARTESIAN_POINT('',(-4.20400980078716,5.77917399394121,1.1));
#5635=CARTESIAN_POINT('',(1.11391875544939E-15,5.77917399394121,1.1));
#5636=CARTESIAN_POINT('',(-4.20400980078716,0.879173993941213,1.1));
#5637=CARTESIAN_POINT('',(-4.20400980078716,5.77917399394121,1.1));
#5638=CARTESIAN_POINT('',(-4.81966687508452,0.879173993941213,1.1));
#5639=CARTESIAN_POINT('',(1.69458196306458E-16,0.879173993941213,1.1));
#5640=CARTESIAN_POINT('',(-4.61966687508452,0.679173993941212,1.1));
#5641=CARTESIAN_POINT('Origin',(-4.81966687508452,0.679173993941213,1.1));
#5642=CARTESIAN_POINT('',(-4.61966687508452,-0.320826006058786,1.1));
#5643=CARTESIAN_POINT('',(-4.61966687508452,0.679173993941212,1.1));
#5644=CARTESIAN_POINT('',(-4.51966687508452,-0.420826006058787,1.1));
#5645=CARTESIAN_POINT('Origin',(-4.51966687508452,-0.320826006058787,1.1));
#5646=CARTESIAN_POINT('',(-4.46966687508452,-0.420826006058787,1.1));
#5647=CARTESIAN_POINT('',(-4.51966687508452,-0.420826006058787,1.1));
#5648=CARTESIAN_POINT('',(-4.27696614515748,-1.0208260060588,1.1));
#5649=CARTESIAN_POINT('',(-4.46966687508452,-0.420826006058787,1.1));
#5650=CARTESIAN_POINT('',(-3.15966687508451,-1.0208260060588,1.1));
#5651=CARTESIAN_POINT('',(-4.27696614515748,-1.0208260060588,1.1));
#5652=CARTESIAN_POINT('',(-3.15966687508451,-3.48082600605879,1.1));
#5653=CARTESIAN_POINT('',(-3.15966687508451,-1.0208260060588,1.1));
#5654=CARTESIAN_POINT('',(-4.02966687508447,-3.48082600605879,1.1));
#5655=CARTESIAN_POINT('',(-7.37966687508463,-3.48082600605878,1.1));
#5656=CARTESIAN_POINT('',(-4.02966687508447,-4.24082600605886,1.1));
#5657=CARTESIAN_POINT('Origin',(-2.50966687508453,0.478207215549498,3.17906354514796));
#5658=CARTESIAN_POINT('',(-2.06966687508445,0.478207215549498,1.1));
#5659=CARTESIAN_POINT('',(-2.50966687508453,0.478207215549498,1.1));
#5660=CARTESIAN_POINT('Origin',(-8.03745750685661,0.469805515814303,3.17906354514796));
#5661=CARTESIAN_POINT('',(-8.55467402120033,0.469805515814303,1.1));
#5662=CARTESIAN_POINT('',(-8.03745750685661,0.469805515814303,1.1));
#5663=CARTESIAN_POINT('Origin',(-5.26966687508452,5.77917399394121,0.399999999999996));
#5664=CARTESIAN_POINT('',(-5.42966687508453,5.77917399394121,1.1001));
#5665=CARTESIAN_POINT('Origin',(-5.26966687508452,5.77917399394121,0.399999999999996));
#5666=CARTESIAN_POINT('',(-6.48029687636484,5.77917399394121,0.699999999999999));
#5667=CARTESIAN_POINT('Origin',(-6.58029687636484,5.77917399394121,0.699999999999999));
#5668=CARTESIAN_POINT('',(-6.48029687636484,5.77917399394121,-6.93889390390723E-16));
#5669=CARTESIAN_POINT('',(-6.48029687636484,5.77917399394121,-6.93889390390723E-16));
#5670=CARTESIAN_POINT('',(-5.91966687508452,5.77917399394121,-6.93889390390723E-16));
#5671=CARTESIAN_POINT('',(-6.48029687636484,5.77917399394121,-6.93889390390723E-16));
#5672=CARTESIAN_POINT('',(-5.91966687508452,5.77917399394121,0.699999999999999));
#5673=CARTESIAN_POINT('',(-5.91966687508452,5.77917399394121,-6.93889390390723E-16));
#5674=CARTESIAN_POINT('Origin',(-5.81966687508452,5.77917399394121,0.699999999999999));
#5675=CARTESIAN_POINT('Origin',(-2.50966687508453,9.89449555702383E-17,
1.1));
#5676=CARTESIAN_POINT('',(-2.50966687508453,10.1191739939411,1.1));
#5677=CARTESIAN_POINT('',(-2.50966687508453,0.478207215549498,0.499999999999999));
#5678=CARTESIAN_POINT('',(-2.50966687508453,0.478207215549498,0.499999999999999));
#5679=CARTESIAN_POINT('',(-2.50966687508453,8.23417399394109,0.499999999999999));
#5680=CARTESIAN_POINT('',(-2.50966687508453,8.23417399394109,0.499999999999999));
#5681=CARTESIAN_POINT('',(-2.50966687508453,8.23417399394109,0.499999999999999));
#5682=CARTESIAN_POINT('Origin',(-3.66966687508453,-2.28082600605885,1.1));
#5683=CARTESIAN_POINT('',(-1.75091728225071,-2.6808260060589,1.1));
#5684=CARTESIAN_POINT('Origin',(-6.86966687508454,-2.28082600605887,1.1));
#5685=CARTESIAN_POINT('',(-8.78841646791835,-2.6808260060589,1.1));
#5686=CARTESIAN_POINT('Origin',(-8.18966687508453,-3.48082600605878,1.1001));
#5687=CARTESIAN_POINT('',(-8.18966687508453,-2.6808260060589,1.1001));
#5688=CARTESIAN_POINT('',(-8.18966687508452,-3.78861632754886,3.17906354514796));
#5689=CARTESIAN_POINT('Origin',(-8.18966687508453,-2.6808260060589,1.1001));
#5690=CARTESIAN_POINT('Origin',(-2.34966687508453,-3.48082600605878,1.1001));
#5691=CARTESIAN_POINT('',(-2.34966687508453,-3.78055859171348,3.17906354514796));
#5692=CARTESIAN_POINT('',(-2.34966687508453,-2.6808260060589,1.1001));
#5693=CARTESIAN_POINT('Origin',(-2.34966687508453,-2.6808260060589,1.1001));
#5694=CARTESIAN_POINT('Origin',(-6.50966687508453,-4.24082600605886,1.1));
#5695=CARTESIAN_POINT('',(-6.50966687508454,-3.48082600605878,1.1));
#5696=CARTESIAN_POINT('',(-6.50966687508453,-4.54082600605886,1.40010113952368));
#5697=CARTESIAN_POINT('Origin',(-4.02966687508447,-4.24082600605886,1.1));
#5698=CARTESIAN_POINT('',(-4.02966687508447,-3.48082600605879,1.1));
#5699=CARTESIAN_POINT('',(-4.02966687508447,-4.54082600605886,8.30137150064699));
#5700=CARTESIAN_POINT('Origin',(-8.03745750685661,13.2591739939411,19.4522878483503));
#5701=CARTESIAN_POINT('',(-8.0374575068566,10.1191739939411,1.1));
#5702=CARTESIAN_POINT('',(-8.03745750685661,8.23417399394109,0.499999999999999));
#5703=CARTESIAN_POINT('',(-8.03745750685661,8.23417399394109,0.499999999999999));
#5704=CARTESIAN_POINT('',(-8.03745750685661,0.469805515814303,0.499999999999999));
#5705=CARTESIAN_POINT('',(-8.03745750685661,8.23417399394109,0.499999999999999));
#5706=CARTESIAN_POINT('',(-8.03745750685661,0.469805515814303,0.499999999999999));
#5707=CARTESIAN_POINT('Origin',(-6.87745750685667,-3.88082600605878,19.4522878483503));
#5708=CARTESIAN_POINT('Origin',(-6.87745750685661,0.119173993941216,19.4522878483503));
#5709=CARTESIAN_POINT('Origin',(-7.51966687508452,10.1191739939411,1.1));
#5710=CARTESIAN_POINT('',(-7.51966687508452,10.1191739939411,1.1));
#5711=CARTESIAN_POINT('Origin',(-7.51966687508452,9.8691739939411,1.1));
#5712=CARTESIAN_POINT('',(-7.26966687508452,9.8691739939411,1.1));
#5713=CARTESIAN_POINT('Origin',(-7.26966687508452,9.31917399394108,1.1));
#5714=CARTESIAN_POINT('',(-7.26966687508452,9.31917399394108,1.1));
#5715=CARTESIAN_POINT('Origin',(-6.46966687508452,9.31917399394107,1.1));
#5716=CARTESIAN_POINT('',(-6.26236760501155,9.31917399394107,1.1));
#5717=CARTESIAN_POINT('Origin',(-4.07745750685662,9.31917399394107,1.1));
#5718=CARTESIAN_POINT('',(-4.27696614515748,9.31917399394107,1.1));
#5719=CARTESIAN_POINT('',(-3.27745750685662,9.31917399394106,1.1));
#5720=CARTESIAN_POINT('Origin',(-3.27745750685662,9.31917399394106,1.1));
#5721=CARTESIAN_POINT('',(-3.27745750685662,9.86917399394109,1.1));
#5722=CARTESIAN_POINT('Origin',(-3.02745750685661,9.86917399394109,1.1));
#5723=CARTESIAN_POINT('',(-3.02745750685662,10.1191739939411,1.1));
#5724=CARTESIAN_POINT('Origin',(-3.02745750685662,10.1191739939411,1.1));
#5725=CARTESIAN_POINT('Origin',(-6.06966687508452,-0.420826006058786,1.1));
#5726=CARTESIAN_POINT('',(-6.01966687508452,-0.420826006058786,1.1));
#5727=CARTESIAN_POINT('',(-6.06966687508452,-0.420826006058786,1.1));
#5728=CARTESIAN_POINT('Origin',(-6.01966687508452,-0.320826006058786,1.1));
#5729=CARTESIAN_POINT('',(-5.91966687508452,-0.320826006058786,1.1));
#5730=CARTESIAN_POINT('Origin',(-5.91966687508452,-0.320826006058786,1.1));
#5731=CARTESIAN_POINT('',(-5.91966687508452,0.579173993941213,0.699999999999999));
#5732=CARTESIAN_POINT('Origin',(-5.91966687508452,0.479173993941213,0.699999999999999));
#5733=CARTESIAN_POINT('',(-5.91966687508452,0.579173993941213,-6.93889390390723E-16));
#5734=CARTESIAN_POINT('',(-5.91966687508452,0.579173993941213,-6.93889390390723E-16));
#5735=CARTESIAN_POINT('',(-5.91966687508452,0.679173993941212,-6.93889390390723E-16));
#5736=CARTESIAN_POINT('',(-5.91966687508452,0.579173993941213,-6.93889390390723E-16));
#5737=CARTESIAN_POINT('',(-5.91966687508452,0.679173993941212,1.1));
#5738=CARTESIAN_POINT('Origin',(-5.71966687508452,0.679173993941214,1.1));
#5739=CARTESIAN_POINT('',(-5.71966687508452,0.879173993941213,-6.93889390390723E-16));
#5740=CARTESIAN_POINT('Origin',(-5.71966687508452,0.679173993941213,-6.93889390390723E-16));
#5741=CARTESIAN_POINT('',(-5.71966687508451,0.879173993941214,1.1));
#5742=CARTESIAN_POINT('Origin',(-4.81966687508452,0.679173993941213,1.1));
#5743=CARTESIAN_POINT('',(-4.81966687508452,0.879173993941213,-6.93889390390723E-16));
#5744=CARTESIAN_POINT('',(-4.81966687508452,0.879173993941213,1.1));
#5745=CARTESIAN_POINT('',(-4.61966687508452,0.679173993941212,-6.93889390390723E-16));
#5746=CARTESIAN_POINT('Origin',(-4.81966687508452,0.679173993941213,-6.93889390390723E-16));
#5747=CARTESIAN_POINT('',(-4.61966687508452,0.679173993941212,1.1));
#5748=CARTESIAN_POINT('Origin',(-4.61966687508452,0.679173993941212,1.1));
#5749=CARTESIAN_POINT('',(-4.61966687508452,0.579173993941213,-6.93889390390723E-16));
#5750=CARTESIAN_POINT('',(-4.61966687508452,0.579173993941213,-6.93889390390723E-16));
#5751=CARTESIAN_POINT('',(-4.61966687508452,0.579173993941213,0.699999999999999));
#5752=CARTESIAN_POINT('',(-4.61966687508452,0.579173993941213,-6.93889390390723E-16));
#5753=CARTESIAN_POINT('Origin',(-4.61966687508452,0.479173993941213,0.699999999999999));
#5754=CARTESIAN_POINT('',(-4.61966687508452,-0.320826006058786,1.1));
#5755=CARTESIAN_POINT('Origin',(-4.51966687508452,-0.320826006058787,1.1));
#5756=CARTESIAN_POINT('',(-4.51966687508452,-0.420826006058787,1.1));
#5757=CARTESIAN_POINT('Origin',(-4.51966687508452,-0.420826006058787,1.1));
#5758=CARTESIAN_POINT('',(-4.46966687508452,-0.420826006058787,1.1));
#5759=CARTESIAN_POINT('Origin',(-5.26966687508452,5.77917399394121,0.399999999999996));
#5760=CARTESIAN_POINT('Origin',(-5.26966687508452,0.879173993941214,0.399999999999996));
#5761=CARTESIAN_POINT('Origin',(-5.26966687508452,0.879173993941214,0.399999999999996));
#5762=CARTESIAN_POINT('',(-6.48029687636484,0.879173993941213,-6.93889390390723E-16));
#5763=CARTESIAN_POINT('',(-5.71966687508452,0.879173993941213,-6.93889390390723E-16));
#5764=CARTESIAN_POINT('',(-6.48029687636484,0.879173993941213,0.699999999999999));
#5765=CARTESIAN_POINT('',(-6.48029687636484,0.879173993941213,-6.93889390390723E-16));
#5766=CARTESIAN_POINT('Origin',(-6.58029687636484,0.879173993941214,0.699999999999999));
#5767=CARTESIAN_POINT('Origin',(-5.26966687508452,5.77917399394121,0.399999999999996));
#5768=CARTESIAN_POINT('Origin',(-5.26966687508452,5.77917399394121,0.399999999999996));
#5769=CARTESIAN_POINT('Origin',(-5.26966687508452,0.879173993941214,0.399999999999996));
#5770=CARTESIAN_POINT('Origin',(-5.26966687508452,5.77917399394121,0.399999999999996));
#5771=CARTESIAN_POINT('',(-5.12966687508453,5.77917399394121,1.1001));
#5772=CARTESIAN_POINT('',(-4.61966687508452,5.77917399394121,0.699999999999999));
#5773=CARTESIAN_POINT('Origin',(-4.71966687508452,5.77917399394121,0.699999999999999));
#5774=CARTESIAN_POINT('',(-4.61966687508452,5.77917399394121,-6.93889390390723E-16));
#5775=CARTESIAN_POINT('',(-4.61966687508452,5.77917399394121,-6.93889390390723E-16));
#5776=CARTESIAN_POINT('',(-4.05903687380419,5.77917399394121,-6.93889390390723E-16));
#5777=CARTESIAN_POINT('',(-4.05903687380419,5.77917399394121,-6.93889390390723E-16));
#5778=CARTESIAN_POINT('',(-4.05903687380419,5.77917399394121,0.699999999999999));
#5779=CARTESIAN_POINT('',(-4.05903687380419,5.77917399394121,-6.93889390390723E-16));
#5780=CARTESIAN_POINT('Origin',(-3.95903687380419,5.77917399394121,0.699999999999999));
#5781=CARTESIAN_POINT('Origin',(-5.26966687508452,0.879173993941214,0.399999999999996));
#5782=CARTESIAN_POINT('',(-4.05903687380419,0.879173993941213,0.699999999999999));
#5783=CARTESIAN_POINT('Origin',(-3.95903687380419,0.879173993941213,0.699999999999999));
#5784=CARTESIAN_POINT('',(-4.05903687380419,0.879173993941213,-6.93889390390723E-16));
#5785=CARTESIAN_POINT('',(-4.05903687380419,0.879173993941213,-6.93889390390723E-16));
#5786=CARTESIAN_POINT('',(-4.81966687508452,0.879173993941213,-6.93889390390723E-16));
#5787=CARTESIAN_POINT('Origin',(-4.05903687380419,0.579173993941213,-6.93889390390723E-16));
#5788=CARTESIAN_POINT('',(-4.05903687380419,0.579173993941213,-6.93889390390723E-16));
#5789=CARTESIAN_POINT('',(-4.05903687380419,0.579173993941213,0.699999999999999));
#5790=CARTESIAN_POINT('',(-4.05903687380419,0.579173993941213,-6.93889390390723E-16));
#5791=CARTESIAN_POINT('',(-4.61966687508452,0.579173993941213,0.699999999999999));
#5792=CARTESIAN_POINT('',(-4.05903687380419,0.579173993941213,-6.93889390390723E-16));
#5793=CARTESIAN_POINT('Origin',(-4.05903687380419,0.879173993941213,-6.93889390390723E-16));
#5794=CARTESIAN_POINT('',(-4.05903687380419,0.579173993941213,0.699999999999999));
#5795=CARTESIAN_POINT('',(-4.05903687380419,0.879173993941213,-6.93889390390723E-16));
#5796=CARTESIAN_POINT('Origin',(-4.81966687508452,0.679173993941213,-6.93889390390723E-16));
#5797=CARTESIAN_POINT('Origin',(-6.48029687636484,0.579173993941213,-6.93889390390723E-16));
#5798=CARTESIAN_POINT('',(-6.48029687636484,0.579173993941213,0.699999999999999));
#5799=CARTESIAN_POINT('',(-6.48029687636484,0.579173993941213,0.699999999999999));
#5800=CARTESIAN_POINT('',(-6.48029687636484,0.579173993941213,-6.93889390390723E-16));
#5801=CARTESIAN_POINT('',(-6.48029687636484,0.579173993941213,-6.93889390390723E-16));
#5802=CARTESIAN_POINT('',(-6.48029687636484,0.579173993941213,-6.93889390390723E-16));
#5803=CARTESIAN_POINT('Origin',(-6.48029687636484,0.879173993941213,-6.93889390390723E-16));
#5804=CARTESIAN_POINT('',(-6.48029687636484,0.879173993941214,0.699999999999999));
#5805=CARTESIAN_POINT('',(-6.48029687636484,0.879173993941213,-6.93889390390723E-16));
#5806=CARTESIAN_POINT('Origin',(-5.71966687508452,0.679173993941213,-6.93889390390723E-16));
#5807=CARTESIAN_POINT('Origin',(-4.05903687380419,5.77917399394121,-6.93889390390723E-16));
#5808=CARTESIAN_POINT('',(-4.05903687380419,6.07917399394121,-6.93889390390723E-16));
#5809=CARTESIAN_POINT('',(-4.05903687380419,6.07917399394121,0.699999999999999));
#5810=CARTESIAN_POINT('',(-4.05903687380419,6.07917399394121,-6.93889390390723E-16));
#5811=CARTESIAN_POINT('',(-4.05903687380419,5.77917399394121,0.699999999999999));
#5812=CARTESIAN_POINT('',(-4.05903687380419,5.77917399394121,-6.93889390390723E-16));
#5813=CARTESIAN_POINT('Origin',(-4.61966687508452,5.77917399394121,-6.93889390390723E-16));
#5814=CARTESIAN_POINT('',(-4.61966687508452,6.07917399394121,0.699999999999999));
#5815=CARTESIAN_POINT('',(-4.61966687508452,6.07917399394121,0.699999999999999));
#5816=CARTESIAN_POINT('',(-4.61966687508452,6.07917399394121,-6.93889390390723E-16));
#5817=CARTESIAN_POINT('',(-4.61966687508452,6.07917399394121,-6.93889390390723E-16));
#5818=CARTESIAN_POINT('',(-4.61966687508452,5.77917399394121,-6.93889390390723E-16));
#5819=CARTESIAN_POINT('Origin',(-4.05903687380419,6.07917399394121,-6.93889390390723E-16));
#5820=CARTESIAN_POINT('',(-4.05903687380419,6.07917399394121,0.699999999999999));
#5821=CARTESIAN_POINT('',(-4.05903687380419,6.07917399394121,-6.93889390390723E-16));
#5822=CARTESIAN_POINT('Origin',(0.,0.,-6.93889390390723E-16));
#5823=CARTESIAN_POINT('Origin',(-6.48029687636484,5.77917399394121,-6.93889390390723E-16));
#5824=CARTESIAN_POINT('',(-6.48029687636484,6.07917399394121,0.699999999999999));
#5825=CARTESIAN_POINT('',(-6.48029687636484,6.07917399394121,0.699999999999999));
#5826=CARTESIAN_POINT('',(-6.48029687636484,6.07917399394121,-6.93889390390723E-16));
#5827=CARTESIAN_POINT('',(-6.48029687636484,6.07917399394121,-6.93889390390723E-16));
#5828=CARTESIAN_POINT('',(-6.48029687636484,5.77917399394121,-6.93889390390723E-16));
#5829=CARTESIAN_POINT('Origin',(-6.48029687636484,6.07917399394121,-6.93889390390723E-16));
#5830=CARTESIAN_POINT('',(-5.91966687508452,6.07917399394121,0.699999999999999));
#5831=CARTESIAN_POINT('',(-5.91966687508452,6.07917399394121,0.699999999999999));
#5832=CARTESIAN_POINT('',(-5.91966687508452,6.07917399394121,-6.93889390390723E-16));
#5833=CARTESIAN_POINT('',(-5.91966687508452,6.07917399394121,-6.93889390390723E-16));
#5834=CARTESIAN_POINT('',(-6.48029687636484,6.07917399394121,-6.93889390390723E-16));
#5835=CARTESIAN_POINT('Origin',(-5.91966687508452,5.77917399394121,-6.93889390390723E-16));
#5836=CARTESIAN_POINT('',(-5.91966687508452,5.77917399394121,0.699999999999999));
#5837=CARTESIAN_POINT('',(-5.91966687508452,5.77917399394121,-6.93889390390723E-16));
#5838=CARTESIAN_POINT('Origin',(0.,0.,-6.93889390390723E-16));
#5839=CARTESIAN_POINT('Origin',(-4.71966687508452,5.77917399394121,0.699999999999999));
#5840=CARTESIAN_POINT('Origin',(-4.71966687508456,6.17917399394126,0.69999999999995));
#5841=CARTESIAN_POINT('Origin',(-4.05903687380419,6.17917399394121,0.699999999999999));
#5842=CARTESIAN_POINT('Origin',(-3.9590368738042,6.17917399394121,0.700000000000009));
#5843=CARTESIAN_POINT('Origin',(-3.95903687380419,5.77917399394121,0.699999999999999));
#5844=CARTESIAN_POINT('Origin',(-6.58029687636484,5.77917399394121,0.699999999999999));
#5845=CARTESIAN_POINT('Origin',(-6.58029687636488,6.17917399394125,0.699999999999956));
#5846=CARTESIAN_POINT('Origin',(-6.48029687636484,6.17917399394121,0.699999999999999));
#5847=CARTESIAN_POINT('Origin',(-5.81966687508453,6.17917399394121,0.700000000000012));
#5848=CARTESIAN_POINT('Origin',(-5.81966687508452,5.77917399394121,0.699999999999999));
#5849=CARTESIAN_POINT('Origin',(-4.05903687380419,0.479173993941213,0.699999999999999));
#5850=CARTESIAN_POINT('Origin',(-3.95903687380422,0.479173993941237,0.700000000000023));
#5851=CARTESIAN_POINT('Origin',(-3.95903687380419,0.879173993941213,0.699999999999999));
#5852=CARTESIAN_POINT('Origin',(-6.48029687636484,0.479173993941213,0.699999999999999));
#5853=CARTESIAN_POINT('Origin',(-6.58029687636485,0.479173993941204,0.699999999999992));
#5854=CARTESIAN_POINT('Origin',(-6.58029687636484,0.879173993941213,0.699999999999999));
#5855=CARTESIAN_POINT('Origin',(-3.55903687380419,5.02917399394121,1.1001));
#5856=CARTESIAN_POINT('',(-3.55903687380419,5.02917399394121,1.1001));
#5857=CARTESIAN_POINT('',(-3.55903687380419,4.62917399394121,1.1001));
#5858=CARTESIAN_POINT('Origin',(-3.55903687380419,5.02917399394121,1.1001));
#5859=CARTESIAN_POINT('',(-3.75903687380419,5.02917399394121,1.1001));
#5860=CARTESIAN_POINT('Origin',(-3.75903687380419,5.02917399394121,1.1001));
#5861=CARTESIAN_POINT('',(-3.75903687380419,4.62917399394121,1.1001));
#5862=CARTESIAN_POINT('Origin',(-3.55903687380419,4.62917399394121,1.1001));
#5863=CARTESIAN_POINT('Origin',(-3.55903687380419,2.02917399394121,1.1001));
#5864=CARTESIAN_POINT('',(-3.55903687380419,2.02917399394121,1.1001));
#5865=CARTESIAN_POINT('',(-3.55903687380419,1.62917399394121,1.1001));
#5866=CARTESIAN_POINT('Origin',(-3.55903687380419,2.02917399394121,1.1001));
#5867=CARTESIAN_POINT('',(-3.75903687380419,2.02917399394121,1.1001));
#5868=CARTESIAN_POINT('Origin',(-3.75903687380419,2.02917399394121,1.1001));
#5869=CARTESIAN_POINT('',(-3.75903687380419,1.62917399394121,1.1001));
#5870=CARTESIAN_POINT('Origin',(-3.55903687380419,1.62917399394121,1.1001));
#5871=CARTESIAN_POINT('Origin',(-6.98029687636485,2.02917399394121,1.1001));
#5872=CARTESIAN_POINT('',(-6.98029687636485,2.02917399394121,1.1001));
#5873=CARTESIAN_POINT('',(-6.78029687636485,2.02917399394121,1.1001));
#5874=CARTESIAN_POINT('Origin',(-6.98029687636485,2.02917399394121,1.1001));
#5875=CARTESIAN_POINT('',(-6.98029687636485,1.62917399394121,1.1001));
#5876=CARTESIAN_POINT('Origin',(-6.98029687636485,1.62917399394121,1.1001));
#5877=CARTESIAN_POINT('',(-6.78029687636485,1.62917399394121,1.1001));
#5878=CARTESIAN_POINT('Origin',(-6.78029687636485,2.02917399394121,1.1001));
#5879=CARTESIAN_POINT('Origin',(-6.98029687636485,5.02917399394122,1.1001));
#5880=CARTESIAN_POINT('',(-6.98029687636485,5.02917399394122,1.1001));
#5881=CARTESIAN_POINT('',(-6.78029687636485,5.02917399394121,1.1001));
#5882=CARTESIAN_POINT('Origin',(-6.98029687636485,5.02917399394122,1.1001));
#5883=CARTESIAN_POINT('',(-6.98029687636485,4.62917399394122,1.1001));
#5884=CARTESIAN_POINT('Origin',(-6.98029687636485,4.62917399394122,1.1001));
#5885=CARTESIAN_POINT('',(-6.78029687636485,4.62917399394121,1.1001));
#5886=CARTESIAN_POINT('Origin',(-6.78029687636485,5.02917399394121,1.1001));
#5887=CARTESIAN_POINT('Origin',(-5.42966687508453,5.77917399394121,1.1001));
#5888=CARTESIAN_POINT('',(-5.42966687508453,6.27917399394121,1.1001));
#5889=CARTESIAN_POINT('Origin',(-5.12966687508453,5.77917399394121,1.1001));
#5890=CARTESIAN_POINT('',(-5.12966687508453,6.27917399394121,1.1001));
#5891=CARTESIAN_POINT('Origin',(-5.42966687508453,6.27917399394121,1.1001));
#5892=CARTESIAN_POINT('Origin',(-4.63966687508453,11.1341739939411,1.1));
#5893=CARTESIAN_POINT('Origin',(-4.63966687508453,8.78417399394109,1.1));
#5894=CARTESIAN_POINT('Origin',(-4.84856219097057,8.08417399394109,1.1));
#5895=CARTESIAN_POINT('',(-4.84856219097057,7.73417399394109,1.1));
#5896=CARTESIAN_POINT('',(-4.84856219097057,8.08417399394109,1.1));
#5897=CARTESIAN_POINT('Origin',(-4.84856219097057,8.08417399394109,1.1));
#5898=CARTESIAN_POINT('',(-5.69856219097057,8.08417399394109,1.1));
#5899=CARTESIAN_POINT('',(-7.73745750685661,8.08417399394109,0.499999999999999));
#5900=CARTESIAN_POINT('',(-7.73745750685661,8.08417399394109,0.499999999999999));
#5901=CARTESIAN_POINT('',(-2.80966687508453,8.08417399394109,0.499999999999999));
#5902=CARTESIAN_POINT('',(-2.80966687508453,8.08417399394109,0.499999999999999));
#5903=CARTESIAN_POINT('',(-2.80966687508453,8.08417399394109,0.499999999999999));
#5904=CARTESIAN_POINT('Origin',(-5.69856219097057,8.08417399394109,1.1));
#5905=CARTESIAN_POINT('',(-5.69856219097057,7.73417399394109,1.1));
#5906=CARTESIAN_POINT('Origin',(-4.84856219097057,7.73417399394109,1.1));
#5907=CARTESIAN_POINT('Origin',(-2.50966687508453,12.1191739939411,1.1));
#5908=CARTESIAN_POINT('',(-7.96236760501153,12.1191739939411,1.1));
#5909=CARTESIAN_POINT('',(-2.57696614515749,12.1191739939411,1.1));
#5910=CARTESIAN_POINT('Origin',(-8.47745750685667,0.119173993941205,1.1));
#5911=CARTESIAN_POINT('Origin',(-2.06966687508445,0.119173993941205,1.1));
#5912=CARTESIAN_POINT('',(-1.71063365347616,0.119173993941205,1.1));
#5913=CARTESIAN_POINT('Origin',(-1.71063365347616,0.119173993941205,1.1));
#5914=CARTESIAN_POINT('Origin',(-4.27696614515748,9.31917399394107,1.1));
#5915=CARTESIAN_POINT('',(-4.27696614515748,10.4191739939411,1.1));
#5916=CARTESIAN_POINT('',(-4.27696614515748,8.23417399394109,0.499999999999999));
#5917=CARTESIAN_POINT('',(-4.27696614515748,8.23417399394109,0.499999999999999));
#5918=CARTESIAN_POINT('',(-4.27696614515748,9.61917399394107,0.499999999999999));
#5919=CARTESIAN_POINT('',(-4.27696614515748,9.31917399394107,0.499999999999999));
#5920=CARTESIAN_POINT('',(-4.27696614515748,9.61917399394107,0.499999999999999));
#5921=CARTESIAN_POINT('Origin',(-2.54331651012101,10.3855243589046,1.1));
#5922=CARTESIAN_POINT('Origin',(-6.26236760501155,9.31917399394107,1.1));
#5923=CARTESIAN_POINT('',(-6.26236760501155,10.4191739939411,1.1));
#5924=CARTESIAN_POINT('',(-6.26236760501155,9.61917399394107,0.499999999999999));
#5925=CARTESIAN_POINT('',(-6.26236760501155,9.61917399394107,0.499999999999999));
#5926=CARTESIAN_POINT('',(-6.26236760501155,8.23417399394109,0.499999999999999));
#5927=CARTESIAN_POINT('',(-6.26236760501155,9.31917399394107,0.499999999999999));
#5928=CARTESIAN_POINT('',(-6.26236760501155,8.23417399394109,0.499999999999999));
#5929=CARTESIAN_POINT('Origin',(-7.99991255593407,10.3816290430186,1.1));
#5930=CARTESIAN_POINT('Origin',(-4.46966687508452,-0.420826006058787,1.1));
#5931=CARTESIAN_POINT('',(-4.27696614515748,-1.0208260060588,1.1));
#5932=CARTESIAN_POINT('Origin',(-4.27696614515748,-1.0208260060588,1.1));
#5933=CARTESIAN_POINT('',(-3.15966687508451,-1.0208260060588,1.1));
#5934=CARTESIAN_POINT('Origin',(-7.37966687508463,-3.48082600605878,1.1));
#5935=CARTESIAN_POINT('',(-3.15966687508451,-3.48082600605879,1.1));
#5936=CARTESIAN_POINT('Origin',(-3.15966687508451,-1.0208260060588,1.1));
#5937=CARTESIAN_POINT('Origin',(-6.26236760501155,-1.0208260060588,1.1));
#5938=CARTESIAN_POINT('',(-6.26236760501155,-1.0208260060588,1.1));
#5939=CARTESIAN_POINT('',(-7.37966687508463,-1.0208260060588,1.1));
#5940=CARTESIAN_POINT('Origin',(-7.37966687508463,-1.0208260060588,1.1));
#5941=CARTESIAN_POINT('',(-7.37966687508463,-3.48082600605878,1.1));
#5942=CARTESIAN_POINT('Origin',(-7.37966687508463,-3.48082600605878,1.1));
#5943=CARTESIAN_POINT('Origin',(-6.26236760501155,-1.0208260060588,1.1));
#5944=CARTESIAN_POINT('Origin',(-4.02966687508447,-4.54082600605886,8.30137150064699));
#5945=CARTESIAN_POINT('Origin',(-1.72000675060715,-3.78055859171348,8.30137150064699));
#5946=CARTESIAN_POINT('',(-1.72000675060715,-3.78055859171348,8.30137150064699));
#5947=CARTESIAN_POINT('Origin',(-1.72000675060715,-3.78055859171348,8.30137150064699));
#5948=CARTESIAN_POINT('',(-1.72000675060715,-3.98861632754886,8.30137150064699));
#5949=CARTESIAN_POINT('Origin',(-8.8193269995619,-4.98861632754886,8.30137150064699));
#5950=CARTESIAN_POINT('',(-7.8193269995619,-4.98861632754886,8.30137150064699));
#5951=CARTESIAN_POINT('',(-6.51745750685666,-4.98861632754886,0.499999999999999));
#5952=CARTESIAN_POINT('',(-6.51745750685666,-4.98861632754886,0.499999999999999));
#5953=CARTESIAN_POINT('',(-4.02966687508447,-4.98861632754886,0.499999999999999));
#5954=CARTESIAN_POINT('',(-4.02966687508447,-4.98861632754886,0.499999999999999));
#5955=CARTESIAN_POINT('',(-4.02966687508447,-4.98861632754886,0.499999999999999));
#5956=CARTESIAN_POINT('',(-2.72000675060715,-4.98861632754886,8.30137150064699));
#5957=CARTESIAN_POINT('Origin',(-8.8193269995619,-3.78861632754886,8.30137150064699));
#5958=CARTESIAN_POINT('',(-8.8193269995619,-3.98861632754886,8.30137150064699));
#5959=CARTESIAN_POINT('',(-8.8193269995619,-3.78861632754886,8.30137150064699));
#5960=CARTESIAN_POINT('Origin',(-8.8193269995619,-3.78861632754886,8.30137150064699));
#5961=CARTESIAN_POINT('Origin',(-7.8193269995619,-3.98861632754886,8.30137150064699));
#5962=CARTESIAN_POINT('Origin',(-2.72000675060715,-3.98861632754886,8.30137150064699));
#5963=CARTESIAN_POINT('Origin',(-5.27356219097056,6.91917399394121,0.499999999999999));
#5964=CARTESIAN_POINT('',(-2.50966687508453,8.23417399394109,0.499999999999999));
#5965=CARTESIAN_POINT('',(-2.80966687508453,0.478207215549498,0.499999999999999));
#5966=CARTESIAN_POINT('',(-2.50966687508453,0.478207215549498,0.499999999999999));
#5967=CARTESIAN_POINT('',(-2.80966687508453,2.32917399394121,0.499999999999999));
#5968=CARTESIAN_POINT('',(-2.80966687508453,2.32917399394121,0.499999999999999));
#5969=CARTESIAN_POINT('',(-3.90903687380419,2.32917399394121,0.499999999999999));
#5970=CARTESIAN_POINT('',(-3.70903687380419,2.32917399394121,0.499999999999999));
#5971=CARTESIAN_POINT('',(-3.90903687380419,4.32917399394121,0.499999999999999));
#5972=CARTESIAN_POINT('',(-3.90903687380419,4.32917399394121,0.499999999999999));
#5973=CARTESIAN_POINT('',(-2.80966687508453,4.32917399394121,0.499999999999999));
#5974=CARTESIAN_POINT('',(-3.90903687380419,4.32917399394121,0.499999999999999));
#5975=CARTESIAN_POINT('',(-2.80966687508453,6.76917399394121,0.499999999999999));
#5976=CARTESIAN_POINT('',(-2.80966687508453,6.76917399394121,0.499999999999999));
#5977=CARTESIAN_POINT('',(-2.80966687508453,6.76917399394121,0.499999999999999));
#5978=CARTESIAN_POINT('',(-2.80966687508453,7.06917399394121,0.499999999999999));
#5979=CARTESIAN_POINT('',(-2.80966687508453,7.06917399394121,0.499999999999999));
#5980=CARTESIAN_POINT('',(-2.80966687508453,8.08417399394109,0.499999999999999));
#5981=CARTESIAN_POINT('',(-7.73745750685661,7.06917399394121,0.499999999999999));
#5982=CARTESIAN_POINT('',(-7.73745750685661,8.08417399394109,0.499999999999999));
#5983=CARTESIAN_POINT('',(-5.64437211532535,7.06917399394121,0.499999999999999));
#5984=CARTESIAN_POINT('',(-5.64437211532535,7.06917399394121,0.499999999999999));
#5985=CARTESIAN_POINT('',(-5.64437211532535,6.76917399394121,0.499999999999999));
#5986=CARTESIAN_POINT('Origin',(-5.27356219097056,6.91917399394121,0.499999999999999));
#5987=CARTESIAN_POINT('',(-7.73745750685661,6.76917399394121,0.499999999999999));
#5988=CARTESIAN_POINT('',(-5.64437211532535,6.76917399394121,0.499999999999999));
#5989=CARTESIAN_POINT('',(-7.73745750685661,4.32917399394121,0.499999999999999));
#5990=CARTESIAN_POINT('',(-7.73745750685661,6.76917399394121,0.499999999999999));
#5991=CARTESIAN_POINT('',(-6.68029687636484,4.32917399394121,0.499999999999999));
#5992=CARTESIAN_POINT('',(-6.88029687636484,4.32917399394121,0.499999999999999));
#5993=CARTESIAN_POINT('',(-6.68029687636484,2.32917399394121,0.499999999999999));
#5994=CARTESIAN_POINT('',(-6.68029687636484,4.32917399394121,0.499999999999999));
#5995=CARTESIAN_POINT('',(-7.73745750685661,2.32917399394121,0.499999999999999));
#5996=CARTESIAN_POINT('',(-6.68029687636484,2.32917399394121,0.499999999999999));
#5997=CARTESIAN_POINT('',(-7.73745750685661,0.469805515814303,0.499999999999999));
#5998=CARTESIAN_POINT('',(-7.73745750685661,2.32917399394121,0.499999999999999));
#5999=CARTESIAN_POINT('',(-8.03745750685661,0.469805515814303,0.499999999999999));
#6000=CARTESIAN_POINT('',(-6.26236760501155,8.23417399394109,0.499999999999999));
#6001=CARTESIAN_POINT('',(-6.26236760501155,9.61917399394107,0.499999999999999));
#6002=CARTESIAN_POINT('',(-4.63966687508453,8.23105391200898,0.499999999999999));
#6003=CARTESIAN_POINT('',(-4.27696614515748,9.61917399394107,0.499999999999999));
#6004=CARTESIAN_POINT('',(-2.80966687508453,4.12917399394121,0.499999999999999));
#6005=CARTESIAN_POINT('',(-2.80966687508453,2.52917399394121,0.499999999999999));
#6006=CARTESIAN_POINT('',(-2.80966687508453,4.12917399394121,0.499999999999999));
#6007=CARTESIAN_POINT('',(-3.70903687380419,4.12917399394121,0.499999999999999));
#6008=CARTESIAN_POINT('',(-3.70903687380419,4.12917399394121,0.499999999999999));
#6009=CARTESIAN_POINT('',(-3.70903687380419,2.52917399394121,0.499999999999999));
#6010=CARTESIAN_POINT('',(-3.70903687380419,4.12917399394121,0.499999999999999));
#6011=CARTESIAN_POINT('',(-3.70903687380419,2.52917399394121,0.499999999999999));
#6012=CARTESIAN_POINT('',(-6.88029687636484,4.12917399394121,0.499999999999999));
#6013=CARTESIAN_POINT('',(-6.88029687636484,2.52917399394121,0.499999999999999));
#6014=CARTESIAN_POINT('',(-6.88029687636484,4.12917399394121,0.499999999999999));
#6015=CARTESIAN_POINT('',(-7.73745750685661,4.12917399394121,0.499999999999999));
#6016=CARTESIAN_POINT('',(-6.88029687636484,4.12917399394121,0.499999999999999));
#6017=CARTESIAN_POINT('',(-7.73745750685661,2.52917399394121,0.499999999999999));
#6018=CARTESIAN_POINT('',(-7.73745750685661,4.12917399394121,0.499999999999999));
#6019=CARTESIAN_POINT('',(-6.88029687636484,2.52917399394121,0.499999999999999));
#6020=CARTESIAN_POINT('Origin',(-2.50966687508453,8.23417399394109,0.499999999999999));
#6021=CARTESIAN_POINT('Origin',(-2.50966687508453,0.478207215549498,0.499999999999999));
#6022=CARTESIAN_POINT('',(-2.80966687508453,0.478207215549498,0.499999999999999));
#6023=CARTESIAN_POINT('Origin',(-2.80966687508453,2.32917399394121,0.499999999999999));
#6024=CARTESIAN_POINT('',(-2.80966687508453,2.32917399394121,0.499999999999999));
#6025=CARTESIAN_POINT('Origin',(-3.90903687380419,2.32917399394121,0.499999999999999));
#6026=CARTESIAN_POINT('',(-3.90903687380419,2.32917399394121,0.499999999999999));
#6027=CARTESIAN_POINT('Origin',(-3.90903687380419,4.32917399394121,0.499999999999999));
#6028=CARTESIAN_POINT('',(-3.90903687380419,4.32917399394121,0.499999999999999));
#6029=CARTESIAN_POINT('Origin',(-3.70903687380419,4.32917399394121,0.499999999999999));
#6030=CARTESIAN_POINT('',(-2.80966687508453,4.32917399394121,0.499999999999999));
#6031=CARTESIAN_POINT('Origin',(-2.80966687508453,6.76917399394121,0.499999999999999));
#6032=CARTESIAN_POINT('',(-2.80966687508453,6.76917399394121,0.499999999999999));
#6033=CARTESIAN_POINT('Origin',(-2.80966687508453,6.76917399394121,0.499999999999999));
#6034=CARTESIAN_POINT('Origin',(-2.80966687508453,7.06917399394121,0.499999999999999));
#6035=CARTESIAN_POINT('',(-2.80966687508453,7.06917399394121,0.499999999999999));
#6036=CARTESIAN_POINT('Origin',(-2.80966687508453,8.08417399394109,0.499999999999999));
#6037=CARTESIAN_POINT('Origin',(-7.73745750685661,8.08417399394109,0.499999999999999));
#6038=CARTESIAN_POINT('',(-7.73745750685661,7.06917399394121,0.499999999999999));
#6039=CARTESIAN_POINT('Origin',(-5.64437211532535,7.06917399394121,0.499999999999999));
#6040=CARTESIAN_POINT('',(-5.64437211532535,7.06917399394121,0.499999999999999));
#6041=CARTESIAN_POINT('Origin',(-5.27356219097056,6.91917399394121,0.499999999999999));
#6042=CARTESIAN_POINT('',(-5.64437211532535,6.76917399394121,0.499999999999999));
#6043=CARTESIAN_POINT('Origin',(-5.64437211532535,6.76917399394121,0.499999999999999));
#6044=CARTESIAN_POINT('',(-7.73745750685661,6.76917399394121,0.499999999999999));
#6045=CARTESIAN_POINT('Origin',(-7.73745750685661,6.76917399394121,0.499999999999999));
#6046=CARTESIAN_POINT('',(-7.73745750685661,4.32917399394121,0.499999999999999));
#6047=CARTESIAN_POINT('Origin',(-6.68029687636484,4.32917399394121,0.499999999999999));
#6048=CARTESIAN_POINT('',(-6.68029687636484,4.32917399394121,0.499999999999999));
#6049=CARTESIAN_POINT('Origin',(-6.68029687636484,4.32917399394121,0.499999999999999));
#6050=CARTESIAN_POINT('',(-6.68029687636484,2.32917399394121,0.499999999999999));
#6051=CARTESIAN_POINT('Origin',(-6.88029687636484,2.32917399394121,0.499999999999999));
#6052=CARTESIAN_POINT('',(-7.73745750685661,2.32917399394121,0.499999999999999));
#6053=CARTESIAN_POINT('Origin',(-7.73745750685661,2.32917399394121,0.499999999999999));
#6054=CARTESIAN_POINT('',(-7.73745750685661,0.469805515814303,0.499999999999999));
#6055=CARTESIAN_POINT('Origin',(-8.03745750685661,0.469805515814303,0.499999999999999));
#6056=CARTESIAN_POINT('Origin',(-6.26236760501155,8.23417399394109,0.499999999999999));
#6057=CARTESIAN_POINT('Origin',(-6.26236760501155,9.61917399394107,0.499999999999999));
#6058=CARTESIAN_POINT('Origin',(-4.63966687508453,8.23105391200898,0.499999999999999));
#6059=CARTESIAN_POINT('Origin',(-4.27696614515748,9.61917399394107,0.499999999999999));
#6060=CARTESIAN_POINT('Origin',(-3.70903687380419,4.12917399394121,0.499999999999999));
#6061=CARTESIAN_POINT('',(-3.70903687380419,4.12917399394121,0.499999999999999));
#6062=CARTESIAN_POINT('',(-2.80966687508453,4.12917399394121,0.499999999999999));
#6063=CARTESIAN_POINT('Origin',(-2.80966687508453,4.12917399394121,0.499999999999999));
#6064=CARTESIAN_POINT('',(-2.80966687508453,2.52917399394121,0.499999999999999));
#6065=CARTESIAN_POINT('Origin',(-3.70903687380419,2.52917399394121,0.499999999999999));
#6066=CARTESIAN_POINT('',(-3.70903687380419,2.52917399394121,0.499999999999999));
#6067=CARTESIAN_POINT('Origin',(-3.70903687380419,4.12917399394121,0.499999999999999));
#6068=CARTESIAN_POINT('Origin',(-6.88029687636484,4.12917399394121,0.499999999999999));
#6069=CARTESIAN_POINT('',(-7.73745750685661,4.12917399394121,0.499999999999999));
#6070=CARTESIAN_POINT('',(-6.88029687636484,4.12917399394121,0.499999999999999));
#6071=CARTESIAN_POINT('Origin',(-6.88029687636484,4.12917399394121,0.499999999999999));
#6072=CARTESIAN_POINT('',(-6.88029687636484,2.52917399394121,0.499999999999999));
#6073=CARTESIAN_POINT('Origin',(-6.88029687636484,2.52917399394121,0.499999999999999));
#6074=CARTESIAN_POINT('',(-7.73745750685661,2.52917399394121,0.499999999999999));
#6075=CARTESIAN_POINT('Origin',(-7.73745750685661,4.12917399394121,0.499999999999999));
#6076=CARTESIAN_POINT('Origin',(-4.02966687508447,-4.68861632754886,0.499999999999999));
#6077=CARTESIAN_POINT('',(-4.02966687508447,-4.68861632754886,0.499999999999999));
#6078=CARTESIAN_POINT('',(-4.02966687508447,-4.68861632754886,0.499999999999999));
#6079=CARTESIAN_POINT('',(-4.02966687508447,-4.68861632754886,0.699999999999999));
#6080=CARTESIAN_POINT('',(-4.02966687508447,-4.68861632754886,0.499999999999999));
#6081=CARTESIAN_POINT('Origin',(-4.02966687508447,-4.58861632754886,0.699999999999999));
#6082=CARTESIAN_POINT('Origin',(-6.51745750685666,-4.68861632754886,0.499999999999999));
#6083=CARTESIAN_POINT('',(-6.51745750685666,-4.68861632754886,0.699999999999999));
#6084=CARTESIAN_POINT('Origin',(-6.51745750685666,-4.58861632754886,0.699999999999999));
#6085=CARTESIAN_POINT('',(-6.51745750685666,-4.68861632754886,0.499999999999999));
#6086=CARTESIAN_POINT('',(-6.51745750685666,-4.68861632754886,0.499999999999999));
#6087=CARTESIAN_POINT('',(-6.51745750685666,-4.68861632754886,0.499999999999999));
#6088=CARTESIAN_POINT('Origin',(-4.02966687508447,-4.68861632754886,0.499999999999999));
#6089=CARTESIAN_POINT('',(-4.02966687508447,-4.68861632754886,0.699999999999999));
#6090=CARTESIAN_POINT('',(-4.02966687508447,-4.68861632754886,0.499999999999999));
#6091=CARTESIAN_POINT('Origin',(0.,0.,0.499999999999999));
#6092=CARTESIAN_POINT('Origin',(-4.02966687508447,-4.58861632754886,0.699999999999999));
#6093=UNCERTAINTY_MEASURE_WITH_UNIT(LENGTH_MEASURE(0.001),#6097,
'DISTANCE_ACCURACY_VALUE',
'Maximum model space distance between geometric entities at asserted c
onnectivities');
#6094=UNCERTAINTY_MEASURE_WITH_UNIT(LENGTH_MEASURE(0.001),#6097,
'DISTANCE_ACCURACY_VALUE',
'Maximum model space distance between geometric entities at asserted c
onnectivities');
#6095=(
GEOMETRIC_REPRESENTATION_CONTEXT(3)
GLOBAL_UNCERTAINTY_ASSIGNED_CONTEXT((#6093))
GLOBAL_UNIT_ASSIGNED_CONTEXT((#6097,#6099,#6100))
REPRESENTATION_CONTEXT('','3D')
);
#6096=(
GEOMETRIC_REPRESENTATION_CONTEXT(3)
GLOBAL_UNCERTAINTY_ASSIGNED_CONTEXT((#6094))
GLOBAL_UNIT_ASSIGNED_CONTEXT((#6097,#6099,#6100))
REPRESENTATION_CONTEXT('','3D')
);
#6097=(
LENGTH_UNIT()
NAMED_UNIT(*)
SI_UNIT(.CENTI.,.METRE.)
);
#6098=(
LENGTH_UNIT()
NAMED_UNIT(*)
SI_UNIT($,.METRE.)
);
#6099=(
NAMED_UNIT(*)
PLANE_ANGLE_UNIT()
SI_UNIT($,.RADIAN.)
);
#6100=(
NAMED_UNIT(*)
SI_UNIT($,.STERADIAN.)
SOLID_ANGLE_UNIT()
);
#6101=SHAPE_DEFINITION_REPRESENTATION(#6102,#6103);
#6102=PRODUCT_DEFINITION_SHAPE('',$,#6105);
#6103=SHAPE_REPRESENTATION('',(#3761),#6095);
#6104=PRODUCT_DEFINITION_CONTEXT('part definition',#6109,'design');
#6105=PRODUCT_DEFINITION('2026-07-06-01-07-58-804','Improved frame',#6106,
#6104);
#6106=PRODUCT_DEFINITION_FORMATION('',$,#6111);
#6107=PRODUCT_RELATED_PRODUCT_CATEGORY('Improved frame',
'Improved frame',(#6111));
#6108=APPLICATION_PROTOCOL_DEFINITION('international standard',
'automotive_design',2009,#6109);
#6109=APPLICATION_CONTEXT(
'Core Data for Automotive Mechanical Design Process');
#6110=PRODUCT_CONTEXT('part definition',#6109,'mechanical');
#6111=PRODUCT('2026-07-06-01-07-58-804','Improved frame',$,(#6110));
#6112=PRESENTATION_STYLE_ASSIGNMENT((#6114));
#6113=PRESENTATION_STYLE_ASSIGNMENT((#6115));
#6114=SURFACE_STYLE_USAGE(.BOTH.,#6116);
#6115=SURFACE_STYLE_USAGE(.BOTH.,#6117);
#6116=SURFACE_SIDE_STYLE('',(#6118));
#6117=SURFACE_SIDE_STYLE('',(#6119));
#6118=SURFACE_STYLE_FILL_AREA(#6120);
#6119=SURFACE_STYLE_FILL_AREA(#6121);
#6120=FILL_AREA_STYLE('Steel - Satin',(#6122));
#6121=FILL_AREA_STYLE('Opaque(202,209,238)',(#6123));
#6122=FILL_AREA_STYLE_COLOUR('Steel - Satin',#6124);
#6123=FILL_AREA_STYLE_COLOUR('Opaque(202,209,238)',#6125);
#6124=COLOUR_RGB('Steel - Satin',0.627450980392157,0.627450980392157,0.627450980392157);
#6125=COLOUR_RGB('Opaque(202,209,238)',0.792156862745098,0.819607843137255,
0.933333333333333);
ENDSEC;
END-ISO-10303-21;
